Destination Port,Flow Duration,Total Fwd Packets,Total Backward Packets,Total Length of Fwd Packets,Total Length of Bwd Packets,Fwd Packet Length Mean,Bwd Packet Length Mean,Flow Bytes/s,Flow Packets/s,Flow IAT Mean,SYN Flag Count,PSH Flag Count,ACK Flag Count,Init_Win_bytes_forward,Down/Up Ratio,Label
123,27786.0,1.0,61.0,10.0,8062.0,10.27,132.16,290501.37,2231.34,455.51,0,0,1,29200,61.0,BENIGN
80,53174.0,4.0,4.0,56.0,26242.0,13.91,6560.4,494550.8,150.45,7596.29,1,0,1,256,1.0,DDoS
80,83176.0,6.0,10.0,202.0,1320.0,33.69,131.98,18297.54,192.36,5545.07,0,0,0,256,2.0,BENIGN
80,1014640.0,15.0,6.0,1752.0,1696.0,116.83,282.64,3398.54,20.7,50732.0,0,0,1,29200,0.0,Web Attack - Brute Force
80,108271.0,11.0,5.0,1557.0,15317.0,141.57,3063.36,155850.61,147.78,7218.07,0,0,0,29200,0.0,DoS Hulk
8080,2467.0,1.0,3.0,82.0,1069.0,81.87,356.3,466464.13,1621.4,822.33,0,0,1,-1,3.0,BENIGN
443,4303159.0,9.0,7.0,1753.0,4524.0,194.74,646.3,1458.65,3.72,286877.27,0,1,1,-1,1.0,BENIGN
80,2173.0,4.0,10.0,132.0,2346.0,33.0,234.57,1140220.52,6442.71,167.15,0,0,1,65535,2.0,BENIGN
123,299035.0,2.0,74.0,112.0,20040.0,55.84,270.82,67390.64,254.15,3987.13,0,1,0,29200,37.0,BENIGN
123,154539.0,26.0,1.0,8618.0,24.0,331.45,24.43,55921.59,174.71,5943.81,0,0,1,256,0.0,BENIGN
80,3834880.0,5.0,4.0,44.0,9473.0,8.7,2368.27,2481.58,2.35,479360.0,0,0,1,8192,1.0,DDoS
8080,11104.0,3.0,4.0,181.0,539.0,60.35,134.69,64823.26,630.4,1850.67,0,0,1,65535,1.0,Bot
123,195383.0,22.0,4.0,3352.0,730.0,152.35,182.42,20888.81,133.07,7815.32,0,0,1,256,0.0,BENIGN
123,355025.0,32.0,5.0,8048.0,64.0,251.5,12.79,22849.13,104.22,9861.81,0,0,1,65535,0.0,BENIGN
80,481532.0,7.0,5.0,483.0,624.0,69.03,124.88,2300.12,24.92,43775.64,0,1,0,256,1.0,Bot
80,324491.0,3.0,4.0,24.0,18734.0,7.98,4683.6,57808.46,21.57,54081.83,0,0,1,8192,1.0,DDoS
443,1918.0,3.0,2.0,181.0,647.0,60.42,323.72,432061.16,2606.88,479.5,0,0,1,29200,1.0,BENIGN
53,21640.0,4.0,1.0,943.0,428.0,235.69,427.95,63341.71,231.05,5410.0,0,0,0,65535,0.0,BENIGN
443,2434.0,11.0,4.0,605.0,106.0,54.99,26.51,292090.97,6162.7,173.86,0,1,0,29200,0.0,BENIGN
80,37174.0,7.0,40.0,3772.0,3475.0,538.88,86.89,194966.1,1264.32,808.13,0,0,0,-1,6.0,BENIGN
123,721239.0,10.0,10.0,540.0,601.0,53.95,60.07,1580.85,27.73,37959.95,0,0,0,-1,1.0,BENIGN
53,33910.0,3.0,2.0,53.0,67.0,17.77,33.34,3538.66,147.45,8477.5,0,1,0,-1,1.0,BENIGN
933,97.0,1.0,1.0,2.0,8.0,2.08,7.5,98853.17,20618.56,97.0,1,0,0,1024,1.0,PortScan
80,179.0,13.0,5.0,127.0,74.0,9.78,14.85,1125190.14,100558.66,10.53,0,0,0,8192,0.0,BENIGN
8080,198909.0,7.0,11.0,55.0,728.0,7.81,66.18,3934.59,90.49,11700.53,0,0,0,-1,2.0,BENIGN
8080,53008.0,4.0,4.0,72.0,538.0,18.12,134.39,11508.56,150.92,7572.57,0,1,1,29200,1.0,BENIGN
443,81040.0,9.0,7.0,3294.0,1122.0,366.0,160.24,54488.08,197.43,5402.67,0,0,0,65535,1.0,Bot
80,1808427.0,2.0,5.0,12.0,17858.0,6.07,3571.58,9881.55,3.87,301404.5,0,0,1,256,2.0,DDoS
8080,20678660.0,2.0,5.0,73.0,2964.0,36.34,592.73,146.83,0.34,3446443.33,0,0,0,29200,2.0,BENIGN
80,12441.0,9.0,6.0,48.0,250.0,5.29,41.68,23925.98,1205.69,888.64,0,0,0,-1,1.0,BENIGN
8080,27853.0,2.0,57.0,688.0,15823.0,343.76,277.6,592778.46,2118.26,480.22,0,1,0,8192,28.0,BENIGN
80,370195.0,3.0,1.0,11.0,37.0,3.59,37.44,130.18,10.81,123398.33,0,0,0,8192,0.0,BENIGN
443,192726.0,4.0,4.0,100.0,406.0,24.91,101.53,2624.33,41.51,27532.29,0,1,0,8192,1.0,Bot
443,10333.0,2.0,9.0,848.0,5025.0,424.24,558.35,568432.18,1064.55,1033.3,0,1,1,8192,4.0,BENIGN
22,16440.0,121.0,2.0,1295.0,407.0,10.7,203.74,103539.66,7481.75,134.75,0,1,0,-1,0.0,BENIGN
22,88665.0,19.0,5.0,6424.0,564.0,338.11,112.75,78810.77,270.68,3855.0,0,0,1,256,0.0,BENIGN
22,53291.0,7.0,30.0,368.0,72281.0,52.52,2409.38,1363251.64,694.3,1480.31,0,0,1,8192,4.0,BENIGN
443,3071594.0,6.0,27.0,815.0,2673.0,135.81,99.02,1135.66,10.74,95987.31,0,1,0,29200,4.0,BENIGN
53,722048.0,10.0,3.0,615.0,115.0,61.47,38.41,1010.89,18.0,60170.67,0,1,0,8192,0.0,BENIGN
443,766998.0,1.0,1.0,45.0,84.0,44.98,83.55,167.58,2.61,766998.0,0,0,0,256,1.0,Bot
443,1512412.0,1.0,2.0,208.0,27.0,208.46,13.36,155.49,1.98,756206.0,0,0,0,256,2.0,BENIGN
123,319719.0,3.0,5.0,130.0,542.0,43.42,108.39,2102.48,25.02,45674.14,0,0,1,256,2.0,BENIGN
80,107313.0,2.0,5.0,286.0,10420.0,143.17,2083.97,99765.85,65.23,17885.5,0,1,0,29200,2.0,DoS Hulk
22,5219.0,31.0,61.0,2577.0,19111.0,83.14,313.29,4155568.93,17627.9,57.35,0,0,0,29200,2.0,BENIGN
80,18300.0,4.0,4.0,2316.0,2113.0,579.02,528.26,242028.46,437.16,2614.29,0,0,0,29200,1.0,DoS Hulk
752,52.0,1.0,1.0,1.0,4.0,1.48,4.35,112003.78,38461.54,52.0,1,0,0,29200,1.0,PortScan
443,8795.0,6.0,2.0,354.0,707.0,59.03,353.66,120693.51,909.61,1256.43,0,0,0,29200,0.0,BENIGN
80,122341.0,60.0,3.0,17462.0,3120.0,291.03,1040.09,168236.46,514.95,1973.24,0,1,0,65535,0.0,BENIGN
443,798.0,10.0,3.0,397.0,1526.0,39.71,508.7,2410023.73,16290.73,66.5,0,1,1,65535,0.0,BENIGN
80,108159.0,8.0,3.0,3875.0,6328.0,484.4,2109.19,94331.19,101.7,10815.9,0,0,0,251,0.0,DoS Hulk
53,2373880.0,1.0,27.0,107.0,3652.0,106.84,135.25,1583.31,11.8,87921.48,0,1,1,29200,27.0,BENIGN
80,1983373.0,7.0,5.0,613.0,3263.0,87.63,652.61,1954.5,6.05,180306.64,0,0,0,29200,1.0,Web Attack - Brute Force
443,474478.0,8.0,11.0,208.0,1435.0,26.05,130.47,3464.12,40.04,26359.89,0,0,1,8192,1.0,BENIGN
443,1269739.0,6.0,11.0,128.0,605.0,21.27,54.96,576.64,13.39,79358.69,0,0,1,65535,2.0,BENIGN
443,11704.0,5.0,0.0,203.0,0.0,40.65,0.0,17364.23,427.2,2926.0,0,0,0,65535,0.0,BENIGN
123,55829.0,7.0,5.0,322.0,6128.0,45.97,1225.66,115532.5,214.94,5075.36,0,1,0,29200,1.0,BENIGN
8080,201331.0,19.0,59.0,1670.0,489.0,87.92,8.29,10726.47,387.42,2614.69,1,1,0,8192,3.0,BENIGN
22,15781195.0,8.0,3.0,97.0,177.0,12.17,59.08,17.4,0.7,1578119.5,1,0,0,8192,0.0,BENIGN
80,519774.0,10.0,11.0,72.0,50943.0,7.2,4631.21,98149.08,40.4,25988.7,0,0,1,256,1.0,DDoS
80,751264.0,10.0,13.0,483.0,5208.0,48.26,400.58,7574.15,30.62,34148.36,0,1,0,29200,1.0,Web Attack - Brute Force
80,14211405.0,6.0,3.0,47.0,12434.0,7.88,4144.65,878.25,0.63,1776425.62,0,0,1,256,0.0,DDoS
443,72351.0,8.0,0.0,511.0,0.0,63.86,0.0,7061.59,110.57,10335.86,0,1,0,256,0.0,BENIGN
443,1419424.0,5.0,5.0,34.0,300.0,6.85,60.03,235.58,7.05,157713.78,0,1,0,29200,1.0,BENIGN
80,92243.0,4.0,7.0,53.0,25475.0,13.14,3639.22,276737.67,119.25,9224.3,0,0,1,256,2.0,DDoS
123,1210752.0,2.0,4.0,224.0,1206.0,111.97,301.45,1180.87,4.96,242150.4,0,1,1,256,2.0,BENIGN
22,1644368.0,3.0,11.0,480.0,1458.0,160.16,132.56,1178.93,8.51,126489.85,0,0,0,65535,4.0,BENIGN
964,101.0,1.0,1.0,3.0,15.0,3.32,14.66,178023.81,19801.98,101.0,1,0,0,1024,1.0,PortScan
22,231614.0,2.0,1.0,1671.0,150.0,835.33,150.23,7861.75,12.95,115807.0,0,0,1,-1,0.0,BENIGN
80,7977.0,44.0,2.0,2825.0,190.0,64.2,94.82,377895.15,5766.58,177.27,1,0,0,29200,0.0,BENIGN
80,192678.0,6.0,14.0,631.0,534.0,105.15,38.11,6043.69,103.8,10140.95,1,1,1,256,2.0,BENIGN
22,76384.0,18.0,1.0,1121.0,53.0,62.29,53.04,15372.27,248.74,4243.56,0,0,0,-1,0.0,BENIGN
80,51813260.0,3.0,2.0,14.0,5052.0,4.6,2526.17,97.78,0.1,12953315.0,0,0,1,8192,1.0,DDoS
80,5018580.0,2.0,9.0,28.0,29971.0,14.19,3330.17,5977.76,2.19,501858.0,0,0,0,256,4.0,DDoS
80,57411.0,8.0,8.0,1198.0,3206.0,149.72,400.72,76702.18,278.69,3827.4,0,1,0,8192,1.0,BENIGN
8080,846.0,23.0,3.0,1252.0,55.0,54.44,18.45,1545468.81,30732.86,33.84,1,0,1,8192,0.0,BENIGN
80,34156.0,3.0,5.0,1961.0,25042.0,653.75,5008.39,790584.04,234.22,4879.43,0,1,0,29200,2.0,DoS Hulk
260,120.0,1.0,1.0,1.0,8.0,1.38,7.85,76962.19,16666.67,120.0,1,0,0,29200,1.0,PortScan
123,41770.0,8.0,4.0,218.0,260.0,27.22,64.94,11432.93,287.29,3797.27,0,0,1,-1,0.0,BENIGN
123,188804.0,2.0,4.0,155.0,197.0,77.52,49.32,1866.03,31.78,37760.8,0,0,0,-1,2.0,BENIGN
80,236927.0,10.0,4.0,207.0,14984.0,20.7,3746.03,64117.43,59.09,18225.15,0,0,0,8192,0.0,BENIGN
80,33756.0,9.0,4.0,3465.0,21891.0,384.95,5472.86,751155.88,385.12,2813.0,0,0,0,251,0.0,DoS Hulk
443,151.0,2.0,5.0,421.0,6910.0,210.49,1382.09,48552631.36,46357.62,25.17,0,0,0,8192,2.0,BENIGN
443,1934.0,3.0,3.0,688.0,344.0,229.27,114.6,533401.94,3102.38,386.8,0,1,1,8192,1.0,BENIGN
443,2669.0,26.0,5.0,4466.0,2603.0,171.78,520.58,2648582.87,11614.84,88.97,0,1,0,8192,0.0,BENIGN
80,362381.0,5.0,8.0,107.0,17188.0,21.36,2148.49,47725.3,35.87,30198.42,0,0,1,8192,2.0,DDoS
8080,778086.0,1.0,2.0,476.0,88.0,475.87,44.1,724.95,3.86,389043.0,0,0,0,256,2.0,BENIGN
638,16.0,1.0,1.0,1.0,13.0,1.28,12.61,868010.33,125000.0,16.0,0,0,0,29200,1.0,PortScan
80,18858.0,32.0,1.0,1080.0,85.0,33.74,85.09,61768.42,1749.92,589.31,0,1,0,8192,0.0,BENIGN
22,728822.0,7.0,41.0,123.0,3114.0,17.64,75.95,4442.04,65.86,15506.85,0,1,1,256,6.0,BENIGN
8080,16579.0,6.0,2.0,407.0,201.0,67.85,100.43,36671.27,482.54,2368.43,0,0,1,-1,0.0,BENIGN
123,94210.0,3.0,6.0,146.0,8282.0,48.53,1380.39,89459.25,95.53,11776.25,0,1,0,-1,2.0,BENIGN
53,3042955.0,1.0,5.0,59.0,545.0,58.91,109.06,198.56,1.97,608591.0,0,1,0,29200,5.0,BENIGN
80,117528.0,3.0,6.0,56.0,7684.0,18.52,1280.65,65851.98,76.58,14691.0,0,0,1,256,2.0,DDoS
22,36052.0,7.0,1.0,205.0,28.0,29.28,27.64,6452.14,221.9,5150.29,0,1,0,29200,0.0,BENIGN
8080,106847.0,13.0,7.0,1238.0,1027.0,95.2,146.7,21194.15,187.18,5623.53,0,0,1,29200,1.0,BENIGN
8080,1018866.0,4.0,4.0,412.0,565.0,102.97,141.14,958.34,7.85,145552.29,0,0,1,-1,1.0,BENIGN
443,8944.0,3.0,28.0,628.0,521.0,209.36,18.61,128477.45,3466.01,298.13,0,0,1,29200,9.0,BENIGN
818,30.0,2.0,1.0,4.0,8.0,2.04,8.31,413039.86,100000.0,15.0,0,0,0,29200,0.0,PortScan
443,13984.0,7.0,23.0,847.0,2602.0,120.96,113.12,246600.15,2145.31,482.21,0,0,0,-1,3.0,BENIGN
53,16637.0,16.0,0.0,433.0,0.0,27.06,0.0,26025.82,961.71,1109.13,0,0,1,29200,0.0,BENIGN
80,336.0,30.0,10.0,521.0,21749.0,17.36,2174.93,66280279.76,119047.62,8.62,0,0,1,8192,0.0,BENIGN
22,13818.0,18.0,4.0,293.0,312.0,16.3,78.12,43842.72,1592.13,658.0,0,0,1,256,0.0,BENIGN
443,608868.0,5.0,3.0,737.0,32.0,147.49,10.66,1263.71,13.14,86981.14,0,0,1,256,1.0,BENIGN
123,614726.0,25.0,4.0,1545.0,134.0,61.82,33.41,2731.37,47.18,21954.5,0,0,0,65535,0.0,BENIGN
80,145365.0,9.0,2.0,2405.0,11751.0,267.24,5875.57,97384.74,75.67,14536.5,0,0,0,29200,0.0,DoS Hulk
22,29372.0,17.0,2.0,5389.0,517.0,316.99,258.43,201067.92,646.87,1631.78,0,0,1,29200,0.0,BENIGN
22,7829.0,2.0,17.0,92.0,1703.0,45.93,100.16,229211.97,2426.87,434.94,0,0,1,29200,8.0,BENIGN
123,174886.0,2.0,6.0,97.0,149.0,48.74,24.86,1410.22,45.74,24983.71,0,0,0,8192,3.0,BENIGN
80,36937.0,5.0,5.0,1013.0,5908.0,202.6,1181.64,187378.94,270.73,4104.11,0,1,0,251,1.0,DoS Hulk
80,271791.0,4.0,5.0,82.0,12627.0,20.56,2525.49,46762.62,33.11,33973.88,0,0,1,256,1.0,DDoS
80,7550764.0,5.0,4.0,10.0,6942.0,2.08,1735.45,920.73,1.19,943845.5,0,1,0,256,1.0,DDoS
443,706.0,10.0,7.0,98.0,400.0,9.76,57.09,704363.25,24079.32,44.12,0,0,1,-1,1.0,BENIGN
623,24.0,1.0,2.0,4.0,9.0,3.63,4.4,518183.17,125000.0,12.0,0,0,0,1024,2.0,PortScan
53,67265.0,13.0,6.0,1078.0,767.0,82.93,127.85,27430.69,282.46,3736.94,0,0,0,29200,0.0,BENIGN
8080,4028745.0,6.0,14.0,186.0,19728.0,30.98,1409.12,4942.87,4.96,212039.21,0,0,0,8192,2.0,BENIGN
159,145.0,1.0,1.0,2.0,13.0,1.59,12.58,97686.77,13793.1,145.0,0,0,0,1024,1.0,PortScan
53,1004547.0,6.0,5.0,46.0,230.0,7.6,46.05,274.62,10.95,100454.7,0,0,0,8192,1.0,BENIGN
22,48430.0,3.0,2.0,426.0,89.0,142.0,44.39,10629.69,103.24,12107.5,0,1,1,256,1.0,BENIGN
22,425964.0,1.0,9.0,124.0,2435.0,124.36,270.5,6007.28,23.48,47329.33,0,1,0,65535,9.0,BENIGN
80,1192694.0,5.0,5.0,37.0,20274.0,7.4,4054.71,17029.13,8.38,132521.56,0,0,1,8192,1.0,DDoS
22,14151.0,1.0,25.0,45.0,16802.0,44.86,672.08,1190507.17,1837.33,566.04,0,0,0,256,25.0,BENIGN
8080,77060.0,17.0,2.0,1562.0,896.0,91.87,448.22,31901.09,246.56,4281.11,0,0,0,29200,0.0,BENIGN
22,9686.0,14.0,8.0,1444.0,7414.0,103.17,926.7,914519.09,2271.32,461.24,0,1,1,29200,1.0,BENIGN
80,427306.0,5.0,3.0,1299.0,6913.0,259.87,2304.28,19218.57,18.72,61043.71,0,0,0,29200,1.0,DoS Hulk
255,48.0,2.0,1.0,1.0,16.0,0.53,16.03,356212.89,62500.0,24.0,1,0,0,29200,0.0,PortScan
80,189197.0,28.0,5.0,561.0,499.0,20.05,99.73,5603.05,174.42,5912.41,0,0,0,256,0.0,BENIGN
22,320639.0,11.0,11.0,669.0,692.0,60.81,62.89,4243.79,68.61,15268.52,0,0,0,8192,1.0,BENIGN
8080,35325.0,4.0,3.0,1062.0,567.0,265.6,189.0,46125.83,198.16,5887.5,0,0,1,65535,1.0,Bot
8080,24900.0,6.0,2.0,305.0,107.0,50.9,53.56,16566.65,321.29,3557.14,0,1,0,-1,0.0,BENIGN
8080,1357.0,17.0,8.0,2875.0,1626.0,169.1,203.21,3316373.9,18422.99,56.54,0,1,0,-1,0.0,BENIGN
80,888691.0,7.0,15.0,2982.0,23319.0,425.99,1554.6,29595.18,24.76,42318.62,0,0,0,251,2.0,DoS Hulk
80,2743815.0,18.0,9.0,489.0,1250.0,27.19,138.84,633.8,9.84,105531.35,0,1,0,29200,0.0,Web Attack - Brute Force
22,62112.0,4.0,14.0,397.0,293.0,99.18,20.95,11110.22,289.8,3653.65,0,0,0,256,4.0,BENIGN
22,925.0,13.0,6.0,1078.0,473.0,82.94,78.83,1676937.82,20540.54,51.39,0,1,0,65535,0.0,BENIGN
8080,171.0,7.0,2.0,285.0,27.0,40.77,13.63,1828286.68,52631.58,21.38,0,0,0,256,0.0,BENIGN
123,1019144.0,9.0,12.0,273.0,1705.0,30.32,142.1,1940.91,20.61,50957.2,0,0,0,8192,1.0,BENIGN
80,192505.0,5.0,8.0,1866.0,15165.0,373.21,1895.64,88471.14,67.53,16042.08,0,0,1,29200,2.0,DoS Hulk
80,176480.0,4.0,8.0,2353.0,23296.0,588.17,2912.06,145337.63,68.0,16043.64,1,0,0,29200,2.0,DoS Hulk
443,708.0,4.0,7.0,242.0,1829.0,60.41,261.25,2924306.01,15536.72,70.8,0,1,1,-1,2.0,BENIGN
443,131209.0,21.0,4.0,15720.0,912.0,748.58,227.92,126757.92,190.54,5467.04,0,0,0,-1,0.0,BENIGN
53,283227.0,6.0,37.0,50.0,93490.0,8.41,2526.75,330265.52,151.82,6743.5,0,0,1,256,6.0,BENIGN
123,386060.0,15.0,11.0,556.0,632.0,37.05,57.45,3076.47,67.35,15442.4,0,1,1,29200,1.0,BENIGN
123,77271.0,1.0,2.0,35.0,102.0,34.62,50.92,1766.09,38.82,38635.5,0,1,1,-1,2.0,BENIGN
123,10137099.0,6.0,4.0,103.0,205.0,17.23,51.14,30.37,0.99,1126344.33,0,0,0,8192,1.0,BENIGN
443,465711.0,4.0,16.0,180.0,550.0,45.12,34.35,1567.64,42.95,24511.11,0,1,0,65535,4.0,BENIGN
22,902765.0,5.0,8.0,228.0,7804.0,45.68,975.47,8897.33,14.4,75230.42,0,0,1,8192,2.0,BENIGN
80,1302359.0,9.0,43.0,227.0,1826.0,25.18,42.46,1575.73,39.93,25536.45,0,0,0,29200,5.0,BENIGN
443,292078.0,8.0,8.0,840.0,115.0,105.01,14.39,3270.21,54.78,19471.87,0,1,0,65535,1.0,BENIGN
443,203508.0,20.0,3.0,227.0,560.0,11.37,186.58,3867.46,113.02,9250.36,0,0,1,8192,0.0,BENIGN
80,42067.0,5.0,2.0,84.0,5956.0,16.89,2978.06,143593.92,166.4,7011.17,0,0,1,256,0.0,DDoS
53,2112373.0,2.0,0.0,6.0,0.0,2.94,0.0,2.79,0.95,2112373.0,0,0,0,29200,0.0,BENIGN
80,257925.0,11.0,8.0,1389.0,1781.0,126.32,222.65,12293.03,73.66,14329.17,0,1,0,8192,1.0,BENIGN
443,9859.0,14.0,7.0,1619.0,569.0,115.67,81.33,221992.36,2130.03,492.95,0,0,0,65535,0.0,BENIGN
22,37228.0,1.0,11.0,45.0,2534.0,45.49,230.33,69277.75,322.34,3384.36,0,0,1,29200,11.0,BENIGN
80,151967.0,7.0,5.0,4082.0,7772.0,583.15,1554.41,78004.4,78.96,13815.18,0,1,0,251,1.0,DoS Hulk
80,235469.0,5.0,1.0,5873.0,5510.0,1174.64,5510.28,48343.9,25.48,47093.8,0,0,0,251,0.0,DoS Hulk
443,8903.0,7.0,3.0,1412.0,330.0,201.71,110.11,195700.83,1123.22,989.22,0,1,1,8192,0.0,BENIGN
80,71487.0,4.0,8.0,7.0,40851.0,1.73,5106.41,571547.67,167.86,6498.82,0,1,1,8192,2.0,DDoS
22,16469.0,9.0,2.0,1637.0,80.0,181.86,39.92,104232.76,667.92,1646.9,0,1,1,8192,0.0,BENIGN
53,944.0,8.0,112.0,469.0,5990.0,58.68,53.48,6842506.18,127118.64,7.93,0,0,0,256,14.0,BENIGN
80,451261.0,4.0,4.0,29.0,16925.0,7.33,4231.17,37570.28,17.73,64465.86,0,0,1,256,1.0,DDoS
8080,2306.0,4.0,5.0,186.0,1068.0,46.47,213.55,543640.43,3902.86,288.25,0,1,1,8192,1.0,Bot
443,1230783.0,3.0,13.0,63.0,149.0,21.01,11.46,172.28,13.0,82052.2,0,0,1,256,4.0,BENIGN
8080,17521.0,4.0,20.0,1317.0,1515.0,329.24,75.74,161624.7,1369.78,761.78,0,0,0,8192,5.0,BENIGN
8080,5447.0,13.0,5.0,594.0,7397.0,45.69,1479.45,1467074.66,3304.57,320.41,0,0,1,8192,0.0,BENIGN
420,38.0,1.0,1.0,1.0,3.0,1.31,3.34,122392.31,52631.58,38.0,1,0,0,0,1.0,PortScan
80,549573.0,9.0,9.0,130.0,6225.0,14.48,691.68,11564.34,32.75,32327.82,0,0,1,8192,1.0,BENIGN
123,78342.0,6.0,21.0,441.0,2748.0,73.56,130.86,40712.21,344.64,3013.15,0,1,0,8192,4.0,BENIGN
22,29189.0,8.0,3.0,1772.0,1099.0,221.51,366.39,98367.33,376.85,2918.9,0,0,0,-1,0.0,BENIGN
22,24266.0,3.0,8.0,181.0,932.0,60.4,116.56,45893.95,453.31,2426.6,0,0,0,8192,3.0,BENIGN
22,22327.0,3.0,1.0,305.0,283.0,101.53,282.55,26297.28,179.16,7442.33,0,0,1,29200,0.0,BENIGN
80,620864.0,11.0,19.0,2137.0,1000.0,194.28,52.66,5053.57,48.32,21409.1,0,1,0,65535,2.0,BENIGN
424,44.0,1.0,1.0,1.0,12.0,1.39,11.56,294132.18,45454.55,44.0,1,0,0,29200,1.0,PortScan
80,7455.0,2.0,2.0,173.0,115.0,86.58,57.43,38633.24,536.55,2485.0,0,0,0,256,1.0,BENIGN
80,191034.0,2.0,6.0,513.0,16671.0,256.41,2778.45,89950.06,41.88,27290.57,0,1,0,251,3.0,DoS Hulk
443,3405.0,3.0,9.0,480.0,1326.0,159.96,147.31,530309.76,3524.23,309.55,0,1,0,8192,3.0,BENIGN
8080,326.0,3.0,20.0,509.0,15060.0,169.51,752.98,47755078.41,70552.15,14.82,0,0,0,29200,7.0,BENIGN
22,710667.0,3.0,10.0,667.0,2555.0,222.21,255.53,4533.7,18.29,59222.25,0,0,0,29200,3.0,BENIGN
8080,7563.0,27.0,11.0,1136.0,5428.0,42.08,493.49,867965.75,5024.46,204.41,0,0,1,29200,0.0,BENIGN
80,25749.0,3.0,3.0,75.0,14057.0,25.07,4685.69,548847.03,233.02,5149.8,0,1,1,256,1.0,DDoS
22,231614.0,33.0,8.0,1673.0,597.0,50.71,74.62,9802.64,177.02,5790.35,0,0,0,8192,0.0,BENIGN
443,56573.0,1.0,1.0,72.0,130.0,72.47,129.9,3577.05,35.35,56573.0,0,0,0,256,1.0,BENIGN
423,64.0,1.0,1.0,2.0,3.0,1.61,3.39,78188.27,31250.0,64.0,1,0,0,1024,1.0,PortScan
80,470005.0,13.0,18.0,2326.0,2441.0,178.91,135.59,10141.33,65.96,15666.83,1,1,0,256,1.0,BENIGN
80,1310559.0,4.0,2.0,14.0,8007.0,3.4,4003.69,6120.27,4.58,262111.8,0,0,1,256,0.0,DDoS
80,981960.0,2.0,4.0,6.0,25513.0,3.05,6378.32,25988.22,6.11,196392.0,0,0,1,8192,2.0,DDoS
80,268680.0,3.0,5.0,44.0,8737.0,14.74,1747.5,32684.67,29.78,38382.86,0,0,0,256,2.0,DDoS
80,3131660.0,6.0,11.0,7465.0,5248.0,1244.11,477.05,4059.25,5.43,195728.75,1,1,0,-1,2.0,BENIGN
80,93292.0,2.0,6.0,52.0,1037.0,26.17,172.85,11677.42,85.75,13327.43,0,0,1,65535,3.0,BENIGN
80,87082.0,2.0,4.0,72.0,291.0,35.78,72.72,4161.94,68.9,17416.4,0,0,1,256,2.0,BENIGN
443,413061.0,16.0,1.0,2486.0,96.0,155.4,96.26,6252.68,41.16,25816.31,0,1,0,29200,0.0,BENIGN
80,263923.0,8.0,2.0,1382.0,2015.0,172.78,1007.27,12870.29,37.89,29324.78,0,1,0,251,0.0,DoS Hulk
80,702361.0,16.0,9.0,9364.0,1060.0,585.23,117.73,14840.34,35.59,29265.04,0,0,0,65535,1.0,Bot
80,46321.0,18.0,21.0,108.0,196.0,5.98,9.33,6556.78,841.95,1218.97,0,0,1,29200,1.0,BENIGN
53,547.0,17.0,1.0,402.0,925.0,23.62,925.5,2426049.97,32906.76,32.18,0,0,0,8192,0.0,BENIGN
80,149571.0,13.0,2.0,491.0,895.0,37.79,447.34,9265.76,100.29,10683.64,1,0,1,8192,0.0,BENIGN
910,11.0,1.0,2.0,1.0,20.0,1.33,9.77,1897953.62,272727.27,5.5,1,0,0,0,2.0,PortScan
53,7914.0,1.0,8.0,31.0,247.0,31.39,30.83,35136.26,1137.23,989.25,0,1,1,-1,8.0,BENIGN
443,741.0,45.0,10.0,8178.0,11748.0,181.73,1174.77,26890139.95,74224.02,13.72,0,0,0,8192,0.0,BENIGN
123,49055.0,3.0,29.0,325.0,1920.0,108.5,66.22,45780.9,652.33,1582.42,0,0,0,-1,10.0,BENIGN
22,6872.0,1.0,7.0,34.0,922.0,33.99,131.7,139103.96,1164.14,981.71,0,1,0,256,7.0,BENIGN
784,35.0,1.0,1.0,1.0,2.0,1.48,2.09,101965.48,57142.86,35.0,1,0,0,29200,1.0,PortScan
22,2550.0,1.0,28.0,26.0,10622.0,25.59,379.36,4175505.04,11372.55,91.07,1,1,1,-1,28.0,BENIGN
209,10.0,1.0,1.0,2.0,6.0,1.55,5.79,733976.45,200000.0,10.0,1,0,0,29200,1.0,PortScan
80,226036.0,9.0,5.0,2036.0,49168.0,226.25,9833.59,226531.12,61.94,17387.38,0,0,0,29200,1.0,DoS Hulk
123,28229.0,5.0,9.0,428.0,5912.0,85.61,656.84,224577.71,495.94,2171.46,0,0,1,29200,2.0,BENIGN
80,40688.0,2.0,1.0,360.0,12.0,179.98,11.51,9129.83,73.73,20344.0,1,1,0,256,0.0,BENIGN
80,659082.0,2.0,6.0,6.0,9184.0,3.01,1530.74,13944.32,12.14,94154.57,0,0,1,8192,3.0,DDoS
380,49.0,1.0,1.0,0.0,24.0,0.47,23.85,496282.13,40816.33,49.0,0,0,0,29200,1.0,PortScan
22,55432.0,8.0,94.0,402.0,6146.0,50.26,65.38,118126.77,1840.09,548.83,0,0,0,-1,12.0,BENIGN
22,78904.0,3.0,5.0,108.0,48.0,35.91,9.52,1968.18,101.39,11272.0,0,1,1,65535,2.0,BENIGN
80,3583660.0,11.0,2.0,490.0,639.0,44.54,319.7,315.12,3.63,298638.33,0,1,0,8192,0.0,Web Attack - Brute Force
8080,80579.0,10.0,8.0,821.0,267.0,82.09,33.37,13500.33,223.38,4739.94,1,0,1,65535,1.0,BENIGN
22,66608.0,1.0,14.0,89.0,992.0,89.41,70.88,16239.51,225.2,4757.71,0,1,0,8192,14.0,BENIGN
8080,23450.0,5.0,5.0,272.0,763.0,54.37,152.54,44117.69,426.44,2605.56,0,1,1,256,1.0,BENIGN
123,4306.0,6.0,5.0,203.0,706.0,33.9,141.12,211096.96,2554.58,430.6,1,0,0,256,1.0,BENIGN
80,85240.0,4.0,3.0,946.0,3354.0,236.43,1118.14,50447.14,82.12,14206.67,0,1,0,29200,1.0,DoS Hulk
22,1051.0,73.0,4.0,97675.0,1154.0,1338.01,288.4,94032944.45,73263.56,13.83,0,1,1,65535,0.0,BENIGN
80,109551.0,1.0,3.0,230.0,299.0,229.81,99.75,4829.31,36.51,36517.0,0,1,1,29200,3.0,BENIGN
80,1314.0,6.0,2.0,482.0,263.0,80.26,131.39,566462.74,6088.28,187.71,0,0,0,65535,0.0,Bot
22,4819.0,10.0,8.0,449.0,72.0,44.89,9.01,108113.71,3735.21,283.47,0,0,0,256,1.0,BENIGN
443,17716.0,3.0,5.0,444.0,412.0,147.95,82.34,48291.99,451.57,2530.86,0,0,0,256,2.0,BENIGN
443,66872.0,14.0,7.0,2947.0,12772.0,210.49,1824.61,235063.85,314.03,3343.6,0,0,1,-1,0.0,BENIGN
8080,23283.0,2.0,0.0,306.0,0.0,153.24,0.0,13163.35,85.9,23283.0,0,0,0,8192,0.0,BENIGN
8080,55092.0,3.0,186.0,81.0,4224.0,26.9,22.71,78134.56,3430.63,293.04,0,0,1,-1,62.0,BENIGN
8080,390573.0,3.0,60.0,1495.0,4870.0,498.3,81.17,16296.43,161.3,6299.56,0,0,0,256,20.0,BENIGN
761,52.0,1.0,1.0,1.0,3.0,0.74,3.45,80687.41,38461.54,52.0,0,0,0,29200,1.0,PortScan
80,2652257.0,5.0,10.0,64.0,923.0,12.74,92.34,372.16,5.66,189446.93,0,1,0,256,2.0,BENIGN
80,431915.0,13.0,10.0,551.0,5204.0,42.4,520.41,13325.07,53.25,19632.5,0,0,0,65535,1.0,BENIGN
123,78757.0,2.0,2.0,875.0,865.0,437.54,432.38,22091.21,50.79,26252.33,0,0,0,256,1.0,BENIGN
53,3266.0,9.0,13.0,829.0,3497.0,92.09,268.99,1324442.51,6736.07,155.52,0,0,1,-1,1.0,BENIGN
80,608092.0,6.0,5.0,85.0,18541.0,14.15,3708.12,30629.42,18.09,60809.2,0,0,0,256,1.0,DDoS
443,13936.0,4.0,4.0,805.0,718.0,201.32,179.49,109304.83,574.05,1990.86,0,1,1,-1,1.0,BENIGN
8080,50287.0,3.0,9.0,458.0,853.0,152.65,94.77,26067.91,238.63,4571.55,0,0,0,8192,3.0,BENIGN
8080,410.0,17.0,5.0,1318.0,1572.0,77.55,314.5,7050864.33,53658.54,19.52,0,1,1,8192,0.0,BENIGN
22,6225.0,14.0,1.0,1710.0,647.0,122.15,647.04,378656.38,2409.64,444.64,0,0,0,-1,0.0,BENIGN
53,17629.0,8.0,4.0,848.0,238.0,106.03,59.44,61602.27,680.7,1602.64,0,1,0,256,0.0,BENIGN
8080,6833.0,2.0,7.0,70.0,328.0,34.82,46.83,58167.54,1317.14,854.12,0,0,1,65535,4.0,BENIGN
22,28526.0,13.0,9.0,2443.0,1441.0,187.94,160.14,136173.86,771.23,1358.38,0,1,0,8192,1.0,BENIGN
80,4941.0,33.0,5.0,1120.0,327.0,33.94,65.48,292921.03,7690.75,133.54,0,0,0,65535,0.0,BENIGN
22,8256.0,7.0,6.0,381.0,369.0,54.42,61.47,90818.79,1574.61,688.0,0,0,1,29200,1.0,BENIGN
80,120275.0,2.0,4.0,538.0,10799.0,269.0,2699.77,94259.74,49.89,24055.0,0,1,0,251,2.0,DoS Hulk
22,4495312.0,6.0,71.0,216.0,38173.0,35.94,537.65,8539.76,17.13,59148.84,0,1,0,-1,12.0,BENIGN
80,419807.0,6.0,9.0,405.0,1469.0,67.47,163.27,4464.53,35.73,29986.21,0,1,1,29200,2.0,Web Attack - Brute Force
465,139.0,2.0,1.0,8.0,6.0,4.17,6.42,106137.61,21582.73,69.5,1,0,0,1024,0.0,PortScan
8080,28335.0,2.0,2.0,91.0,594.0,45.6,296.93,24177.38,141.17,9445.0,1,0,1,-1,1.0,BENIGN
80,21735.0,5.0,3.0,732.0,20407.0,146.47,6802.47,972612.92,368.07,3105.0,0,0,0,29200,1.0,DoS Hulk
8080,82925.0,10.0,2.0,384.0,745.0,38.38,372.63,13615.61,144.71,7538.64,0,0,1,8192,0.0,BENIGN
22,67181.0,7.0,35.0,317.0,12538.0,45.35,358.22,191351.8,625.18,1638.56,0,0,0,29200,5.0,BENIGN
8080,4634.0,3.0,7.0,96.0,100.0,31.85,14.28,42193.86,2157.96,514.89,0,1,1,8192,2.0,BENIGN
80,2345369.0,3.0,16.0,269.0,4996.0,89.8,312.24,2244.97,8.1,130298.28,0,1,1,29200,5.0,BENIGN
22,28472.0,12.0,5.0,139.0,112.0,11.62,22.31,8815.62,597.08,1779.5,0,0,0,8192,0.0,BENIGN
22,1591302.0,4.0,2.0,284.0,1307.0,70.98,653.29,999.5,3.77,318260.4,0,0,0,-1,0.0,BENIGN
80,402132.0,3.0,3.0,27.0,11088.0,8.98,3696.13,27641.0,14.92,80426.4,0,0,1,256,1.0,DDoS
8080,55815.0,40.0,26.0,392.0,15328.0,9.8,589.53,281638.38,1182.48,858.69,0,1,1,8192,1.0,BENIGN
80,175097.0,4.0,8.0,38.0,45128.0,9.46,5641.02,257948.56,68.53,15917.91,0,1,1,256,2.0,DDoS
80,37702.0,3.0,4.0,1284.0,3490.0,428.16,872.61,126649.02,185.67,6283.67,0,0,0,251,1.0,DoS Hulk
53,1413175.0,3.0,11.0,38.0,679.0,12.53,61.74,507.2,9.91,108705.77,0,1,1,65535,4.0,BENIGN
305,52.0,1.0,2.0,1.0,3.0,0.63,1.45,68095.46,57692.31,26.0,0,0,0,29200,2.0,PortScan
8080,4609.0,6.0,9.0,81.0,305.0,13.49,33.85,83658.97,3254.5,329.21,0,0,0,256,2.0,Bot
53,23126870.0,1.0,14.0,19.0,281.0,18.65,20.07,12.95,0.65,1651919.29,0,0,1,8192,14.0,BENIGN
22,6687.0,21.0,3.0,2765.0,822.0,131.67,274.1,536471.41,3589.05,290.74,0,0,0,256,0.0,BENIGN
443,279382.0,5.0,9.0,577.0,605.0,115.46,67.17,4230.25,50.11,21490.92,1,1,0,29200,2.0,BENIGN
8080,61586.0,2.0,12.0,31.0,452.0,15.72,37.67,7851.27,227.32,4737.38,0,1,0,8192,6.0,BENIGN
8080,235701.0,6.0,18.0,163.0,1062.0,27.17,59.0,5197.26,101.82,10247.87,0,1,1,8192,3.0,BENIGN
80,96474.0,11.0,5.0,4436.0,5833.0,403.24,1166.61,106440.01,165.85,6431.6,0,1,0,29200,0.0,DoS Hulk
80,320501.0,3.0,4.0,39.0,14618.0,13.08,3654.61,45733.7,21.84,53416.83,0,0,1,8192,1.0,DDoS
335,21.0,1.0,1.0,1.0,4.0,0.96,4.19,245272.72,95238.1,21.0,1,0,0,1024,1.0,PortScan
704,75.0,2.0,1.0,2.0,4.0,1.04,3.58,75591.02,40000.0,37.5,0,0,0,29200,0.0,PortScan
80,59177.0,7.0,2.0,4587.0,3729.0,655.34,1864.44,140532.02,152.09,7397.12,0,0,0,29200,0.0,DoS Hulk
8080,8530.0,2.0,14.0,93.0,999.0,46.52,71.38,128056.13,1875.73,568.67,0,1,0,29200,7.0,BENIGN
80,7502886.0,6.0,3.0,79.0,12465.0,13.18,4155.13,1671.95,1.2,937860.75,0,1,1,256,0.0,DDoS
8080,3023.0,7.0,3.0,1184.0,2353.0,169.18,784.47,1170253.44,3307.97,335.89,0,0,0,256,0.0,BENIGN
80,2246.0,15.0,2.0,941.0,1265.0,62.74,632.41,982170.29,7569.01,140.38,0,0,0,-1,0.0,BENIGN
8080,119496.0,8.0,1.0,962.0,580.0,120.3,579.98,12907.56,75.32,14937.0,0,0,0,256,0.0,BENIGN
80,865601.0,3.0,5.0,389.0,319.0,129.52,63.78,817.29,9.24,123657.29,0,0,1,-1,2.0,BENIGN
22,30193.0,7.0,6.0,310.0,836.0,44.29,139.41,37971.6,430.56,2516.08,0,0,1,256,1.0,BENIGN
780,39.0,1.0,1.0,2.0,2.0,1.85,2.32,106939.85,51282.05,39.0,1,0,0,1024,1.0,PortScan
8080,2406019.0,8.0,13.0,1004.0,1361.0,125.47,104.69,982.85,8.73,120300.95,0,1,1,8192,2.0,BENIGN
123,6277.0,2.0,3.0,13.0,683.0,6.7,227.6,110909.54,796.56,1569.25,0,1,0,8192,2.0,BENIGN
8080,10468.0,2.0,4.0,62.0,2107.0,31.09,526.84,207253.96,573.18,2093.6,0,1,1,65535,2.0,BENIGN
8080,53579.0,7.0,5.0,220.0,47.0,31.42,9.31,4973.75,223.97,4870.82,0,0,0,8192,1.0,BENIGN
123,290170.0,25.0,1.0,820.0,664.0,32.8,663.8,5113.69,89.6,11606.8,0,0,1,65535,0.0,BENIGN
22,783.0,3.0,1.0,120.0,238.0,40.15,237.51,457152.19,5108.56,261.0,0,0,1,29200,0.0,BENIGN
53,821008.0,2.0,0.0,40.0,0.0,19.89,0.0,48.44,2.44,821008.0,0,1,0,256,0.0,BENIGN
80,207503.0,1.0,4.0,245.0,285.0,245.27,71.34,2557.12,24.1,51875.75,0,0,1,-1,4.0,BENIGN
443,42046.0,9.0,3.0,85.0,2808.0,9.42,936.12,68809.88,285.4,3822.36,0,0,0,29200,0.0,BENIGN
53,719187.0,19.0,2.0,6520.0,194.0,343.14,96.81,9334.63,29.2,35959.35,0,0,1,256,0.0,BENIGN
80,11664.0,15.0,2.0,182.0,753.0,12.13,376.31,80119.82,1457.48,729.0,0,0,1,-1,0.0,BENIGN
22,37164.0,9.0,22.0,1122.0,1791.0,124.65,81.41,78382.11,834.14,1238.8,0,1,1,29200,2.0,BENIGN
22,10550.0,31.0,2.0,1489.0,844.0,48.02,422.14,221122.77,3127.96,329.69,0,0,0,256,0.0,BENIGN
53,141706.0,2.0,6.0,80.0,177.0,40.07,29.58,1817.92,56.45,20243.71,0,1,1,29200,3.0,BENIGN
443,19021.0,9.0,9.0,480.0,775.0,53.28,86.08,65941.6,946.32,1118.88,0,0,1,65535,1.0,BENIGN
80,14141.0,6.0,4.0,1795.0,13081.0,299.13,3270.29,1051971.84,707.16,1571.22,0,1,0,251,1.0,DoS Hulk
8080,11957.0,1.0,3.0,13.0,146.0,13.02,48.68,13303.5,334.53,3985.67,0,1,1,-1,3.0,BENIGN
80,12518.0,5.0,5.0,139.0,293.0,27.81,58.6,34515.02,798.85,1390.89,1,0,0,65535,1.0,Bot
53,698611.0,7.0,5.0,954.0,382.0,136.33,76.44,1913.11,17.18,63510.09,0,0,0,65535,1.0,BENIGN
53,112379.0,16.0,6.0,206.0,568.0,12.89,94.71,6892.53,195.77,5351.38,0,0,1,-1,0.0,BENIGN
123,22832.0,9.0,5.0,486.0,1436.0,54.01,287.13,84168.58,613.17,1756.31,0,0,1,29200,1.0,BENIGN
22,1567.0,24.0,14.0,468.0,4147.0,19.5,296.22,2945160.59,24250.16,42.35,0,0,0,29200,1.0,BENIGN
8080,4532.0,25.0,7.0,208.0,9206.0,8.32,1315.21,2077329.83,7060.9,146.19,0,1,1,-1,0.0,BENIGN
80,34213.0,2.0,4.0,308.0,1220.0,154.25,304.91,44665.39,175.37,6842.6,0,1,1,8192,2.0,BENIGN
8080,568332.0,10.0,36.0,3598.0,2276.0,359.8,63.22,10335.59,80.94,12629.6,0,0,1,29200,4.0,BENIGN
22,226562.0,38.0,9.0,2173.0,2411.0,57.19,267.93,20235.42,207.45,4925.26,0,1,0,-1,0.0,BENIGN
8080,10325.0,3.0,8.0,164.0,739.0,54.62,92.34,87415.58,1065.38,1032.5,0,0,0,256,3.0,BENIGN
80,3190050.0,7.0,1.0,335.0,1156.0,47.83,1156.28,467.42,2.51,455721.43,0,1,1,-1,0.0,BENIGN
53,26392.0,16.0,14.0,961.0,469.0,60.08,33.5,54193.13,1136.71,910.07,0,0,1,29200,1.0,BENIGN
443,648.0,3.0,4.0,210.0,186.0,70.1,46.61,612253.23,10802.47,108.0,0,0,0,65535,1.0,BENIGN
53,48065.0,28.0,2.0,635.0,634.0,22.67,317.17,26402.19,624.15,1657.41,0,0,0,65535,0.0,BENIGN
123,240706.0,9.0,3.0,1276.0,533.0,141.77,177.68,7515.32,49.85,21882.36,0,0,1,29200,0.0,BENIGN
80,548784.0,5.0,5.0,2056.0,12785.0,411.11,2556.97,27042.34,18.22,60976.0,0,0,1,29200,1.0,DoS Hulk
80,73629.0,2.0,42.0,712.0,2348.0,355.79,55.9,41549.21,597.59,1712.3,1,0,1,256,21.0,BENIGN
123,372107.0,11.0,2.0,1212.0,1213.0,110.2,606.49,6517.47,34.94,31008.92,0,1,0,65535,0.0,BENIGN
80,406261.0,4.0,5.0,94.0,15517.0,23.5,3103.31,38424.84,22.15,50782.62,0,0,1,256,1.0,DDoS
80,1091918.0,15.0,13.0,669.0,6017.0,44.59,462.88,6123.46,25.64,40441.41,0,1,0,29200,1.0,Web Attack - Brute Force
8080,47892.0,8.0,11.0,924.0,1642.0,115.47,149.32,53584.35,396.73,2660.67,0,1,1,256,1.0,BENIGN
22,75.0,11.0,5.0,395.0,374.0,35.87,74.73,10242816.37,213333.33,5.0,0,0,1,29200,0.0,BENIGN
80,421281.0,3.0,11.0,1542.0,17142.0,514.14,1558.35,44350.94,33.23,32406.23,0,1,0,29200,4.0,DoS Hulk
123,4733.0,17.0,59.0,314.0,14996.0,18.49,254.17,3234786.69,16057.47,63.11,0,1,0,65535,3.0,BENIGN
425,23.0,2.0,1.0,8.0,2.0,3.98,2.31,446814.27,130434.78,11.5,1,0,0,0,0.0,PortScan
80,563708.0,3.0,5.0,12.0,36751.0,4.04,7350.17,65216.35,14.19,80529.71,0,0,1,256,2.0,DDoS
80,373.0,7.0,6.0,229.0,457.0,32.68,76.21,1839090.63,34852.55,31.08,0,1,0,65535,1.0,BENIGN
22,80155.0,3.0,21.0,333.0,1712.0,110.92,81.51,25505.18,299.42,3485.0,0,0,1,-1,7.0,BENIGN
80,878029.0,5.0,8.0,224.0,1179.0,44.79,147.33,1597.41,14.81,73169.08,0,1,0,8192,2.0,Web Attack - Brute Force
8080,24012.0,1.0,7.0,152.0,679.0,151.68,96.96,34583.38,333.17,3430.29,0,0,0,8192,7.0,BENIGN
443,561273.0,48.0,3.0,569.0,3661.0,11.86,1220.47,7537.82,90.86,11225.46,0,0,0,8192,0.0,BENIGN
53,11962.0,3.0,10.0,58.0,7391.0,19.41,739.11,622747.37,1086.77,996.83,0,0,1,256,3.0,BENIGN
22,947610.0,2.0,12.0,55.0,877.0,27.75,73.05,983.66,14.77,72893.08,0,0,0,65535,6.0,BENIGN
80,23658.0,3.0,26.0,108.0,4716.0,36.13,181.37,203906.74,1225.8,844.93,0,0,0,65535,9.0,BENIGN
8080,31520.0,4.0,9.0,351.0,490.0,87.74,54.41,26672.0,412.44,2626.67,0,0,1,29200,2.0,BENIGN
22,36127.0,12.0,42.0,626.0,6468.0,52.15,154.01,196367.76,1494.73,681.64,0,0,0,29200,4.0,BENIGN
443,469481.0,6.0,24.0,322.0,502.0,53.65,20.92,1754.97,63.9,16189.0,0,0,1,8192,4.0,BENIGN
8080,235878.0,8.0,6.0,626.0,321.0,78.22,53.49,4013.33,59.35,18144.46,1,0,0,-1,1.0,BENIGN
123,8396.0,15.0,5.0,259.0,449.0,17.27,89.84,84344.38,2382.09,441.89,0,0,1,256,0.0,BENIGN
8080,59.0,36.0,1.0,4629.0,125.0,128.57,125.02,80570735.8,627118.64,1.64,0,1,0,8192,0.0,Bot
8080,17437.0,1.0,1.0,55.0,245.0,54.64,244.96,17182.02,114.7,17437.0,0,0,0,-1,1.0,BENIGN
80,9330.0,3.0,3.0,253.0,569.0,84.33,189.66,88100.63,643.09,1866.0,0,1,0,256,1.0,BENIGN
443,7229.0,31.0,2.0,4344.0,386.0,140.13,192.97,654293.98,4564.95,225.91,0,0,0,8192,0.0,BENIGN
80,177534.0,4.0,14.0,71.0,921.0,17.65,65.78,5584.92,101.39,10443.18,0,0,0,65535,4.0,BENIGN
123,44156.0,9.0,5.0,212.0,341.0,23.5,68.22,12514.63,317.06,3396.62,1,1,1,8192,1.0,BENIGN
80,169553.0,4.0,19.0,110.0,3328.0,27.5,175.16,20276.92,135.65,7706.95,0,1,1,65535,5.0,BENIGN
53,11296425.0,13.0,12.0,250.0,6756.0,19.25,562.97,620.19,2.21,470684.38,0,0,1,-1,1.0,BENIGN
22,1690382.0,11.0,3.0,637.0,886.0,57.93,295.28,901.03,8.28,130029.38,0,0,1,29200,0.0,BENIGN
22,493778.0,10.0,14.0,165.0,7806.0,16.49,557.54,16141.62,48.6,21468.61,0,0,1,8192,1.0,BENIGN
8080,47221.0,9.0,3.0,628.0,236.0,69.73,78.58,18281.97,254.12,4292.82,0,0,1,8192,0.0,BENIGN
53,948229.0,7.0,6.0,385.0,1351.0,54.96,225.11,1830.11,13.71,79019.08,0,1,0,8192,1.0,BENIGN
759,65.0,1.0,1.0,1.0,3.0,0.65,2.72,51843.75,30769.23,65.0,1,0,0,1024,1.0,PortScan
53,4317.0,10.0,6.0,1249.0,1187.0,124.91,197.83,564305.49,3706.28,287.8,0,0,0,8192,1.0,BENIGN
8080,150753.0,6.0,3.0,1013.0,372.0,168.91,124.02,9190.71,59.7,18844.12,0,1,0,-1,0.0,BENIGN
80,23923.0,11.0,3.0,2482.0,4771.0,225.6,1590.32,303161.73,585.21,1840.23,0,0,1,29200,0.0,DoS Hulk
123,87676.0,3.0,40.0,122.0,9651.0,40.53,241.28,111465.46,490.44,2087.52,0,0,1,29200,13.0,BENIGN
22,3645.0,5.0,8.0,708.0,336.0,141.57,42.0,286389.22,3566.53,303.75,0,0,1,256,2.0,BENIGN
443,72875.0,3.0,4.0,345.0,658.0,115.03,164.59,13769.58,96.05,12145.83,0,0,0,256,1.0,BENIGN
123,1515.0,3.0,4.0,181.0,449.0,60.36,112.27,415935.12,4620.46,252.5,0,1,1,65535,1.0,BENIGN
53,70954.0,8.0,2.0,296.0,58.0,37.06,29.18,5000.98,140.94,7883.78,0,1,1,256,0.0,BENIGN
80,667007.0,6.0,5.0,105.0,9125.0,17.52,1825.0,13838.15,16.49,66700.7,0,0,0,8192,1.0,DDoS
123,461363.0,4.0,11.0,104.0,1262.0,26.11,114.7,2961.12,32.51,32954.5,0,0,0,-1,3.0,BENIGN
80,6561712.0,6.0,7.0,62.0,18980.0,10.29,2711.49,2902.02,1.98,546809.33,0,0,0,8192,1.0,DDoS
80,14938.0,7.0,10.0,698.0,198.0,99.73,19.81,59993.51,1138.04,933.62,0,1,0,-1,1.0,BENIGN
53,57406.0,9.0,8.0,1876.0,1157.0,208.49,144.61,52839.23,296.14,3587.88,0,1,0,256,1.0,BENIGN
80,110266.0,4.0,4.0,26.0,9705.0,6.59,2426.34,88256.71,72.55,15752.29,0,0,1,8192,1.0,DDoS
80,7983.0,3.0,0.0,574.0,0.0,191.33,0.0,71902.95,375.8,3991.5,0,1,0,256,0.0,BENIGN
80,140362.0,24.0,3.0,6898.0,159.0,287.43,53.05,50279.7,192.36,5398.54,0,1,1,65535,0.0,BENIGN
22,30096.0,6.0,1.0,689.0,15.0,114.82,14.65,23378.51,232.59,5016.0,1,1,0,29200,0.0,BENIGN
80,156674.0,3.0,5.0,125.0,16113.0,41.51,3222.52,103636.33,51.06,22382.0,0,0,0,65535,2.0,BENIGN
80,1368619.0,16.0,12.0,658.0,7958.0,41.14,663.2,6295.78,20.46,50689.59,0,0,0,65535,1.0,BENIGN
53,292.0,2.0,17.0,1216.0,3538.0,608.1,208.13,16282365.1,65068.49,16.22,0,0,1,-1,8.0,BENIGN
22,62526.0,9.0,64.0,967.0,19365.0,107.47,302.57,325177.32,1167.51,868.42,0,1,0,-1,7.0,BENIGN
80,25114.0,6.0,78.0,234.0,13996.0,39.05,179.43,566618.03,3344.75,302.58,0,1,0,29200,13.0,BENIGN
80,124932.0,3.0,2.0,25.0,6789.0,8.33,3394.38,54539.5,40.02,31233.0,0,0,1,8192,1.0,DDoS
22,31779.0,1.0,17.0,23.0,236.0,22.86,13.9,8156.92,566.41,1869.35,0,0,1,256,17.0,BENIGN
80,308367.0,1.0,9.0,13.0,432.0,13.46,47.98,1444.02,32.43,34263.0,0,1,1,256,9.0,BENIGN
443,127471.0,7.0,3.0,839.0,5300.0,119.92,1766.79,48166.6,78.45,14163.44,0,0,0,256,0.0,BENIGN
80,3655642.0,5.0,15.0,200.0,2363.0,40.01,157.52,701.08,5.47,192402.21,0,1,1,8192,3.0,Web Attack - Brute Force
443,71911.0,3.0,2.0,562.0,1394.0,187.37,697.19,27207.02,69.53,17977.75,0,0,1,29200,1.0,BENIGN
8080,5300.0,7.0,1.0,396.0,137.0,56.61,136.58,100539.12,1509.43,757.14,0,0,0,8192,0.0,BENIGN
8080,5917749.0,8.0,14.0,370.0,148.0,46.29,10.55,87.55,3.72,281797.57,0,1,0,-1,2.0,BENIGN
53,11650.0,17.0,23.0,320.0,1449.0,18.82,63.02,151882.34,3433.48,298.72,0,0,1,65535,1.0,BENIGN
8080,2135.0,13.0,2.0,233.0,1618.0,17.93,809.14,867138.66,7025.76,152.5,0,0,0,256,0.0,BENIGN
443,33700.0,4.0,3.0,119.0,134.0,29.76,44.53,7495.53,207.72,5616.67,0,0,1,256,1.0,Bot
495,42.0,1.0,1.0,1.0,19.0,1.22,19.31,488827.54,47619.05,42.0,1,0,0,1024,1.0,PortScan
443,1191.0,5.0,4.0,231.0,279.0,46.27,69.75,428497.04,7556.68,148.88,0,0,0,-1,1.0,BENIGN
22,5103.0,1.0,2.0,113.0,365.0,112.62,182.5,93597.33,587.89,2551.5,0,0,0,8192,2.0,BENIGN
123,552837.0,2.0,3.0,350.0,1070.0,175.08,356.61,2568.53,9.04,138209.25,0,1,0,29200,2.0,BENIGN
123,1958.0,8.0,3.0,884.0,1583.0,110.5,527.62,1259898.52,5617.98,195.8,0,0,0,65535,0.0,BENIGN
123,70621.0,4.0,3.0,101.0,7625.0,25.2,2541.56,109393.35,99.12,11770.17,0,1,0,29200,1.0,BENIGN
8080,189338.0,4.0,10.0,1131.0,1339.0,282.68,133.93,13045.78,73.94,14564.46,0,0,1,8192,2.0,Bot
22,1119192.0,12.0,119.0,965.0,49277.0,80.42,414.09,44891.07,117.05,8609.17,0,0,0,8192,10.0,BENIGN
80,290673.0,2.0,4.0,224.0,1323.0,112.02,330.71,5321.67,20.64,58134.6,0,0,0,29200,2.0,BENIGN
793,24.0,2.0,1.0,1.0,7.0,0.74,6.76,343256.08,125000.0,12.0,0,0,0,29200,0.0,PortScan
80,43143.0,2.0,29.0,34.0,661.0,17.06,22.79,16110.96,718.54,1438.1,0,1,0,29200,14.0,BENIGN
443,61161.0,1.0,10.0,54.0,4149.0,53.82,414.88,68714.51,179.85,6116.1,0,0,0,8192,10.0,BENIGN
80,91212.0,3.0,8.0,723.0,5147.0,240.84,643.39,64351.75,120.6,9121.2,0,1,0,251,3.0,DoS Hulk
80,415118.0,6.0,3.0,2462.0,10667.0,410.29,3555.75,31627.11,21.68,51889.75,0,0,0,251,0.0,DoS Hulk
80,63463.0,4.0,3.0,2028.0,9847.0,506.92,3282.48,187118.77,110.3,10577.17,0,1,0,29200,1.0,DoS Hulk
22,6271.0,1.0,8.0,127.0,1904.0,127.45,238.05,324014.28,1435.18,783.88,0,0,0,65535,8.0,BENIGN
80,7091.0,5.0,3.0,757.0,13913.0,151.34,4637.55,2068723.03,1128.19,1013.0,0,0,1,251,1.0,DoS Hulk
497,52.0,1.0,1.0,2.0,10.0,2.11,9.72,227551.96,38461.54,52.0,1,0,0,1024,1.0,PortScan
80,492.0,7.0,4.0,171.0,2224.0,24.48,555.88,4867658.31,22357.72,49.2,0,0,0,256,1.0,BENIGN
53,5900600.0,3.0,2.0,379.0,853.0,126.39,426.36,208.78,0.85,1475150.0,0,1,1,8192,1.0,BENIGN
80,75937.0,3.0,3.0,2179.0,4781.0,726.32,1593.54,91649.15,79.01,15187.4,0,1,0,251,1.0,DoS Hulk
53,3103260.0,2.0,4.0,85.0,234.0,42.58,58.5,102.84,1.93,620652.0,0,0,1,-1,2.0,BENIGN
80,660.0,8.0,35.0,217.0,21071.0,27.11,602.03,32254228.28,65151.52,15.71,1,0,1,29200,4.0,BENIGN
123,17139.0,5.0,4.0,180.0,2455.0,36.08,613.81,153779.32,525.12,2142.38,0,0,1,256,1.0,BENIGN
8080,25795.0,29.0,20.0,3222.0,1493.0,111.09,74.66,182774.7,1899.59,537.4,1,0,0,8192,1.0,BENIGN
53,4205.0,3.0,6.0,210.0,2479.0,70.16,413.22,639659.26,2140.31,525.62,0,0,0,65535,2.0,BENIGN
53,2453.0,7.0,99.0,59.0,9199.0,8.47,92.92,3774444.33,43212.39,23.36,0,1,1,256,14.0,BENIGN
443,1294247.0,6.0,6.0,420.0,6226.0,69.98,1037.69,5135.06,9.27,117658.82,0,0,0,65535,1.0,BENIGN
22,179654.0,37.0,2.0,737.0,1336.0,19.93,668.12,11541.46,217.08,4727.74,0,0,0,29200,0.0,BENIGN
80,118541.0,9.0,48.0,571.0,6644.0,63.42,138.42,60866.16,480.85,2116.8,0,1,0,8192,5.0,BENIGN
123,527756.0,4.0,9.0,160.0,7288.0,40.11,809.82,14114.25,24.63,43979.67,1,0,0,65535,2.0,BENIGN
22,12834.0,14.0,14.0,2674.0,7815.0,191.0,558.22,817282.85,2181.7,475.33,0,0,0,65535,1.0,BENIGN
53,32824.0,2.0,3.0,81.0,186.0,40.74,62.1,8157.8,152.33,8206.0,0,0,1,-1,2.0,BENIGN
8080,124005.0,1.0,53.0,11.0,16097.0,10.58,303.72,129894.07,435.47,2339.72,0,0,0,256,53.0,BENIGN
443,470273.0,9.0,25.0,128.0,7609.0,14.21,304.34,16451.02,72.3,14250.7,0,1,0,65535,3.0,BENIGN
80,1472.0,6.0,1.0,194.0,28.0,32.38,27.61,150754.43,4755.43,245.33,0,0,0,8192,0.0,BENIGN
8080,47955.0,6.0,3.0,3443.0,268.0,573.82,89.21,77375.65,187.68,5994.38,0,0,0,256,0.0,BENIGN
8080,110223.0,3.0,5.0,594.0,72.0,198.07,14.49,6048.32,72.58,15746.14,1,0,0,-1,2.0,BENIGN
80,61318.0,11.0,3.0,6049.0,2314.0,549.93,771.46,136397.39,228.32,4716.77,0,0,0,251,0.0,DoS Hulk
80,35034.0,36.0,4.0,4351.0,572.0,120.86,142.89,140506.08,1141.75,898.31,0,1,0,256,0.0,BENIGN
22,2558862.0,6.0,4.0,73.0,275.0,12.2,68.75,136.07,3.91,284318.0,0,0,0,256,1.0,BENIGN
123,26533.0,5.0,11.0,387.0,1528.0,77.38,138.95,72187.49,603.02,1768.87,0,1,1,256,2.0,BENIGN
22,6531267.0,2.0,98.0,33.0,36020.0,16.7,367.55,5520.17,15.31,65972.39,0,0,1,256,49.0,BENIGN
22,510439.0,4.0,21.0,545.0,17120.0,136.27,815.24,34607.62,48.98,21268.29,0,0,0,29200,5.0,BENIGN
8080,1171804.0,42.0,5.0,637.0,2376.0,15.17,475.22,2571.41,40.11,25474.0,0,0,1,256,0.0,BENIGN
8080,24145.0,23.0,4.0,1046.0,807.0,45.5,201.71,76754.89,1118.24,928.65,0,0,1,-1,0.0,BENIGN
443,497057.0,2.0,13.0,109.0,1475.0,54.47,113.49,3187.39,30.18,35504.07,0,1,0,256,6.0,BENIGN
22,190143.0,2.0,6.0,18.0,217.0,9.14,36.11,1235.49,42.07,27163.29,0,1,0,65535,3.0,BENIGN
123,19577.0,3.0,7.0,97.0,34050.0,32.38,4864.36,1744272.68,510.8,2175.22,0,0,1,256,2.0,BENIGN
8080,249283.0,6.0,3.0,196.0,214.0,32.61,71.26,1642.61,36.1,31160.38,0,0,0,8192,0.0,BENIGN
53,2194.0,8.0,4.0,419.0,2975.0,52.33,743.7,1546708.6,5469.46,199.45,0,0,0,256,0.0,BENIGN
53,270362.0,19.0,6.0,887.0,378.0,46.68,63.03,4679.17,92.47,11265.08,0,0,0,256,0.0,BENIGN
123,19905.0,1.0,10.0,112.0,902.0,112.22,90.19,50949.43,552.62,1990.5,0,0,0,29200,10.0,BENIGN
123,2537.0,6.0,6.0,192.0,2208.0,31.96,367.98,945847.63,4730.0,230.64,0,1,0,256,1.0,BENIGN
80,93261.0,8.0,11.0,814.0,1146.0,101.75,104.22,21020.47,203.73,5181.17,0,0,1,256,1.0,BENIGN
53,37114.0,11.0,11.0,1053.0,4535.0,95.68,412.31,150561.44,592.77,1767.33,0,0,1,65535,1.0,BENIGN
800,65.0,1.0,1.0,2.0,5.0,2.11,4.84,106950.9,30769.23,65.0,1,0,0,29200,1.0,PortScan
123,103437.0,2.0,1.0,235.0,9.0,117.62,8.99,2361.12,29.0,51718.5,0,0,0,65535,0.0,BENIGN
443,2219550.0,8.0,5.0,206.0,2773.0,25.73,554.7,1342.33,5.86,184962.5,0,0,1,29200,1.0,BENIGN
80,238170.0,5.0,4.0,13.0,16353.0,2.55,4088.15,68712.93,37.79,29771.25,0,0,1,256,1.0,DDoS
53,951430.0,8.0,3.0,132.0,799.0,16.56,266.47,979.44,11.56,95143.0,0,1,1,256,0.0,BENIGN
22,4485.0,9.0,12.0,48.0,29722.0,5.36,2476.8,6637642.22,4682.27,224.25,0,0,0,8192,1.0,BENIGN
22,1400505.0,5.0,4.0,307.0,528.0,61.42,132.06,596.45,6.43,175063.12,0,1,1,29200,1.0,BENIGN
22,171.0,5.0,3.0,604.0,3025.0,120.89,1008.49,21227497.02,46783.63,24.43,0,0,0,65535,1.0,BENIGN
443,2792406.0,5.0,5.0,88.0,405.0,17.66,80.97,176.6,3.58,310267.33,0,0,0,256,1.0,BENIGN
80,1829894.0,5.0,7.0,478.0,3288.0,95.61,469.65,2057.84,6.56,166354.0,0,0,1,29200,1.0,BENIGN
123,87282118.0,3.0,21.0,222.0,4476.0,73.99,213.13,53.82,0.27,3794874.7,0,0,1,29200,7.0,BENIGN
80,3636960.0,2.0,7.0,18.0,12252.0,9.21,1750.25,3373.74,2.47,454620.0,0,0,0,256,4.0,DDoS
80,3922949.0,5.0,9.0,34.0,27648.0,6.89,3071.99,7056.53,3.57,301765.31,0,0,1,256,2.0,DDoS
123,4550643.0,3.0,27.0,96.0,10338.0,32.03,382.9,2292.96,6.59,156918.72,0,0,0,8192,9.0,BENIGN
8080,88307.0,8.0,4.0,343.0,119.0,42.93,29.63,5230.87,135.89,8027.91,0,0,0,29200,0.0,BENIGN
80,138977.0,5.0,3.0,1751.0,6028.0,350.15,2009.46,55974.22,57.56,19853.86,0,0,0,251,1.0,DoS Hulk
123,9453.0,4.0,8.0,68.0,7181.0,16.96,897.67,766867.65,1269.44,859.36,0,0,0,29200,2.0,BENIGN
80,18419657.0,5.0,3.0,22.0,4357.0,4.49,1452.24,237.74,0.43,2631379.57,0,0,1,8192,1.0,DDoS
123,259252.0,129.0,8.0,5473.0,5348.0,42.43,668.46,41739.1,528.44,1906.26,0,0,1,-1,0.0,BENIGN
80,296511.0,8.0,3.0,41.0,558.0,5.18,186.1,2022.57,37.1,29651.1,0,0,0,29200,0.0,BENIGN
22,234054.0,1.0,21.0,45.0,14289.0,44.82,680.41,61239.78,94.0,11145.43,0,0,1,-1,21.0,BENIGN
8080,236.0,4.0,12.0,214.0,4288.0,53.48,357.37,19077909.71,67796.61,15.73,0,1,0,-1,3.0,BENIGN
123,721500.0,6.0,4.0,214.0,401.0,35.74,100.14,852.38,13.86,80166.67,0,0,0,8192,1.0,BENIGN
53,7845.0,5.0,11.0,1208.0,2643.0,241.57,240.29,490887.73,2039.52,523.0,0,0,0,-1,2.0,BENIGN
80,850396.0,2.0,2.0,17.0,10925.0,8.39,5462.27,12866.16,4.7,283465.33,0,0,1,256,1.0,DDoS
80,1411896.0,3.0,3.0,41.0,12540.0,13.63,4179.97,8910.57,4.25,282379.2,0,0,1,256,1.0,DDoS
80,1161875.0,20.0,5.0,827.0,533.0,41.34,106.62,1170.37,21.52,48411.46,0,1,0,29200,0.0,Web Attack - Brute Force
123,339992.0,5.0,13.0,63.0,2433.0,12.57,187.13,7339.91,52.94,19999.53,0,0,0,8192,3.0,BENIGN
909,47.0,1.0,1.0,4.0,3.0,4.3,2.54,145511.23,42553.19,47.0,0,0,0,1024,1.0,PortScan
8080,1850295.0,16.0,46.0,898.0,78864.0,56.14,1714.43,43107.68,33.51,30332.7,0,1,1,8192,3.0,BENIGN
443,3891.0,8.0,1.0,411.0,123.0,51.33,123.03,137145.5,2313.03,486.38,0,0,0,-1,0.0,BENIGN
123,4048.0,1.0,3.0,27.0,3030.0,26.54,1009.87,754973.82,988.14,1349.33,0,1,0,65535,3.0,BENIGN
80,56162.0,8.0,7.0,7774.0,30292.0,971.75,4327.36,677781.12,267.08,4011.57,0,0,0,29200,1.0,DoS Hulk
123,9547.0,20.0,4.0,322.0,663.0,16.12,165.66,103182.05,2513.88,415.09,0,0,1,29200,0.0,BENIGN
22,65286.0,13.0,2.0,2550.0,264.0,196.16,131.87,43100.52,229.76,4663.29,0,0,1,-1,0.0,BENIGN
22,61907.0,3.0,15.0,1194.0,4768.0,397.93,317.87,96302.22,290.76,3641.59,0,0,0,-1,5.0,BENIGN
80,140630.0,2.0,20.0,475.0,966.0,237.4,48.31,10247.47,156.44,6696.67,0,1,0,8192,10.0,BENIGN
549,97.0,1.0,1.0,1.0,6.0,0.85,6.14,72070.89,20618.56,97.0,0,0,0,29200,1.0,PortScan
123,10575.0,5.0,7.0,2869.0,308.0,573.73,44.01,300402.19,1134.75,961.36,0,0,1,8192,1.0,BENIGN
443,103061.0,6.0,3.0,210.0,1985.0,35.06,661.66,21301.72,87.33,12882.62,0,0,0,8192,0.0,BENIGN
80,3092284.0,2.0,2.0,336.0,40.0,168.13,19.89,121.61,1.29,1030761.33,0,1,0,256,1.0,BENIGN
53,193796.0,1.0,11.0,12.0,3260.0,11.83,296.34,16881.34,61.92,17617.82,0,1,0,29200,11.0,BENIGN
80,2171513.0,7.0,9.0,143.0,23329.0,20.46,2592.07,10808.99,7.37,144767.53,0,0,0,8192,1.0,DDoS
80,3315.0,9.0,2.0,462.0,34.0,51.34,17.12,149708.17,3318.25,331.5,1,0,1,29200,0.0,BENIGN
443,698747.0,3.0,2.0,436.0,525.0,145.31,262.6,1375.5,7.16,174686.75,0,0,1,65535,1.0,Bot
443,115482.0,17.0,22.0,1158.0,119068.0,68.12,5412.17,1041078.2,337.71,3039.0,0,0,0,29200,1.0,BENIGN
8080,9784.0,19.0,3.0,157.0,551.0,8.26,183.5,72300.54,2248.57,465.9,0,1,0,65535,0.0,BENIGN
123,158947.0,159.0,3.0,3728.0,5455.0,23.45,1818.23,57774.58,1019.21,987.25,0,0,1,8192,0.0,BENIGN
80,175168.0,3.0,3.0,27.0,16360.0,8.83,5453.4,93548.5,34.25,35033.6,0,0,1,8192,1.0,DDoS
8080,140614.0,2.0,4.0,92.0,8118.0,46.14,2029.42,58386.43,42.67,28122.8,1,0,0,256,2.0,BENIGN
22,6916.0,1.0,1.0,39.0,152.0,38.63,152.02,27565.98,289.18,6916.0,0,1,0,256,1.0,BENIGN
80,388819.0,15.0,38.0,520.0,48024.0,34.66,1263.78,124848.8,136.31,7477.29,0,0,1,29200,3.0,Web Attack - Brute Force
123,135943.0,11.0,10.0,154.0,1445.0,13.96,144.52,11760.66,154.48,6797.15,0,1,1,256,1.0,BENIGN
8080,105553.0,9.0,3.0,376.0,586.0,41.76,195.39,9113.82,113.69,9595.73,0,1,0,65535,0.0,BENIGN
8080,817357.0,2.0,3.0,30.0,167.0,14.91,55.83,241.39,6.12,204339.25,0,1,0,256,2.0,BENIGN
53,1195.0,6.0,14.0,1645.0,11380.0,274.17,812.88,10899905.97,16736.4,62.89,0,0,0,256,2.0,BENIGN
80,118060.0,6.0,11.0,28.0,30258.0,4.71,2750.76,256536.32,143.99,7378.75,0,0,1,8192,2.0,DDoS
80,453338.0,1.0,4.0,14.0,17837.0,14.35,4459.19,39377.0,11.03,113334.5,0,0,1,8192,4.0,DDoS
443,19371.0,5.0,13.0,255.0,1687.0,51.04,129.75,100248.58,929.22,1139.47,0,0,0,8192,3.0,BENIGN
80,25053.0,4.0,3.0,1058.0,7007.0,264.56,2335.81,321945.06,279.41,4175.5,0,0,0,29200,1.0,DoS Hulk
22,98172.0,10.0,2.0,348.0,340.0,34.85,170.23,7017.58,122.23,8924.73,0,1,0,-1,0.0,BENIGN
80,25852.0,2.0,29.0,130.0,6008.0,64.89,207.17,237416.86,1199.13,861.73,0,1,0,65535,14.0,BENIGN
123,2339639.0,7.0,1.0,224.0,528.0,31.96,527.89,321.24,3.42,334234.14,0,0,1,29200,0.0,BENIGN
8080,7907.0,11.0,2.0,1068.0,278.0,97.05,138.93,170148.65,1644.11,658.92,0,1,0,8192,0.0,Bot
22,343319.0,8.0,3.0,139.0,444.0,17.41,148.08,1699.72,32.04,34331.9,0,0,1,29200,0.0,BENIGN
123,3377.0,3.0,6.0,157.0,580.0,52.39,96.63,218228.22,2665.09,422.12,0,0,1,256,2.0,BENIGN
53,252424.0,1.0,7.0,98.0,783.0,97.7,111.82,3487.96,31.69,36060.57,0,1,0,8192,7.0,BENIGN
22,256950.0,2.0,13.0,68.0,890.0,33.86,68.43,3725.92,58.38,18353.57,1,0,0,8192,6.0,BENIGN
22,696414.0,28.0,5.0,1178.0,107.0,42.08,21.38,1845.4,47.39,21762.94,0,0,0,8192,0.0,BENIGN
22,498768.0,3.0,12.0,30.0,8461.0,9.87,705.11,17023.72,30.07,35626.29,0,0,0,256,4.0,BENIGN
80,2325711.0,2.0,5.0,11.0,15613.0,5.3,3122.63,6717.84,3.01,387618.5,0,0,1,8192,2.0,DDoS
22,8707.0,5.0,15.0,848.0,3765.0,169.53,251.03,529816.28,2297.0,458.26,0,0,1,256,3.0,BENIGN
80,1117.0,2.0,1.0,339.0,776.0,169.73,776.4,998981.31,2685.77,558.5,0,0,1,256,0.0,BENIGN
80,1275452.0,4.0,3.0,36.0,6189.0,9.09,2062.92,4880.7,5.49,212575.33,0,0,1,256,1.0,DDoS
80,102241.0,4.0,5.0,1760.0,5039.0,439.94,1007.76,66495.68,88.03,12780.12,0,1,1,29200,1.0,DoS Hulk
80,347834.0,2.0,6.0,25.0,19325.0,12.38,3220.88,55630.13,23.0,49690.57,0,0,1,8192,3.0,DDoS
80,293147.0,7.0,46.0,1158.0,1138.0,165.5,24.73,7833.18,180.8,5637.44,0,0,1,65535,7.0,BENIGN
443,253158.0,4.0,4.0,124.0,4766.0,30.97,1191.39,19313.67,31.6,36165.43,0,0,0,8192,1.0,BENIGN
443,2466956.0,23.0,22.0,1715.0,15997.0,74.56,727.12,7179.5,18.24,56067.18,0,0,0,-1,1.0,BENIGN
8080,371228.0,9.0,2.0,2924.0,76.0,324.89,37.94,8080.97,29.63,37122.8,0,0,1,256,0.0,BENIGN
443,75799030.0,1.0,6.0,43.0,1651.0,43.24,275.13,22.35,0.09,12633171.67,0,0,0,-1,6.0,BENIGN
8080,6873.0,4.0,6.0,72.0,665.0,17.88,110.79,107123.95,1454.97,763.67,0,0,0,-1,2.0,BENIGN
53,20576.0,2.0,1.0,134.0,1342.0,66.9,1342.08,71728.28,145.8,10288.0,0,0,1,256,0.0,BENIGN
443,99287.0,2.0,7.0,66.0,1368.0,32.93,195.43,14441.85,90.65,12410.88,0,0,0,29200,4.0,BENIGN
123,5695222.0,4.0,7.0,121.0,1507.0,30.34,215.25,285.88,1.93,569522.2,0,0,0,65535,2.0,BENIGN
80,327078.0,6.0,3.0,186.0,9035.0,31.03,3011.83,28194.18,27.52,40884.75,0,0,1,8192,0.0,DDoS
443,37452.0,9.0,1.0,929.0,74.0,103.23,73.72,26775.26,267.01,4161.33,0,0,1,256,0.0,BENIGN
80,35843.0,10.0,6.0,314.0,376.0,31.41,62.61,19242.23,446.39,2389.53,0,0,0,256,1.0,Bot
123,30455.0,12.0,73.0,951.0,82170.0,79.29,1125.62,2729319.67,2791.0,362.56,0,0,1,256,6.0,BENIGN
123,331073.0,2.0,9.0,304.0,112.0,151.76,12.47,1255.84,33.23,33107.3,0,1,0,29200,4.0,BENIGN
22,3216.0,3.0,2.0,31.0,564.0,10.4,282.12,185154.61,1554.73,804.0,0,0,0,256,1.0,BENIGN
53,6300.0,3.0,22.0,346.0,61733.0,115.38,2806.03,9853774.99,3968.25,262.5,0,1,0,65535,7.0,BENIGN
123,20819.0,2.0,6.0,46.0,969.0,23.02,161.55,48769.79,384.26,2974.14,0,0,0,29200,3.0,BENIGN
443,483003.0,3.0,7.0,773.0,1351.0,257.51,193.03,4396.91,20.7,53667.0,1,1,1,256,2.0,BENIGN
80,362308.0,2.0,2.0,24.0,1746.0,11.96,872.76,4883.79,11.04,120769.33,0,0,1,8192,1.0,DDoS
533,99.0,1.0,1.0,1.0,7.0,1.14,6.54,77549.92,20202.02,99.0,1,0,0,29200,1.0,PortScan
53,137309.0,5.0,7.0,466.0,510.0,93.18,72.91,7109.74,87.39,12482.64,0,1,0,8192,1.0,BENIGN
123,68861.0,13.0,1.0,1000.0,161.0,76.95,161.02,16865.97,203.31,5297.0,0,0,1,8192,0.0,BENIGN
123,159862.0,1.0,1.0,108.0,13.0,108.3,13.11,759.47,12.51,159862.0,0,0,0,-1,1.0,BENIGN
22,4161835.0,12.0,10.0,356.0,508.0,29.66,50.84,207.67,5.29,198182.62,0,1,0,65535,1.0,BENIGN
80,772480.0,10.0,7.0,595.0,1090.0,59.49,155.66,2180.7,22.01,48280.0,0,1,0,8192,1.0,Web Attack - Brute Force
22,21917.0,20.0,27.0,263.0,6438.0,13.15,238.45,305751.62,2144.45,476.46,0,0,1,-1,1.0,BENIGN
123,79804.0,7.0,10.0,643.0,436.0,91.82,43.57,13513.17,213.02,4987.75,0,0,0,-1,1.0,BENIGN
80,123792.0,6.0,3.0,2352.0,3312.0,392.04,1103.98,45755.37,72.7,15474.0,0,0,0,29200,0.0,DoS Hulk
443,1175.0,2.0,2.0,96.0,209.0,47.86,104.72,259713.3,3404.26,391.67,0,1,0,29200,1.0,BENIGN
8080,222008.0,3.0,4.0,885.0,212.0,294.85,52.97,4938.65,31.53,37001.33,0,1,1,-1,1.0,BENIGN
443,12662039.0,2.0,1.0,118.0,50.0,59.11,49.74,13.26,0.24,6331019.5,1,0,0,256,0.0,BENIGN
123,1096.0,8.0,20.0,856.0,9648.0,106.99,482.38,9583552.1,25547.45,40.59,0,0,1,29200,2.0,BENIGN
22,299493.0,1.0,21.0,51.0,2040.0,51.45,97.13,6982.22,73.46,14261.57,0,0,0,65535,21.0,BENIGN
53,24074.0,5.0,5.0,2054.0,52.0,410.8,10.32,87464.2,415.39,2674.89,1,1,0,8192,1.0,BENIGN
80,242891.0,4.0,2.0,116.0,106.0,29.06,52.95,914.46,24.7,48578.2,0,1,0,8192,0.0,Bot
459,65.0,2.0,1.0,3.0,2.0,1.31,2.32,76061.61,46153.85,32.5,0,0,0,0,0.0,PortScan
123,65937.0,2.0,6.0,21.0,485.0,10.64,80.83,7677.65,121.33,9419.57,0,0,0,-1,3.0,BENIGN
123,711.0,15.0,13.0,1154.0,4381.0,76.97,336.99,7785250.76,39381.15,26.33,0,0,0,29200,1.0,BENIGN
53,22051.0,14.0,26.0,456.0,11208.0,32.55,431.07,528942.23,1813.98,565.41,0,0,0,8192,2.0,BENIGN
443,60831.0,3.0,58.0,103.0,2861.0,34.25,49.33,48719.11,1002.78,1013.85,0,0,0,65535,19.0,BENIGN
123,12103.0,6.0,1.0,186.0,271.0,31.04,270.93,37774.36,578.37,2017.17,0,1,1,29200,0.0,BENIGN
123,31818.0,4.0,40.0,168.0,2277.0,42.06,56.93,76861.63,1382.87,739.95,0,0,0,8192,10.0,BENIGN
443,1626033.0,8.0,1.0,974.0,4.0,121.78,3.54,601.33,5.53,203254.12,0,0,0,-1,0.0,BENIGN
80,672874.0,14.0,10.0,2278.0,400.0,162.72,40.0,3980.09,35.67,29255.39,1,0,1,29200,1.0,BENIGN
8080,52528362.0,2.0,5.0,67.0,1427.0,33.3,285.47,28.44,0.13,8754727.0,0,0,1,65535,2.0,BENIGN
8080,22972.0,6.0,4.0,354.0,269.0,59.05,67.31,27141.83,435.31,2552.44,0,0,0,29200,1.0,BENIGN
80,91868.0,6.0,3.0,2498.0,3576.0,416.35,1191.89,66113.98,97.97,11483.5,0,0,0,29200,0.0,DoS Hulk
53,32541.0,1.0,45.0,67.0,9263.0,66.58,205.84,286695.27,1413.6,723.13,0,0,0,256,45.0,BENIGN
443,82421.0,34.0,5.0,2072.0,116.0,60.94,23.18,26546.52,473.18,2168.97,0,1,1,65535,0.0,BENIGN
22,174508.0,2.0,14.0,185.0,2513.0,92.37,179.52,15461.07,91.69,11633.87,0,0,0,8192,7.0,BENIGN
8080,46225.0,16.0,5.0,1579.0,1426.0,98.7,285.27,65021.5,454.3,2311.25,0,0,0,8192,0.0,BENIGN
22,2019.0,1.0,4.0,41.0,121.0,41.06,30.19,80148.32,2476.47,504.75,0,1,0,65535,4.0,BENIGN
870,251.0,1.0,2.0,1.0,4.0,1.14,2.23,22303.28,11952.19,125.5,1,0,0,0,2.0,PortScan
80,1157990.0,2.0,2.0,45.0,3854.0,22.46,1927.21,3367.33,3.45,385996.67,1,0,1,256,1.0,DDoS
80,2761714.0,13.0,4.0,623.0,165.0,47.95,41.2,285.39,6.16,172607.12,0,0,0,29200,0.0,Web Attack - Brute Force
123,780168.0,2.0,9.0,77.0,2286.0,38.54,254.0,3028.91,14.1,78016.8,0,1,0,-1,4.0,BENIGN
22,101649.0,4.0,29.0,1061.0,1706.0,265.35,58.82,27221.93,324.65,3176.53,0,0,1,65535,7.0,BENIGN
123,22709.0,2.0,12.0,274.0,1879.0,137.0,156.62,94830.18,616.5,1746.85,0,0,0,-1,6.0,BENIGN
443,589223.0,9.0,26.0,760.0,3137.0,84.49,120.67,6615.03,59.4,17330.09,0,1,0,8192,3.0,BENIGN
443,1460.0,14.0,13.0,1012.0,2524.0,72.26,194.16,2421726.27,18493.15,56.15,0,0,0,29200,1.0,BENIGN
80,1712.0,13.0,6.0,1615.0,878.0,124.23,146.34,1456198.47,11098.13,95.11,0,0,1,256,0.0,Bot
443,3761.0,4.0,2.0,190.0,398.0,47.4,198.99,156227.66,1595.32,752.2,0,0,0,256,0.0,BENIGN
123,43138.0,19.0,3.0,3563.0,88.0,187.5,29.37,84627.48,509.99,2054.19,0,0,1,29200,0.0,BENIGN
53,9663.0,2.0,2.0,219.0,262.0,109.55,130.77,49739.08,413.95,3221.0,0,0,0,8192,1.0,BENIGN
22,345175.0,70.0,6.0,9720.0,8056.0,138.85,1342.73,51498.83,220.18,4602.33,0,0,0,256,0.0,BENIGN
80,175791.0,73.0,50.0,13256.0,1036.0,181.59,20.73,81302.43,699.69,1440.91,0,0,1,29200,1.0,BENIGN
8080,111521.0,46.0,59.0,1032.0,6238.0,22.43,105.73,65187.93,941.53,1072.32,0,1,0,256,1.0,BENIGN
80,2913279.0,8.0,3.0,338.0,942.0,42.23,313.94,439.25,3.78,291327.9,0,0,0,29200,0.0,Web Attack - Brute Force
123,2795143.0,5.0,2.0,114.0,131.0,22.82,65.61,87.77,2.5,465857.17,0,0,0,-1,0.0,BENIGN
80,138905.0,7.0,4.0,2457.0,6295.0,351.05,1573.64,63006.42,79.19,13890.5,0,0,0,251,1.0,DoS Hulk
80,127931.0,3.0,3.0,21.0,4231.0,7.05,1410.21,33234.94,46.9,25586.2,0,0,1,256,1.0,DDoS
1003,34.0,1.0,1.0,1.0,10.0,1.32,9.72,324707.44,58823.53,34.0,0,0,0,0,1.0,PortScan
123,639936.0,11.0,3.0,156.0,189.0,14.15,63.08,539.02,21.88,49225.85,0,0,0,8192,0.0,BENIGN
52,18.0,2.0,1.0,3.0,3.0,1.36,3.14,325326.64,166666.67,9.0,0,0,0,0,0.0,PortScan
123,430314.0,56.0,35.0,4333.0,56500.0,77.38,1614.3,141370.45,211.47,4781.27,0,1,0,65535,1.0,BENIGN
8080,5647.0,2.0,22.0,28.0,10415.0,13.75,473.43,1849289.6,4250.04,245.52,0,0,0,65535,11.0,BENIGN
625,205.0,2.0,1.0,5.0,11.0,2.26,10.83,74864.44,14634.15,102.5,0,0,0,29200,0.0,PortScan
123,93100.0,9.0,7.0,407.0,7586.0,45.25,1083.73,85857.8,171.86,6206.67,0,1,1,65535,1.0,BENIGN
22,159536.0,3.0,1.0,99.0,30.0,32.88,30.08,806.77,25.07,53178.67,0,1,1,256,0.0,BENIGN
8080,15977.0,5.0,5.0,168.0,3384.0,33.51,676.73,222271.88,625.9,1775.22,0,1,0,65535,1.0,BENIGN
8080,6316.0,3.0,2.0,51.0,141.0,16.97,70.26,30308.96,791.64,1579.0,0,0,0,8192,1.0,BENIGN
80,1116435.0,2.0,5.0,107.0,22412.0,53.69,4482.49,20171.22,6.27,186072.5,0,0,1,256,2.0,DDoS
80,4882919.0,3.0,2.0,17.0,6288.0,5.8,3144.14,1291.37,1.02,1220729.75,0,0,1,256,1.0,DDoS
22,882.0,4.0,3.0,480.0,172.0,119.89,57.43,739061.25,7936.51,147.0,0,1,0,65535,1.0,BENIGN
123,4634876.0,11.0,71.0,429.0,9986.0,38.97,140.65,2247.01,17.69,57220.69,0,1,0,29200,6.0,BENIGN
53,888708.0,5.0,3.0,55.0,1032.0,10.98,344.03,1223.12,9.0,126958.29,0,0,0,29200,1.0,BENIGN
53,19280621.0,1.0,23.0,135.0,2318.0,134.52,100.8,127.22,1.24,838287.87,0,1,1,-1,23.0,BENIGN
53,187576.0,8.0,3.0,348.0,319.0,43.54,106.42,3558.97,58.64,18757.6,0,0,1,65535,0.0,BENIGN
8080,23379.0,4.0,6.0,46.0,5593.0,11.45,932.17,241191.34,427.73,2597.67,0,0,0,256,2.0,BENIGN
443,93086.0,2.0,5.0,207.0,2812.0,103.68,562.47,32440.19,75.2,15514.33,0,0,0,65535,2.0,BENIGN
123,83257.0,2.0,2.0,34.0,185.0,17.16,92.42,2632.41,48.04,27752.33,0,0,0,29200,1.0,BENIGN
22,15998.0,25.0,7.0,2736.0,530.0,109.46,75.68,204165.13,2000.25,516.06,0,0,0,29200,0.0,BENIGN
53,33135.0,9.0,4.0,446.0,183.0,49.57,45.72,18984.15,392.33,2761.25,1,0,0,8192,0.0,BENIGN
53,13790.0,28.0,2.0,963.0,3073.0,34.38,1536.72,292679.65,2175.49,475.52,0,0,1,256,0.0,BENIGN
443,22661.0,17.0,2.0,2371.0,320.0,139.46,160.02,118745.16,838.44,1258.94,0,1,1,8192,0.0,BENIGN
8080,135.0,5.0,5.0,693.0,645.0,138.67,128.91,9910194.33,74074.07,15.0,0,0,0,-1,1.0,BENIGN
22,259925.0,26.0,8.0,2231.0,487.0,85.8,60.83,10454.84,130.81,7876.52,0,0,0,65535,0.0,BENIGN
123,240333.0,9.0,1.0,519.0,214.0,57.62,214.16,3048.84,41.61,26703.67,0,0,1,8192,0.0,BENIGN
80,126870.0,6.0,4.0,1057.0,7836.0,176.19,1959.01,70097.07,78.82,14096.67,0,0,1,29200,1.0,DoS Hulk
443,217892.0,27.0,1.0,954.0,7.0,35.33,6.86,4409.91,128.5,8070.07,0,0,1,-1,0.0,BENIGN
80,373390.0,7.0,3.0,3679.0,5034.0,525.55,1678.08,23335.07,26.78,41487.78,0,1,0,251,0.0,DoS Hulk
910,26.0,1.0,3.0,1.0,12.0,1.47,4.03,521769.46,153846.15,8.67,1,0,0,1024,3.0,PortScan
563,110.0,1.0,1.0,3.0,5.0,3.24,5.45,78992.02,18181.82,110.0,1,0,0,1024,1.0,PortScan
80,14763.0,5.0,4.0,2502.0,4583.0,500.32,1145.67,479869.37,609.63,1845.38,0,0,0,29200,1.0,DoS Hulk
80,1056679.0,9.0,2.0,733.0,332.0,81.44,165.81,1007.48,10.41,105667.9,0,0,1,29200,0.0,BENIGN
123,133053.0,3.0,17.0,103.0,2551.0,34.36,150.07,19949.17,150.32,7002.79,0,0,0,256,6.0,BENIGN
443,177841.0,11.0,3.0,974.0,1088.0,88.54,362.53,11591.77,78.72,13680.08,0,1,0,65535,0.0,BENIGN
22,8633.0,6.0,1.0,180.0,3.0,30.08,2.94,21244.37,810.84,1438.83,0,0,0,256,0.0,BENIGN
8080,1779616.0,3.0,22.0,57.0,9409.0,19.03,427.68,5319.12,14.05,74150.67,1,0,0,65535,7.0,BENIGN
80,5105364.0,32.0,13.0,1266.0,721.0,39.57,55.5,389.35,8.81,116031.0,0,0,0,65535,0.0,BENIGN
53,175.0,6.0,13.0,2154.0,1312.0,359.07,100.93,19808305.25,108571.43,9.72,0,1,0,256,2.0,BENIGN
80,1733.0,6.0,1.0,2376.0,830.0,395.94,830.12,1849832.7,4039.24,288.83,0,1,1,8192,0.0,BENIGN
8080,508.0,8.0,59.0,61.0,2618.0,7.64,44.38,5274443.31,131889.76,7.7,0,1,0,8192,7.0,BENIGN
22,5870.0,12.0,38.0,1525.0,63915.0,127.09,1681.96,11148144.3,8517.89,119.8,0,1,0,-1,3.0,BENIGN
8080,6111.0,2.0,54.0,56.0,2552.0,27.88,47.26,426777.51,9163.8,111.11,1,1,0,8192,27.0,BENIGN
8080,166803.0,6.0,29.0,261.0,5086.0,43.51,175.39,32057.95,209.83,4905.97,0,1,1,29200,5.0,BENIGN
80,41023.0,3.0,5.0,14.0,16471.0,4.66,3294.13,401838.53,195.01,5860.43,0,0,0,256,2.0,DDoS
53,47078.0,3.0,1.0,244.0,160.0,81.27,160.05,8578.5,84.97,15692.67,1,0,1,65535,0.0,BENIGN
443,910.0,5.0,21.0,201.0,905.0,40.23,43.11,1215826.52,28571.43,36.4,0,0,0,-1,4.0,BENIGN
53,155938.0,3.0,0.0,124.0,0.0,41.34,0.0,795.31,19.24,77969.0,0,0,0,65535,0.0,BENIGN
8080,134588.0,10.0,9.0,1622.0,4289.0,162.22,476.58,43922.67,141.17,7477.11,0,0,0,256,1.0,BENIGN
443,387775.0,1.0,3.0,218.0,1351.0,217.7,450.26,4044.82,10.32,129258.33,0,1,0,256,3.0,BENIGN
8080,24571.0,17.0,12.0,437.0,2983.0,25.7,248.6,139194.81,1180.25,877.54,0,0,0,-1,1.0,BENIGN
80,258004.0,2.0,4.0,26.0,11064.0,13.25,2766.03,42986.16,23.26,51600.8,0,0,1,256,2.0,DDoS
123,69264.0,5.0,7.0,121.0,426.0,24.19,60.82,7892.69,173.25,6296.73,0,0,1,-1,1.0,BENIGN
80,15937.0,6.0,1.0,156.0,417.0,26.07,416.66,35959.53,439.23,2656.17,0,1,0,65535,0.0,BENIGN
80,98656.0,2.0,7.0,8.0,8370.0,3.98,1195.75,84923.75,91.23,12332.0,0,0,1,256,4.0,DDoS
80,61354.0,7.0,5.0,1000.0,7184.0,142.88,1436.71,133385.77,195.59,5577.64,0,1,0,29200,1.0,DoS Hulk
8080,15944.0,7.0,4.0,757.0,71.0,108.09,17.81,51923.45,689.91,1594.4,0,1,0,29200,1.0,BENIGN
22,463661.0,3.0,14.0,136.0,8455.0,45.35,603.92,18528.46,36.66,28978.81,0,1,0,-1,5.0,BENIGN
80,96543.0,4.0,5.0,1427.0,5813.0,356.87,1162.67,75001.1,93.22,12067.88,0,1,0,29200,1.0,DoS Hulk
80,173237.0,41.0,8.0,5020.0,937.0,122.45,117.09,34387.71,282.85,3609.1,0,0,0,8192,0.0,BENIGN
8080,2379460.0,16.0,2.0,759.0,491.0,47.42,245.39,525.12,7.56,139968.24,0,0,0,29200,0.0,BENIGN
443,51739.0,4.0,4.0,900.0,2784.0,225.04,695.96,71203.63,154.62,7391.29,0,1,1,65535,1.0,BENIGN
443,830.0,8.0,14.0,1147.0,691.0,143.34,49.39,2214670.29,26506.02,39.52,0,0,1,-1,2.0,BENIGN
80,25445.0,5.0,1.0,1764.0,2178.0,352.76,2177.92,154911.56,235.8,5089.0,0,1,0,29200,0.0,DoS Hulk
80,23700.0,1.0,11.0,81.0,3174.0,80.82,288.59,137353.56,506.33,2154.55,0,1,0,65535,11.0,BENIGN
977,21.0,1.0,1.0,1.0,4.0,1.09,3.92,238828.74,95238.1,21.0,0,0,0,0,1.0,PortScan
80,1024917.0,5.0,5.0,334.0,107.0,66.74,21.45,430.25,9.76,113879.67,0,1,1,256,1.0,BENIGN
8080,10432.0,6.0,5.0,434.0,4199.0,72.31,839.71,444057.47,1054.45,1043.2,0,0,0,65535,1.0,BENIGN
8080,76695.0,5.0,2.0,806.0,322.0,161.29,161.1,14715.75,91.27,12782.5,0,1,1,65535,0.0,BENIGN
80,12014312.0,3.0,5.0,18.0,12270.0,5.85,2454.05,1022.76,0.67,1716330.29,0,0,1,8192,2.0,DDoS
443,5475.0,6.0,31.0,416.0,838.0,69.28,27.03,228955.49,6757.99,152.08,0,1,1,29200,5.0,BENIGN
80,82221.0,21.0,6.0,893.0,4657.0,42.53,776.11,67498.9,328.38,3162.35,0,0,0,8192,0.0,BENIGN
59,33.0,1.0,1.0,1.0,3.0,0.71,3.2,118317.44,60606.06,33.0,0,0,0,29200,1.0,PortScan
443,1135.0,3.0,8.0,778.0,824.0,259.41,102.95,1411293.99,9691.63,113.5,0,0,1,8192,3.0,Bot
1022,8.0,1.0,1.0,2.0,2.0,1.95,1.86,476017.64,250000.0,8.0,1,0,0,0,1.0,PortScan
80,2405380.0,8.0,4.0,3878.0,6394.0,484.7,1598.41,4270.13,4.99,218670.91,0,0,0,251,0.0,DoS Hulk
22,88976.0,5.0,1.0,124.0,264.0,24.83,264.47,4367.87,67.43,17795.2,0,0,1,-1,0.0,BENIGN
53,483324.0,2.0,11.0,59.0,4182.0,29.28,380.23,8774.73,26.9,40277.0,0,1,0,8192,6.0,BENIGN
80,5644985.0,11.0,6.0,548.0,422.0,49.82,70.35,171.86,3.01,352811.56,0,0,0,8192,1.0,Web Attack - Brute Force
80,2459.0,11.0,7.0,515.0,1052.0,46.82,150.35,637440.47,7320.05,144.65,0,0,1,29200,1.0,BENIGN
53,119658.0,5.0,32.0,561.0,1202.0,112.12,37.57,14731.08,309.21,3323.83,0,0,0,8192,6.0,BENIGN
53,1383.0,4.0,28.0,220.0,9630.0,54.9,343.95,7122249.76,23138.11,44.61,0,0,0,65535,7.0,BENIGN
123,4886.0,40.0,5.0,10133.0,291.0,253.34,58.22,2133559.07,9209.99,111.05,0,1,1,65535,0.0,BENIGN
361,44.0,1.0,1.0,3.0,4.0,2.69,3.78,146962.21,45454.55,44.0,0,0,0,29200,1.0,PortScan
123,693123.0,2.0,2.0,19.0,214.0,9.63,106.92,336.32,5.77,231041.0,0,0,0,-1,1.0,BENIGN
443,55224.0,4.0,3.0,292.0,909.0,73.0,303.0,21747.56,126.76,9204.0,0,0,1,65535,1.0,BENIGN
123,48159.0,4.0,42.0,363.0,20049.0,90.83,477.37,423862.27,955.17,1070.2,0,0,0,29200,10.0,BENIGN
80,118975.0,8.0,4.0,1685.0,3195.0,210.57,798.75,41013.27,100.86,10815.91,0,0,0,29200,0.0,DoS Hulk
646,9.0,1.0,1.0,1.0,2.0,1.14,2.18,369595.68,222222.22,9.0,0,0,0,29200,1.0,PortScan
22,2968584.0,20.0,8.0,1232.0,3159.0,61.6,394.86,1479.14,9.43,109947.56,0,0,0,256,0.0,BENIGN
80,7067266.0,6.0,6.0,65.0,10644.0,10.75,1773.94,1515.18,1.7,642478.73,0,0,1,256,1.0,DDoS
80,11586611.0,5.0,2.0,27.0,8904.0,5.44,4451.85,770.79,0.6,1931101.83,0,0,1,8192,0.0,DDoS
80,97515.0,11.0,8.0,917.0,78.0,83.39,9.81,10211.25,194.84,5417.5,0,0,0,29200,1.0,BENIGN
53,934698.0,36.0,8.0,2437.0,420.0,67.69,52.47,3056.05,47.07,21737.16,1,1,1,-1,0.0,BENIGN
53,14119.0,3.0,7.0,85.0,1524.0,28.19,217.71,113929.51,708.27,1568.78,0,1,0,-1,2.0,BENIGN
80,115.0,84.0,3.0,9850.0,86.0,117.26,28.57,86394214.04,756521.74,1.34,0,1,0,29200,0.0,BENIGN
22,3065.0,10.0,11.0,1793.0,1844.0,179.35,167.6,1186652.01,6851.55,153.25,0,0,0,65535,1.0,BENIGN
80,314236.0,4.0,6.0,3013.0,22776.0,753.14,3796.07,82068.88,31.82,34915.11,0,1,0,29200,2.0,DoS Hulk
443,82583.0,7.0,2.0,566.0,278.0,80.83,139.12,10220.47,108.98,10322.88,0,1,1,256,0.0,BENIGN
443,27783.0,12.0,2.0,88.0,1112.0,7.33,555.82,43176.76,503.91,2137.15,0,1,0,-1,0.0,BENIGN
123,74330.0,11.0,2.0,602.0,60.0,54.75,30.14,8913.99,174.9,6194.17,0,1,0,-1,0.0,BENIGN
8080,29854.0,4.0,3.0,440.0,273.0,110.05,91.02,23892.07,234.47,4975.67,0,0,0,256,1.0,Bot
123,27822.0,3.0,8.0,59.0,477.0,19.62,59.66,19271.87,395.37,2782.2,0,1,0,65535,3.0,BENIGN
80,259323.0,4.0,4.0,2667.0,4227.0,666.65,1056.74,26582.88,30.85,37046.14,0,1,1,251,1.0,DoS Hulk
443,201337.0,9.0,1.0,2643.0,53.0,293.61,53.26,13389.4,49.67,22370.78,1,0,0,256,0.0,BENIGN
443,215.0,8.0,3.0,73.0,2048.0,9.15,682.52,9863857.91,51162.79,21.5,0,1,0,29200,0.0,BENIGN
8080,167365.0,6.0,5.0,596.0,1168.0,99.26,233.61,10537.79,65.72,16736.5,0,0,0,8192,1.0,BENIGN
80,14637.0,20.0,3.0,1034.0,342.0,51.69,114.02,94001.64,1571.36,665.32,0,1,0,256,0.0,BENIGN
443,65523.0,8.0,5.0,433.0,441.0,54.12,88.19,13338.07,198.4,5460.25,0,1,0,29200,1.0,BENIGN
123,389671.0,7.0,3.0,365.0,5617.0,52.16,1872.35,15351.84,25.66,43296.78,0,0,0,-1,0.0,BENIGN
80,58528.0,4.0,5.0,15.0,10380.0,3.7,2076.0,177603.9,153.77,7316.0,0,0,1,256,1.0,DDoS
53,85268.0,2.0,3.0,88.0,1199.0,44.21,399.76,15101.79,58.64,21317.0,0,0,0,-1,2.0,BENIGN
80,73988.0,4.0,3.0,82.0,1639.0,20.53,546.35,23262.79,94.61,12331.33,1,1,0,256,1.0,BENIGN
123,13660.0,14.0,15.0,3125.0,4491.0,223.19,299.41,557530.75,2122.99,487.86,0,0,1,29200,1.0,BENIGN
22,14348.0,15.0,12.0,490.0,3545.0,32.65,295.41,281197.35,1881.8,551.85,1,0,0,65535,1.0,BENIGN
80,1974752.0,4.0,1.0,12.0,2649.0,2.95,2648.97,1347.4,2.53,493688.0,0,0,1,256,0.0,DDoS
22,149255.0,9.0,3.0,463.0,747.0,51.45,249.07,8108.53,80.4,13568.64,0,0,1,65535,0.0,BENIGN
8080,4800485.0,6.0,24.0,50.0,5379.0,8.34,224.12,1130.92,6.25,165533.97,0,0,1,29200,4.0,BENIGN
80,4028285.0,1.0,5.0,11.0,17468.0,10.55,3493.67,4339.05,1.49,805657.0,0,0,1,256,5.0,DDoS
496,30.0,1.0,1.0,1.0,6.0,1.03,5.69,223994.05,66666.67,30.0,0,1,0,29200,1.0,PortScan
123,39188.0,8.0,8.0,343.0,527.0,42.84,65.93,22204.85,408.29,2612.53,0,0,0,-1,1.0,BENIGN
80,108380.0,7.0,9.0,3309.0,19913.0,472.66,2212.61,214265.06,147.63,7225.33,0,1,0,251,1.0,DoS Hulk
53,34785.0,31.0,7.0,1090.0,2231.0,35.16,318.73,95474.86,1092.42,940.14,0,0,1,29200,0.0,BENIGN
80,52169.0,8.0,3.0,1292.0,1261.0,161.45,420.29,48926.55,210.85,5216.9,0,1,1,256,0.0,BENIGN
8080,44507.0,3.0,26.0,844.0,1434.0,281.33,55.16,51186.11,651.58,1589.54,0,1,1,256,9.0,BENIGN
22,2452.0,9.0,4.0,543.0,383.0,60.39,95.82,377964.68,5301.79,204.33,0,0,0,256,0.0,BENIGN
80,866941.0,5.0,3.0,2005.0,3251.0,400.93,1083.8,6062.76,9.23,123848.71,0,1,0,251,1.0,DoS Hulk
22,112669.0,3.0,2.0,388.0,225.0,129.48,112.74,5448.88,44.38,28167.25,0,0,1,-1,1.0,BENIGN
80,5511164.0,13.0,7.0,339.0,710.0,26.08,101.42,190.34,3.63,290061.26,1,1,0,256,1.0,BENIGN
123,193181.0,24.0,3.0,22112.0,218.0,921.34,72.68,115591.83,139.77,7430.04,0,0,0,-1,0.0,BENIGN
80,136809.0,7.0,5.0,4052.0,20434.0,578.88,4086.74,178978.73,87.71,12437.18,0,0,0,29200,1.0,DoS Hulk
80,10130.0,9.0,4.0,4647.0,28420.0,516.38,7105.05,3264324.97,1283.32,844.17,0,1,0,29200,0.0,DoS Hulk
22,412022.0,4.0,8.0,2560.0,270.0,640.01,33.73,6868.16,29.12,37456.55,0,1,0,256,2.0,BENIGN
80,103059.0,4.0,8.0,1862.0,20765.0,465.38,2595.66,219552.37,116.44,9369.0,1,1,0,29200,2.0,DoS Hulk
80,199301.0,7.0,100.0,1369.0,41750.0,195.61,417.5,216354.38,536.88,1880.2,0,0,0,256,14.0,BENIGN
123,118718.0,4.0,4.0,185.0,105.0,46.23,26.35,2445.58,67.39,16959.71,0,1,0,65535,1.0,BENIGN
123,2796.0,3.0,21.0,60.0,12735.0,19.85,606.42,4575944.83,8583.69,121.57,0,1,1,256,7.0,BENIGN
443,3093.0,12.0,4.0,3447.0,8379.0,287.26,2094.74,3823488.52,5172.97,206.2,0,0,0,256,0.0,BENIGN
80,2907986.0,3.0,1.0,2322.0,2304.0,773.89,2303.78,1590.6,1.38,969328.67,0,1,0,29200,0.0,DoS Hulk
22,294736.0,3.0,3.0,160.0,215.0,53.36,71.65,1272.44,20.36,58947.2,0,0,0,65535,1.0,BENIGN
53,591714.0,2.0,40.0,5.0,18030.0,2.5,450.75,30479.4,70.98,14432.05,0,1,0,29200,20.0,BENIGN
8080,4441.0,4.0,9.0,41.0,559.0,10.24,62.07,135004.85,2927.27,370.08,0,1,0,29200,2.0,BENIGN
465,111.0,2.0,2.0,4.0,28.0,1.99,13.96,287346.11,36036.04,37.0,1,0,0,1024,1.0,PortScan
22,286126.0,6.0,6.0,443.0,293.0,73.82,48.78,2571.0,41.94,26011.45,0,0,1,8192,1.0,BENIGN
443,3853.0,1.0,2.0,54.0,353.0,54.04,176.54,105663.19,778.61,1926.5,0,0,0,8192,2.0,BENIGN
8080,1656788.0,41.0,2.0,572.0,210.0,13.96,104.76,471.87,25.95,39447.33,0,0,1,29200,0.0,BENIGN
8080,39593848.0,4.0,1.0,98.0,501.0,24.57,501.48,15.15,0.13,9898462.0,1,0,0,29200,0.0,BENIGN
8080,148634.0,4.0,6.0,56.0,2661.0,13.9,443.49,18276.43,67.28,16514.89,0,0,0,8192,2.0,BENIGN
22,99884.0,6.0,2.0,641.0,269.0,106.86,134.47,9111.46,80.09,14269.14,0,0,0,29200,0.0,BENIGN
22,5357384.0,30.0,9.0,1080.0,9938.0,35.99,1104.25,2056.61,7.28,140983.79,0,0,0,8192,0.0,BENIGN
123,67249654.0,9.0,12.0,348.0,220.0,38.72,18.37,8.46,0.31,3362482.7,0,1,1,8192,1.0,BENIGN
464,62.0,1.0,1.0,2.0,3.0,1.71,2.52,68218.8,32258.06,62.0,1,0,0,1024,1.0,PortScan
443,482296.0,10.0,9.0,126.0,538.0,12.62,59.75,1376.74,39.39,26794.22,1,1,1,65535,1.0,BENIGN
202,34.0,1.0,1.0,1.0,5.0,0.95,4.68,165598.25,58823.53,34.0,0,0,0,0,1.0,PortScan
443,2474.0,5.0,2.0,637.0,57.0,127.38,28.68,280619.37,2829.43,412.33,0,0,0,-1,0.0,BENIGN
123,26523.0,14.0,6.0,1296.0,3646.0,92.55,607.69,186322.01,754.06,1395.95,0,1,0,8192,0.0,BENIGN
123,5675195.0,8.0,2.0,1136.0,1216.0,142.04,608.19,414.56,1.76,630577.22,0,0,0,65535,0.0,BENIGN
53,304255.0,6.0,1.0,630.0,385.0,104.92,385.21,3335.2,23.01,50709.17,0,0,1,-1,0.0,BENIGN
443,950728.0,4.0,2.0,130.0,1199.0,32.43,599.54,1397.66,6.31,190145.6,0,0,1,256,0.0,BENIGN
22,138101.0,1.0,3.0,79.0,158.0,78.57,52.64,1712.52,28.96,46033.67,1,1,1,65535,3.0,BENIGN
53,75011.0,1.0,10.0,22.0,518.0,21.73,51.77,7191.56,146.65,7501.1,0,1,0,65535,10.0,BENIGN
8080,305239.0,31.0,1.0,1207.0,81.0,38.94,81.17,4220.93,104.84,9846.42,0,0,1,256,0.0,BENIGN
80,273.0,10.0,4.0,318.0,2382.0,31.78,595.44,9888501.08,51282.05,21.0,0,0,0,29200,0.0,BENIGN
64,26.0,2.0,1.0,3.0,2.0,1.43,2.36,200746.72,115384.62,13.0,1,0,0,29200,0.0,PortScan
80,165715.0,6.0,2.0,848.0,2261.0,141.32,1130.38,18759.08,48.28,23673.57,0,1,0,29200,0.0,DoS Hulk
22,38526.0,30.0,12.0,549.0,2847.0,18.29,237.26,88141.42,1090.17,939.66,0,1,0,-1,0.0,BENIGN
22,25920.0,11.0,8.0,695.0,1675.0,63.19,209.41,91449.62,733.02,1440.0,0,1,0,256,1.0,BENIGN
80,86027.0,6.0,3.0,1746.0,5570.0,291.08,1856.82,85054.12,104.62,10753.38,0,0,0,29200,0.0,DoS Hulk
443,185822.0,6.0,8.0,105.0,268.0,17.55,33.52,2009.59,75.34,14294.0,0,0,0,256,1.0,BENIGN
80,37106.0,7.0,6.0,1893.0,4610.0,270.39,768.28,175238.7,350.35,3092.17,0,1,0,29200,1.0,DoS Hulk
80,32429.0,4.0,2.0,66.0,1440.0,16.51,719.98,46440.07,185.02,6485.8,0,0,0,8192,0.0,BENIGN
355,44.0,1.0,1.0,3.0,6.0,3.12,5.6,198275.02,45454.55,44.0,0,0,0,29200,1.0,PortScan
123,11613.0,11.0,3.0,111.0,521.0,10.12,173.57,54428.12,1205.55,893.31,0,0,1,65535,0.0,BENIGN
53,2269626.0,12.0,89.0,852.0,13635.0,70.98,153.2,6382.95,44.5,22696.26,0,0,0,256,7.0,BENIGN
22,1081403.0,3.0,1.0,197.0,54.0,65.73,54.39,232.65,3.7,360467.67,0,0,1,8192,0.0,BENIGN
80,683331.0,6.0,5.0,78.0,4370.0,13.03,873.98,6509.34,16.1,68333.1,0,0,0,65535,1.0,BENIGN
22,99048.0,3.0,6.0,129.0,1692.0,43.01,281.97,18383.92,90.87,12381.0,0,0,0,256,2.0,BENIGN
22,18847.0,28.0,5.0,475.0,91.0,16.97,18.21,30048.78,1750.94,588.97,0,0,1,-1,0.0,BENIGN
123,14698.0,4.0,9.0,142.0,1932.0,35.41,214.62,141058.08,884.47,1224.83,0,0,1,65535,2.0,BENIGN
123,14161.0,5.0,10.0,126.0,386.0,25.23,38.6,36163.03,1059.25,1011.5,0,1,0,256,2.0,BENIGN
443,109781.0,27.0,1.0,5458.0,49.0,202.16,49.41,50170.24,255.05,4065.96,0,1,1,-1,0.0,BENIGN
443,30417.0,8.0,2.0,186.0,223.0,23.24,111.62,13450.96,328.76,3379.67,0,0,0,256,0.0,BENIGN
8080,159.0,4.0,5.0,102.0,5681.0,25.59,1136.19,36373051.88,56603.77,19.88,0,1,1,-1,1.0,BENIGN
80,151430.0,5.0,5.0,1308.0,3976.0,261.69,795.2,34897.28,66.04,16825.56,0,1,0,29200,1.0,DoS Hulk
80,133674.0,8.0,16.0,7697.0,52519.0,962.1,3282.43,450466.95,179.54,5811.91,0,1,1,29200,2.0,DoS Hulk
8080,199161.0,4.0,12.0,112.0,11422.0,27.96,951.87,57914.53,80.34,13277.4,0,1,1,8192,3.0,BENIGN
8080,59790.0,22.0,3.0,6198.0,530.0,281.72,176.69,112525.14,418.13,2491.25,0,0,1,29200,0.0,BENIGN
123,1056.0,10.0,3.0,44.0,128.0,4.43,42.76,163466.17,12310.61,88.0,0,0,1,-1,0.0,BENIGN
80,39467.0,7.0,3.0,2401.0,3660.0,342.99,1219.97,153567.54,253.38,4385.22,0,0,0,251,0.0,DoS Hulk
80,136069.0,5.0,15.0,96.0,7409.0,19.19,493.91,55152.62,146.98,7161.53,0,0,0,8192,3.0,BENIGN
80,101205.0,7.0,3.0,3792.0,10622.0,541.78,3540.71,142429.66,98.81,11245.0,0,1,1,251,0.0,DoS Hulk
123,1819.0,8.0,2.0,303.0,6.0,37.84,2.9,169594.07,5497.53,202.11,0,0,0,-1,0.0,BENIGN
80,4944.0,4.0,5.0,1924.0,420.0,481.01,83.91,474021.91,1820.39,618.0,0,1,0,256,1.0,Bot
80,15760.0,18.0,4.0,1123.0,504.0,62.39,125.88,103202.43,1395.94,750.48,0,0,1,-1,0.0,BENIGN
771,43.0,1.0,1.0,2.0,4.0,2.22,3.62,135809.43,46511.63,43.0,1,0,0,0,1.0,PortScan
497,64.0,1.0,1.0,1.0,3.0,1.17,3.46,72385.7,31250.0,64.0,1,0,0,0,1.0,PortScan
80,116299.0,6.0,6.0,1855.0,20808.0,309.24,3468.06,194875.12,103.18,10572.64,0,1,1,29200,1.0,DoS Hulk
80,297444.0,4.0,3.0,15.0,11630.0,3.73,3876.76,39150.92,23.53,49574.0,0,0,1,256,1.0,DDoS
80,10621.0,3.0,6.0,43.0,523.0,14.23,87.18,53271.67,847.38,1327.62,0,0,1,256,2.0,BENIGN
80,151975.0,4.0,4.0,11.0,14396.0,2.8,3598.91,94797.54,52.64,21710.71,0,0,1,256,1.0,DDoS
609,87.0,1.0,1.0,3.0,3.0,2.55,3.17,65763.59,22988.51,87.0,1,0,0,0,1.0,PortScan
80,406.0,8.0,7.0,680.0,20986.0,85.06,2997.96,53364895.69,36945.81,29.0,0,1,1,-1,1.0,BENIGN
8080,123997.0,22.0,26.0,3644.0,1891.0,165.64,72.74,44641.87,387.11,2638.23,0,0,0,256,1.0,BENIGN
80,526896.0,2.0,4.0,14.0,12949.0,7.25,3237.36,24604.37,11.39,105379.2,0,0,1,8192,2.0,DDoS
53,1957.0,2.0,39.0,40.0,12185.0,19.97,312.43,6246726.53,20950.43,48.92,0,0,0,8192,20.0,BENIGN
443,35948.0,10.0,3.0,804.0,917.0,80.39,305.66,47870.31,361.63,2995.67,0,1,0,65535,0.0,BENIGN
443,186475.0,4.0,6.0,213.0,318.0,53.18,53.02,2846.89,53.63,20719.44,0,1,0,-1,2.0,BENIGN
80,4502.0,3.0,7.0,264.0,71.0,88.01,10.1,74354.83,2221.24,500.22,0,0,1,8192,2.0,BENIGN
443,3058353.0,21.0,1.0,1018.0,288.0,48.49,287.73,427.06,7.19,145635.86,0,0,0,8192,0.0,BENIGN
123,290160.0,41.0,6.0,624.0,650.0,15.23,108.28,4390.39,161.98,6307.83,0,1,1,65535,0.0,BENIGN
443,64878.0,5.0,4.0,329.0,464.0,65.71,116.03,12218.16,138.72,8109.75,0,1,0,256,1.0,BENIGN
22,491.0,6.0,10.0,752.0,44.0,125.41,4.45,1623075.13,32586.56,32.73,0,0,1,-1,2.0,BENIGN
80,478102.0,1.0,2.0,12.0,1280.0,11.73,640.12,2702.28,6.27,239051.0,0,0,0,256,2.0,BENIGN
80,5688680.0,9.0,11.0,398.0,2132.0,44.22,193.8,444.7,3.52,299404.21,0,1,1,29200,1.0,Web Attack - Brute Force
53,143.0,6.0,10.0,542.0,1864.0,90.41,186.4,16827901.13,111888.11,9.53,1,0,0,29200,2.0,BENIGN
80,54745.0,15.0,2.0,327.0,539.0,21.8,269.42,15815.08,310.53,3421.56,0,1,0,256,0.0,BENIGN
80,5510292.0,9.0,7.0,720.0,1463.0,80.05,208.95,396.18,2.9,367352.8,0,1,0,29200,1.0,Web Attack - Brute Force
80,1478.0,1.0,12.0,49.0,8964.0,49.38,746.96,6098060.47,8795.67,123.17,0,0,1,-1,12.0,BENIGN
80,417574.0,3.0,11.0,1843.0,23658.0,614.45,2150.74,61070.51,33.53,32121.08,0,1,0,251,4.0,DoS Hulk
443,1508173.0,9.0,2.0,607.0,525.0,67.46,262.32,750.42,7.29,150817.3,0,1,1,29200,0.0,BENIGN
123,25419764.0,10.0,5.0,1483.0,252.0,148.31,50.4,68.26,0.59,1815697.43,0,1,0,256,0.0,BENIGN
8080,2238.0,6.0,12.0,1118.0,3914.0,186.39,326.17,2248619.45,8042.9,131.65,0,0,1,65535,2.0,Bot
620,20.0,1.0,1.0,1.0,1.0,1.2,1.2,120259.15,100000.0,20.0,0,0,0,29200,1.0,PortScan
53,33204.0,12.0,1.0,1241.0,345.0,103.45,344.8,47772.38,391.52,2767.0,0,0,0,65535,0.0,BENIGN
123,102797.0,10.0,3.0,3127.0,660.0,312.73,219.88,36839.1,126.46,8566.42,0,0,1,29200,0.0,BENIGN
123,1811481.0,10.0,4.0,4503.0,273.0,450.33,68.37,2636.95,7.73,139344.69,0,0,0,256,0.0,BENIGN
123,1557999.0,2.0,15.0,106.0,1334.0,52.85,88.96,924.34,10.91,97374.94,0,1,1,65535,8.0,BENIGN
53,263.0,14.0,5.0,698.0,182.0,49.86,36.32,3344956.07,72243.35,14.61,0,0,0,8192,0.0,BENIGN
22,313848.0,2.0,25.0,346.0,872.0,172.83,34.87,3879.21,86.03,12071.08,0,0,0,-1,12.0,BENIGN
443,4534.0,4.0,4.0,617.0,125.0,154.16,31.33,163644.79,1764.45,647.71,0,0,0,256,1.0,BENIGN
123,1016346.0,4.0,14.0,537.0,11864.0,134.17,847.45,12201.61,17.71,59785.06,0,0,0,65535,4.0,BENIGN
53,1448614.0,3.0,7.0,181.0,445.0,60.39,63.53,432.05,6.9,160957.11,0,0,1,-1,2.0,BENIGN
80,147976.0,8.0,1.0,246.0,51.0,30.72,50.79,2003.84,60.82,18497.0,0,0,1,29200,0.0,BENIGN
8080,2317242.0,13.0,5.0,166.0,181.0,12.75,36.25,149.76,7.77,136308.35,0,0,0,65535,0.0,BENIGN
22,40690.0,9.0,10.0,520.0,1735.0,57.81,173.5,55425.58,466.95,2260.56,0,0,1,65535,1.0,BENIGN
443,4367.0,2.0,2.0,326.0,221.0,162.84,110.74,125291.6,915.96,1455.67,0,0,0,8192,1.0,BENIGN
22,6934.0,5.0,16.0,779.0,2666.0,155.86,166.6,496806.7,3028.55,346.7,0,0,1,256,3.0,BENIGN
8080,418494.0,15.0,9.0,557.0,732.0,37.12,81.3,3078.9,57.35,18195.39,0,0,0,65535,1.0,BENIGN
80,738156.0,2.0,4.0,11.0,9147.0,5.61,2286.74,12406.84,8.13,147631.2,0,0,1,8192,2.0,DDoS
22,5617052.0,1.0,3.0,34.0,2118.0,34.08,706.03,383.15,0.71,1872350.67,0,0,0,-1,3.0,BENIGN
80,72569.0,2.0,7.0,144.0,111.0,71.77,15.86,3508.21,124.02,9071.12,0,1,0,65535,4.0,Bot
123,3896.0,5.0,8.0,1039.0,2363.0,207.75,295.39,873159.79,3336.76,324.67,0,0,1,65535,2.0,BENIGN
80,281465.0,12.0,8.0,458.0,2419.0,38.17,302.41,10222.93,71.06,14813.95,0,0,1,256,1.0,BENIGN
80,7440143.0,3.0,4.0,21.0,11111.0,6.98,2777.67,1496.16,0.94,1240023.83,0,0,1,8192,1.0,DDoS
443,104811.0,6.0,3.0,154.0,5288.0,25.63,1762.52,51915.84,85.87,13101.38,0,1,1,29200,0.0,BENIGN
80,6785135.0,39.0,17.0,1618.0,2251.0,41.49,132.42,570.25,8.25,123366.09,1,0,0,29200,0.0,Web Attack - Brute Force
80,99563.0,6.0,5.0,1741.0,12278.0,290.23,2455.67,140812.92,110.48,9956.3,0,0,0,29200,1.0,DoS Hulk
80,5763.0,9.0,14.0,3915.0,29684.0,434.97,2120.26,5830004.11,3990.98,261.95,0,0,0,29200,2.0,DoS Hulk
80,33056.0,2.0,3.0,24.0,15662.0,12.04,5220.82,474544.14,151.26,8264.0,0,0,0,256,2.0,DDoS
443,6614.0,9.0,2.0,2329.0,776.0,258.81,388.18,469560.15,1663.14,661.4,0,1,0,-1,0.0,BENIGN
80,11773.0,25.0,13.0,3550.0,2231.0,142.0,171.62,491045.57,3227.72,318.19,0,1,1,-1,1.0,BENIGN
53,1730.0,3.0,33.0,12.0,3132.0,3.97,94.91,1817303.75,20809.25,49.43,0,1,0,8192,11.0,BENIGN
443,182892.0,8.0,6.0,1525.0,1418.0,190.66,236.39,16094.84,76.55,14068.62,0,0,1,8192,1.0,BENIGN
123,3255.0,17.0,4.0,1477.0,63.0,86.9,15.81,473291.71,6451.61,162.75,0,1,0,256,0.0,BENIGN
123,936542.0,14.0,15.0,574.0,831.0,41.02,55.42,1500.71,30.96,33447.93,0,1,0,-1,1.0,BENIGN
53,162881.0,4.0,1.0,407.0,142.0,101.81,141.95,3371.69,30.7,40720.25,0,0,0,256,0.0,BENIGN
53,4183.0,8.0,23.0,330.0,1584.0,41.24,68.86,457472.21,7410.95,139.43,0,0,1,8192,3.0,BENIGN
80,846606.0,7.0,6.0,21.0,20431.0,3.03,3405.17,24157.86,15.36,70550.5,0,0,1,256,1.0,DDoS
123,31847.0,2.0,0.0,15.0,0.0,7.31,0.0,458.78,62.8,31847.0,0,1,0,256,0.0,BENIGN
80,420.0,3.0,14.0,152.0,959.0,50.74,68.52,2646254.3,40476.19,26.25,0,1,0,256,5.0,BENIGN
80,157378.0,2.0,4.0,7.0,15904.0,3.25,3975.99,101097.03,38.12,31475.6,0,0,1,256,2.0,DDoS
443,786.0,10.0,5.0,449.0,3062.0,44.93,612.4,4467221.19,19083.97,56.14,0,0,0,29200,0.0,BENIGN
443,128257.0,5.0,39.0,169.0,3344.0,33.84,85.74,27391.54,343.06,2982.72,0,1,1,29200,8.0,BENIGN
80,3860002.0,2.0,4.0,19.0,7299.0,9.59,1824.71,1895.86,1.55,772000.4,0,0,0,8192,2.0,DDoS
817,59.0,1.0,1.0,5.0,16.0,4.86,16.38,359975.04,33898.31,59.0,1,0,0,1024,1.0,PortScan
80,39283.0,3.0,6.0,376.0,3742.0,125.33,623.59,104816.27,229.11,4910.38,0,0,0,256,2.0,Bot
80,54774.0,6.0,24.0,41.0,848.0,6.9,35.35,16245.93,547.71,1888.76,0,0,1,65535,4.0,BENIGN
80,126092.0,3.0,4.0,9.0,6707.0,2.99,1676.83,53264.97,55.52,21015.33,0,0,1,256,1.0,DDoS
8080,2203950.0,4.0,2.0,330.0,131.0,82.57,65.5,209.29,2.72,440790.0,0,1,1,8192,0.0,BENIGN
443,5910753.0,10.0,30.0,952.0,1733.0,95.22,57.77,454.32,6.77,151557.77,0,0,0,-1,3.0,BENIGN
80,6133.0,9.0,31.0,10530.0,5172.0,1169.96,166.83,2560158.77,6522.09,157.26,0,1,0,29200,3.0,BENIGN
80,207079.0,10.0,19.0,895.0,2760.0,89.52,145.27,17651.65,140.04,7395.68,0,0,0,256,2.0,BENIGN
80,970195.0,10.0,7.0,4216.0,2221.0,421.58,317.32,6634.77,17.52,60637.19,0,0,0,29200,1.0,Web Attack - Brute Force
80,3835668.0,2.0,4.0,39.0,8756.0,19.27,2188.93,2292.76,1.56,767133.6,0,0,1,8192,2.0,DDoS
422,61.0,1.0,2.0,1.0,6.0,0.93,2.77,106108.66,49180.33,30.5,1,0,0,29200,2.0,PortScan
53,83355.0,1.0,11.0,43.0,674.0,42.75,61.3,8602.17,143.96,7577.73,0,1,0,8192,11.0,BENIGN
80,140113.0,3.0,6.0,36.0,22828.0,12.08,3804.65,163183.46,64.23,17514.12,0,0,0,256,2.0,DDoS
53,6074210.0,1.0,5.0,15.0,3528.0,14.93,705.68,583.34,0.99,1214842.0,0,0,0,-1,5.0,BENIGN
123,47976.0,17.0,8.0,821.0,1433.0,48.27,179.18,46983.82,521.09,1999.0,0,1,1,29200,0.0,BENIGN
80,312109.0,15.0,1.0,667.0,199.0,44.48,199.33,2776.4,51.26,20807.27,0,1,0,256,0.0,BENIGN
53,452618.0,4.0,7.0,100.0,2652.0,24.97,378.82,6079.39,24.3,45261.8,0,0,0,8192,2.0,BENIGN
8080,331192.0,10.0,20.0,868.0,1112.0,86.84,55.61,5980.27,90.58,11420.41,1,0,1,256,2.0,Bot
80,92177.0,8.0,9.0,664.0,76.0,83.01,8.47,8032.3,184.43,5761.06,0,1,0,29200,1.0,BENIGN
53,1176268.0,2.0,25.0,28.0,4351.0,14.11,174.05,3723.27,22.95,45241.08,1,0,0,29200,12.0,BENIGN
80,1500202.0,7.0,13.0,1911.0,333.0,273.04,25.59,1495.78,13.33,78958.0,0,0,1,256,2.0,BENIGN
357,39.0,2.0,1.0,3.0,11.0,1.47,11.08,359639.43,76923.08,19.5,1,0,0,1024,0.0,PortScan
8080,46595.0,8.0,5.0,334.0,588.0,41.8,117.59,19795.0,279.0,3882.92,0,1,0,29200,1.0,BENIGN
80,1332.0,14.0,11.0,474.0,626.0,33.85,56.89,825653.88,18768.77,55.5,0,0,1,29200,1.0,BENIGN
53,15445.0,11.0,3.0,708.0,463.0,64.37,154.3,75817.69,906.44,1188.08,0,0,1,-1,0.0,BENIGN
80,268889.0,4.0,5.0,33.0,8292.0,8.17,1658.39,30959.41,33.47,33611.12,0,0,1,256,1.0,DDoS
8080,32390.0,2.0,31.0,131.0,2547.0,65.61,82.15,82676.39,1018.83,1012.19,0,0,0,65535,16.0,BENIGN
80,1380995.0,18.0,5.0,1562.0,4695.0,86.79,938.92,4530.69,16.65,62772.5,0,1,0,29200,0.0,Web Attack - Brute Force
8080,911679.0,2.0,19.0,100.0,11675.0,49.98,614.47,12915.52,23.03,45583.95,0,0,0,8192,10.0,BENIGN
80,823855.0,4.0,3.0,603.0,6549.0,150.81,2183.14,8681.97,8.5,137309.17,0,1,1,251,1.0,DoS Hulk
443,1695512.0,17.0,4.0,27.0,200.0,1.6,49.96,133.92,12.39,84775.6,0,0,1,65535,0.0,BENIGN
22,1875415.0,15.0,10.0,416.0,5291.0,27.73,529.08,3042.87,13.33,78142.29,0,0,0,65535,1.0,BENIGN
80,27813.0,1.0,12.0,26.0,2596.0,25.77,216.37,94278.58,467.41,2317.75,0,1,0,29200,12.0,BENIGN
80,5147543.0,3.0,7.0,16.0,13250.0,5.23,1892.89,2577.14,1.94,571949.22,0,0,1,8192,2.0,DDoS
80,59399.0,6.0,2.0,2443.0,18121.0,407.2,9060.52,346205.01,134.68,8485.57,0,1,1,29200,0.0,DoS Hulk
8080,3174594.0,3.0,14.0,153.0,2587.0,51.11,184.76,863.09,5.36,198412.12,0,1,0,65535,5.0,BENIGN
80,253765.0,5.0,7.0,2111.0,24093.0,422.14,3441.8,103258.3,47.29,23069.55,0,1,1,251,1.0,DoS Hulk
443,240135.0,5.0,10.0,98.0,2668.0,19.68,266.77,11518.76,62.46,17152.5,0,0,0,29200,2.0,BENIGN
80,10580584.0,2.0,2.0,33.0,6691.0,16.59,3345.51,635.52,0.38,3526861.33,0,0,1,256,1.0,DDoS
443,407703.0,2.0,4.0,106.0,413.0,52.84,103.23,1272.02,14.72,81540.6,0,0,1,256,2.0,BENIGN
711,55.0,2.0,2.0,2.0,3.0,0.82,1.55,86404.65,72727.27,18.33,0,0,0,0,1.0,PortScan
80,58997.0,4.0,10.0,962.0,16434.0,240.53,1643.38,294861.59,237.3,4538.23,0,1,0,29200,2.0,DoS Hulk
80,50607.0,3.0,5.0,232.0,3636.0,77.44,727.18,76435.79,158.08,7229.57,0,0,1,29200,2.0,DoS Hulk
22,268982.0,48.0,4.0,1039.0,170.0,21.66,42.54,4497.05,193.32,5274.16,1,0,0,-1,0.0,BENIGN
443,156130.0,7.0,5.0,1663.0,468.0,237.6,93.6,13649.94,76.86,14193.64,0,0,1,29200,1.0,BENIGN
22,6298323.0,3.0,20.0,134.0,183.0,44.81,9.17,50.47,3.65,286287.41,0,0,1,256,7.0,BENIGN
80,35850.0,14.0,4.0,1418.0,1240.0,101.29,309.95,74137.48,502.09,2108.82,0,0,1,29200,0.0,BENIGN
80,66324.0,3.0,5.0,981.0,5888.0,327.05,1177.69,103576.25,120.62,9474.86,0,1,0,29200,2.0,DoS Hulk
123,11604.0,3.0,1.0,350.0,55.0,116.78,54.66,34900.84,344.71,3868.0,0,0,0,256,0.0,BENIGN
80,882370.0,5.0,14.0,847.0,8544.0,169.5,610.28,10643.46,21.53,49020.56,0,0,0,29200,3.0,Web Attack - Brute Force
8080,616.0,14.0,9.0,3198.0,1681.0,228.43,186.81,7920987.59,37337.66,28.0,0,0,0,8192,1.0,BENIGN
53,197565.0,5.0,5.0,186.0,629.0,37.24,125.79,4125.91,50.62,21951.67,0,1,0,256,1.0,BENIGN
22,1660122.0,12.0,7.0,1710.0,1865.0,142.53,266.4,2153.57,11.44,92229.0,0,0,0,-1,1.0,BENIGN
80,3602853.0,6.0,5.0,11.0,10031.0,1.81,2006.25,2787.27,3.05,360285.3,0,0,1,256,1.0,DDoS
8080,19835.0,6.0,57.0,224.0,5018.0,37.28,88.03,264251.86,3176.2,319.92,0,1,0,29200,10.0,BENIGN
8080,35471.0,10.0,23.0,146.0,1236.0,14.57,53.73,38944.5,930.34,1108.47,0,1,0,29200,2.0,BENIGN
22,967446.0,5.0,34.0,1170.0,20805.0,233.98,611.9,22713.82,40.31,25459.11,0,0,0,65535,7.0,BENIGN
80,1040808.0,6.0,5.0,1614.0,5098.0,269.0,1019.66,6449.12,10.57,104080.8,0,1,0,29200,1.0,DoS Hulk
80,25763.0,18.0,33.0,1083.0,16771.0,60.19,508.22,693033.45,1979.58,515.26,0,0,0,-1,2.0,BENIGN
22,75121.0,18.0,3.0,1551.0,125.0,86.17,41.52,22306.58,279.55,3756.05,0,0,0,-1,0.0,BENIGN
22,842.0,48.0,2.0,6564.0,228.0,136.74,114.14,8066286.95,59382.42,17.18,0,1,1,29200,0.0,BENIGN
8080,136725.0,3.0,19.0,235.0,3871.0,78.34,203.72,30028.93,160.91,6510.71,0,0,0,65535,6.0,BENIGN
443,598916.0,43.0,8.0,2072.0,6730.0,48.18,841.24,14695.9,85.15,11978.32,0,0,0,256,0.0,BENIGN
443,86236.0,10.0,2.0,947.0,112.0,94.73,56.15,12286.57,139.15,7839.64,0,1,0,65535,0.0,BENIGN
443,571.0,15.0,31.0,1041.0,2087.0,69.39,67.31,5476967.85,80560.42,12.69,0,0,0,8192,2.0,BENIGN
53,184415.0,25.0,23.0,10686.0,19769.0,427.44,859.51,165141.59,260.28,3923.72,0,0,0,29200,1.0,BENIGN
22,5101.0,5.0,4.0,78.0,721.0,15.57,180.35,156687.14,1764.36,637.62,0,0,1,29200,1.0,BENIGN
22,688.0,4.0,50.0,34.0,4288.0,8.47,85.77,6282330.75,78488.37,12.98,0,0,1,65535,12.0,BENIGN
508,27.0,1.0,1.0,1.0,3.0,1.1,3.43,167801.26,74074.07,27.0,1,0,1,0,1.0,PortScan
443,3859.0,10.0,17.0,479.0,6321.0,47.89,371.81,1762036.82,6996.63,148.42,0,1,0,-1,2.0,BENIGN
80,71047.0,2.0,8.0,221.0,2246.0,110.55,280.69,34717.96,140.75,7894.11,0,0,1,8192,4.0,Bot
443,120013.0,10.0,1.0,197.0,41.0,19.66,41.25,1982.1,91.66,12001.3,0,0,0,256,0.0,BENIGN
8080,15387.0,10.0,7.0,660.0,133.0,65.99,19.05,51557.17,1104.83,961.69,0,0,0,256,1.0,BENIGN
8080,71345.0,14.0,4.0,483.0,245.0,34.52,61.2,10204.47,252.3,4196.76,0,0,1,65535,0.0,BENIGN
123,42089.0,2.0,3.0,182.0,178.0,90.86,59.31,8544.97,118.8,10522.25,0,0,1,8192,2.0,BENIGN
80,3551196.0,5.0,5.0,69.0,15764.0,13.86,3152.77,4458.53,2.82,394577.33,0,0,1,256,1.0,DDoS
80,3341118.0,6.0,9.0,55.0,34368.0,9.12,3818.68,10302.78,4.49,238651.29,0,0,1,256,2.0,DDoS
22,10991.0,5.0,2.0,121.0,500.0,24.19,250.24,56541.21,636.88,1831.83,0,0,0,8192,0.0,BENIGN
123,19508.0,1.0,16.0,20.0,1100.0,20.22,68.73,57403.07,871.44,1219.25,0,0,1,65535,16.0,BENIGN
22,1102696.0,104.0,21.0,6629.0,4088.0,63.74,194.67,9718.79,113.36,8892.71,0,0,1,256,0.0,BENIGN
8080,489319.0,2.0,7.0,105.0,248.0,52.6,35.37,720.94,18.39,61164.88,0,0,1,8192,4.0,BENIGN
8080,326541.0,13.0,15.0,1104.0,2050.0,84.92,136.69,9659.72,85.75,12094.11,0,0,0,29200,1.0,BENIGN
22,7.0,22.0,2.0,652.0,175.0,29.63,87.53,118124127.62,3428571.43,0.3,0,0,1,29200,0.0,BENIGN
22,1630.0,4.0,2.0,1891.0,178.0,472.78,88.9,1269264.33,3680.98,326.0,0,0,0,29200,0.0,BENIGN
80,36631.0,5.0,4.0,2210.0,11157.0,442.08,2789.29,364924.33,245.69,4578.88,0,1,0,251,1.0,DoS Hulk
80,1340247.0,3.0,2.0,37.0,4753.0,12.47,2376.31,3573.99,3.73,335061.75,0,1,1,256,1.0,DDoS
53,8225.0,2.0,35.0,278.0,16196.0,138.98,462.74,2002901.6,4498.48,228.47,0,0,1,256,18.0,BENIGN
80,61668.0,7.0,4.0,2777.0,8782.0,396.74,2195.52,187443.52,178.37,6166.8,0,0,0,251,1.0,DoS Hulk
80,544037.0,8.0,8.0,642.0,3120.0,80.25,390.04,6915.5,29.41,36269.13,0,1,0,29200,1.0,Web Attack - Brute Force
53,38251.0,13.0,6.0,3485.0,1404.0,268.07,234.03,127817.05,496.72,2125.06,0,1,0,256,0.0,BENIGN
8080,41743.0,7.0,7.0,146.0,389.0,20.84,55.57,12813.51,335.39,3211.0,0,0,1,8192,1.0,BENIGN
8080,914973.0,7.0,1.0,386.0,1633.0,55.08,1633.01,2206.19,8.74,130710.43,0,0,0,8192,0.0,BENIGN
80,17414.0,10.0,10.0,4218.0,12378.0,421.83,1237.77,953024.56,1148.5,916.53,0,0,1,251,1.0,DoS Hulk
53,1925.0,4.0,26.0,433.0,1168.0,108.26,44.92,831683.13,15584.42,66.38,0,1,0,-1,6.0,BENIGN
8080,893.0,6.0,1.0,505.0,103.0,84.17,102.98,680839.67,7838.75,148.83,0,0,1,8192,0.0,BENIGN
22,3628.0,4.0,1.0,332.0,46.0,83.0,45.54,104058.88,1378.17,907.0,0,1,0,-1,0.0,BENIGN
8080,2045766.0,11.0,19.0,568.0,2157.0,51.63,113.52,1331.89,14.66,70543.66,0,0,1,29200,2.0,BENIGN
8080,495691.0,1.0,2.0,81.0,366.0,81.3,183.0,902.36,6.05,247845.5,0,1,0,-1,2.0,BENIGN
123,168465.0,11.0,9.0,858.0,1607.0,77.99,178.51,14628.8,118.72,8866.58,0,0,0,8192,1.0,BENIGN
123,1704.0,7.0,18.0,264.0,4068.0,37.68,225.99,2542025.2,14671.36,71.0,0,0,1,256,3.0,BENIGN
123,5087.0,8.0,5.0,781.0,562.0,97.69,112.39,264090.2,2555.53,423.92,0,0,0,8192,1.0,BENIGN
80,3616.0,4.0,8.0,1178.0,943.0,294.38,117.82,586305.92,3318.58,328.73,0,0,0,8192,2.0,BENIGN
443,10511.0,1.0,9.0,56.0,10395.0,55.58,1155.02,994267.83,951.38,1167.89,0,0,1,29200,9.0,BENIGN
80,245473.0,8.0,4.0,916.0,5713.0,114.52,1428.36,27007.35,48.89,22315.73,0,1,0,29200,0.0,DoS Hulk
53,39104.0,17.0,1.0,5585.0,70.0,328.51,69.68,144597.03,460.31,2300.24,0,1,1,8192,0.0,BENIGN
123,29123.0,14.0,3.0,1291.0,807.0,92.24,269.08,72058.92,583.73,1820.19,0,0,0,256,0.0,BENIGN
80,271708.0,3.0,29.0,16.0,1127.0,5.31,38.87,4207.49,117.77,8764.77,0,0,1,256,10.0,BENIGN
322,100.0,2.0,1.0,4.0,6.0,1.86,5.69,93982.31,30000.0,50.0,1,0,0,0,0.0,PortScan
80,65853.0,9.0,7.0,3970.0,26028.0,441.16,3718.31,455540.1,242.97,4390.2,0,1,0,29200,1.0,DoS Hulk
22,42849.0,3.0,21.0,309.0,6620.0,103.08,315.24,161715.39,560.11,1863.0,1,0,1,-1,7.0,BENIGN
80,9559.0,5.0,3.0,618.0,240.0,123.61,79.94,89743.82,836.91,1365.57,0,0,0,256,1.0,Bot
8080,179709.0,2.0,5.0,563.0,78.0,281.54,15.52,3565.22,38.95,29951.5,0,1,0,65535,2.0,BENIGN
443,502934.0,4.0,6.0,186.0,1695.0,46.56,282.56,3741.31,19.88,55881.56,0,0,0,256,2.0,BENIGN
123,94588.0,3.0,5.0,734.0,3092.0,244.82,618.34,40450.89,84.58,13512.57,0,0,0,256,2.0,BENIGN
80,1528426.0,3.0,4.0,12.0,19422.0,4.07,4855.51,12715.19,4.58,254737.67,0,0,1,8192,1.0,DDoS
401,71.0,1.0,1.0,5.0,7.0,4.76,6.55,159278.88,28169.01,71.0,0,0,0,29200,1.0,PortScan
80,101849.0,5.0,3.0,3274.0,6373.0,654.84,2124.18,94716.16,78.55,14549.86,0,1,0,251,1.0,DoS Hulk
80,7188.0,3.0,19.0,1612.0,57699.0,537.29,3036.78,8251360.03,3060.66,342.29,0,1,0,29200,6.0,DoS Hulk
22,1131174.0,3.0,5.0,95.0,123.0,31.63,24.67,192.94,7.07,161596.29,0,1,0,256,2.0,BENIGN
53,9670.0,3.0,4.0,396.0,628.0,132.17,157.06,105972.21,723.89,1611.67,0,0,1,256,1.0,BENIGN
123,25970.0,13.0,2.0,274.0,331.0,21.11,165.51,23314.34,577.59,1855.0,0,0,0,256,0.0,BENIGN
519,30.0,1.0,1.0,2.0,4.0,1.62,3.53,171845.75,66666.67,30.0,0,0,0,0,1.0,PortScan
123,288806.0,1.0,4.0,57.0,119.0,57.11,29.83,610.83,17.31,72201.5,0,0,0,8192,4.0,BENIGN
443,6782.0,2.0,14.0,641.0,936.0,320.72,66.88,232630.09,2359.19,452.13,0,1,1,256,7.0,BENIGN
22,9142.0,10.0,3.0,588.0,2351.0,58.84,783.81,321570.78,1422.01,761.83,0,1,0,-1,0.0,BENIGN
443,272591.0,5.0,2.0,2588.0,238.0,517.66,118.84,10367.01,25.68,45431.83,0,1,1,-1,0.0,BENIGN
22,20250.0,16.0,3.0,2826.0,2675.0,176.66,891.83,271702.22,938.27,1125.0,0,1,0,65535,0.0,BENIGN
80,409131.0,5.0,8.0,2290.0,24783.0,457.99,3097.84,66171.17,31.77,34094.25,0,1,1,29200,2.0,DoS Hulk
80,291721.0,4.0,10.0,493.0,1861.0,123.29,186.09,8069.35,47.99,22440.08,0,1,1,-1,2.0,BENIGN
443,16294.0,2.0,15.0,21.0,11706.0,10.57,780.42,719742.97,1043.33,1018.38,0,1,0,-1,8.0,BENIGN
53,68943.0,14.0,8.0,346.0,934.0,24.74,116.77,18572.65,319.1,3283.0,0,1,0,-1,1.0,BENIGN
765,41.0,2.0,1.0,3.0,1.0,1.51,1.41,107977.99,73170.73,20.5,1,0,0,29200,0.0,PortScan
53,125490.0,23.0,11.0,4032.0,1504.0,175.31,136.72,44116.0,270.94,3802.73,0,0,0,-1,0.0,BENIGN
444,130.0,1.0,1.0,1.0,2.0,1.11,2.32,26322.83,15384.62,130.0,0,0,0,0,1.0,PortScan
8080,177586.0,12.0,89.0,89.0,5581.0,7.42,62.71,31928.91,568.74,1775.86,0,0,0,-1,7.0,BENIGN
80,36955.0,7.0,4.0,3163.0,2731.0,451.85,682.8,159495.27,297.66,3695.5,0,1,0,251,1.0,DoS Hulk
80,27157.0,1.0,7.0,10.0,2790.0,10.35,398.59,103120.73,294.58,3879.57,0,1,0,29200,7.0,BENIGN
22,323794.0,18.0,62.0,676.0,41296.0,37.53,666.06,129623.3,247.07,4098.66,0,0,0,65535,3.0,BENIGN
80,171745.0,4.0,8.0,697.0,17808.0,174.37,2225.99,107749.35,69.87,15613.18,0,0,0,29200,2.0,DoS Hulk
53,18120.0,1.0,4.0,180.0,460.0,179.95,115.06,35331.48,275.94,4530.0,0,0,1,256,4.0,BENIGN
53,24078.0,6.0,1.0,116.0,53.0,19.28,53.03,7005.55,290.72,4013.0,0,0,0,-1,0.0,BENIGN
22,47183.0,8.0,8.0,490.0,1329.0,61.19,166.06,38531.35,339.11,3145.53,0,1,0,-1,1.0,BENIGN
80,81220.0,4.0,4.0,547.0,3722.0,136.85,930.53,52567.67,98.5,11602.86,0,1,0,29200,1.0,DoS Hulk
443,900.0,3.0,9.0,382.0,1948.0,127.21,216.41,2588128.89,13333.33,81.82,0,0,1,29200,3.0,BENIGN
80,1072252.0,5.0,7.0,18.0,22175.0,3.64,3167.86,20697.8,11.19,97477.45,0,0,1,256,1.0,DDoS
8080,89320.0,5.0,7.0,282.0,3412.0,56.36,487.42,41353.88,134.35,8120.0,0,0,1,65535,1.0,BENIGN
443,68558.0,3.0,4.0,141.0,214.0,46.87,53.54,5174.88,102.1,11426.33,0,0,0,256,1.0,Bot
8080,191711.0,3.0,6.0,678.0,761.0,226.16,126.79,7507.29,46.95,23963.88,0,1,0,256,2.0,BENIGN
123,9272.0,6.0,6.0,190.0,737.0,31.69,122.86,100005.98,1294.22,842.91,0,1,0,8192,1.0,BENIGN
123,167699.0,2.0,30.0,96.0,18067.0,47.76,602.25,108307.28,190.82,5409.65,0,0,0,8192,15.0,BENIGN
123,157827.0,19.0,18.0,634.0,1759.0,33.36,97.71,15159.7,234.43,4384.08,0,0,0,256,1.0,BENIGN
80,586621.0,3.0,5.0,28.0,5781.0,9.38,1156.2,9902.73,13.64,83803.0,0,0,1,256,2.0,DDoS
80,272518.0,2.0,9.0,624.0,19882.0,312.12,2209.16,75249.03,40.36,27251.8,0,1,0,29200,4.0,DoS Hulk
443,19931.0,7.0,11.0,199.0,511.0,28.44,46.47,35634.32,903.12,1172.41,0,0,0,29200,2.0,BENIGN
123,2193.0,16.0,8.0,2338.0,865.0,146.15,108.1,1460642.34,10943.91,95.35,0,0,1,256,0.0,BENIGN
123,106981.0,13.0,41.0,924.0,4147.0,71.08,101.15,47400.66,504.76,2018.51,0,0,0,29200,3.0,BENIGN
8080,91623.0,3.0,1.0,222.0,29.0,74.11,29.27,2745.97,43.66,30541.0,0,0,0,29200,0.0,BENIGN
8080,12826.0,4.0,2.0,221.0,306.0,55.32,153.19,41141.66,467.8,2565.2,0,0,0,8192,0.0,BENIGN
53,242523.0,5.0,4.0,909.0,2815.0,181.72,703.65,15351.97,37.11,30315.38,0,0,1,-1,1.0,BENIGN
22,181020.0,3.0,2.0,590.0,363.0,196.65,181.74,5267.01,27.62,45255.0,0,0,0,29200,1.0,BENIGN
108,271.0,1.0,1.0,2.0,6.0,1.53,6.3,28880.03,7380.07,271.0,0,0,0,1024,1.0,PortScan
123,256434.0,11.0,5.0,58.0,654.0,5.27,130.75,2775.5,62.39,17095.6,0,0,1,8192,0.0,BENIGN
80,390200.0,2.0,1.0,69.0,131.0,34.34,131.07,511.89,7.69,195100.0,0,0,1,256,0.0,BENIGN
80,48024.0,7.0,6.0,2235.0,22705.0,319.22,3784.22,519321.19,270.7,4002.0,0,1,0,29200,1.0,DoS Hulk
53,24826.0,5.0,23.0,464.0,5123.0,92.87,222.76,225077.27,1127.85,919.48,0,0,1,256,5.0,BENIGN
53,60.0,17.0,20.0,335.0,3874.0,19.73,193.7,70155467.1,616666.67,1.67,0,0,0,29200,1.0,BENIGN
80,123075.0,25.0,4.0,3244.0,394.0,129.78,98.57,29564.58,235.63,4395.54,0,1,0,256,0.0,BENIGN
443,39446.0,6.0,1.0,165.0,157.0,27.58,156.59,8165.0,177.46,6574.33,0,0,0,-1,0.0,BENIGN
123,538954.0,15.0,11.0,727.0,581.0,48.49,52.86,2428.3,48.24,21558.16,0,0,1,256,1.0,BENIGN
123,2230300.0,19.0,7.0,603.0,279.0,31.76,39.79,395.43,11.66,89212.0,0,1,1,8192,0.0,BENIGN
53,167285.0,2.0,80.0,115.0,13405.0,57.66,167.57,80823.57,490.18,2065.25,0,0,0,-1,40.0,BENIGN
22,49054.0,47.0,2.0,1630.0,2142.0,34.69,1070.8,76891.88,998.9,1021.96,0,0,1,65535,0.0,BENIGN
947,100.0,1.0,1.0,2.0,4.0,1.83,4.06,58897.37,20000.0,100.0,1,0,0,1024,1.0,PortScan
443,1728825.0,10.0,3.0,528.0,148.0,52.79,49.43,391.1,7.52,144068.75,0,0,0,8192,0.0,Bot
443,825502.0,3.0,12.0,44.0,1026.0,14.7,85.48,1295.95,18.17,58964.43,0,0,0,8192,4.0,BENIGN
53,23376.0,9.0,4.0,220.0,363.0,24.46,90.86,24964.67,556.13,1948.0,1,0,1,65535,0.0,BENIGN
22,226460.0,3.0,1.0,81.0,247.0,26.93,246.71,1446.14,17.66,75486.67,0,0,0,65535,0.0,BENIGN
80,61199.0,4.0,5.0,1370.0,7437.0,342.39,1487.47,143905.74,147.06,7649.88,0,1,0,29200,1.0,DoS Hulk
80,1297.0,6.0,6.0,1370.0,211.0,228.41,35.19,1219406.69,9252.12,117.91,0,0,0,256,1.0,BENIGN
22,622453.0,9.0,12.0,1020.0,1723.0,113.32,143.59,4406.82,33.74,31122.65,0,1,0,65535,1.0,BENIGN
53,3197.0,4.0,40.0,37.0,1165.0,9.23,29.14,376107.1,13762.9,74.35,0,0,1,8192,10.0,BENIGN
22,1090.0,3.0,5.0,192.0,87.0,63.96,17.39,255824.65,7339.45,155.71,0,0,0,256,2.0,BENIGN
80,841806.0,5.0,1.0,1292.0,1242.0,258.43,1241.74,3010.05,7.13,168361.2,0,1,0,29200,0.0,DoS Hulk
123,310122.0,7.0,3.0,233.0,564.0,33.27,187.84,2568.08,32.25,34458.0,0,0,0,8192,0.0,BENIGN
123,1046.0,11.0,15.0,361.0,4030.0,32.84,268.64,4197779.75,24856.6,41.84,0,0,1,29200,1.0,BENIGN
123,21676.0,16.0,32.0,1083.0,5445.0,67.66,170.15,301137.24,2214.43,461.19,0,1,0,8192,2.0,BENIGN
22,107589.0,7.0,5.0,827.0,43.0,118.2,8.58,8089.35,111.54,9780.82,0,1,1,8192,1.0,BENIGN
80,79568.0,1.0,17.0,9.0,5157.0,8.84,303.34,64921.19,226.22,4680.47,0,0,1,8192,17.0,BENIGN
612,58.0,1.0,1.0,2.0,4.0,1.8,4.49,108416.9,34482.76,58.0,0,0,0,1024,1.0,PortScan
8080,4511.0,1.0,3.0,258.0,12297.0,258.49,4099.1,2783369.46,886.72,1503.67,0,1,0,29200,3.0,BENIGN
123,1603.0,5.0,26.0,377.0,2897.0,75.39,111.43,2042421.52,19338.74,53.43,0,0,0,256,5.0,BENIGN
80,168506.0,8.0,0.0,119.0,0.0,14.86,0.0,705.3,47.48,24072.29,0,0,0,256,0.0,BENIGN
53,116639.0,3.0,9.0,192.0,159.0,64.07,17.65,3009.95,102.88,10603.55,0,0,1,29200,3.0,BENIGN
8080,16873.0,3.0,2.0,148.0,203.0,49.28,101.36,20777.71,296.33,4218.25,0,0,1,256,1.0,BENIGN
80,140106.0,3.0,3.0,365.0,4777.0,121.61,1592.38,36700.56,42.82,28021.2,1,1,0,251,1.0,DoS Hulk
8080,44125.0,3.0,5.0,90.0,719.0,30.02,143.84,18340.38,181.3,6303.57,0,0,1,8192,2.0,BENIGN
22,232463.0,94.0,7.0,2919.0,3570.0,31.05,510.01,27913.42,434.48,2324.63,0,0,1,256,0.0,BENIGN
377,7.0,1.0,1.0,1.0,23.0,1.33,22.85,3454775.9,285714.29,7.0,1,0,0,0,1.0,PortScan
80,3690.0,2.0,11.0,39.0,9320.0,19.33,847.32,2536351.46,3523.04,307.5,0,0,0,65535,6.0,BENIGN
123,431.0,44.0,2.0,468.0,439.0,10.65,219.35,2104671.47,106728.54,9.58,0,0,0,65535,0.0,BENIGN
80,3732531.0,5.0,4.0,64.0,11903.0,12.78,2975.71,3206.06,2.41,466566.38,0,0,1,256,1.0,DDoS
22,817577.0,2.0,12.0,19.0,2329.0,9.51,194.1,2872.13,17.12,62890.54,0,0,0,-1,6.0,BENIGN
123,1975.0,19.0,12.0,209.0,795.0,11.02,66.26,508644.7,15696.2,65.83,0,0,1,8192,1.0,BENIGN
53,114185.0,3.0,25.0,122.0,634.0,40.66,25.35,6619.5,245.22,4229.07,0,0,1,8192,8.0,BENIGN
123,3102529.0,3.0,7.0,27.0,462.0,9.0,66.01,157.63,3.22,344725.44,0,1,1,29200,2.0,BENIGN
53,13548.0,1.0,5.0,41.0,134.0,41.39,26.71,12913.43,442.87,2709.6,0,0,0,-1,5.0,BENIGN
80,1430475.0,3.0,4.0,10.0,10840.0,3.45,2710.01,7585.16,4.89,238412.5,0,0,1,256,1.0,DDoS
80,881957.0,3.0,2.0,47.0,5004.0,15.7,2502.14,5727.46,5.67,220489.25,0,0,0,256,1.0,DDoS
80,197108.0,2.0,27.0,657.0,2695.0,328.69,99.8,17005.8,147.13,7039.57,0,0,1,29200,14.0,BENIGN
8080,115277.0,1.0,4.0,51.0,268.0,50.88,67.02,2766.76,43.37,28819.25,0,0,1,256,4.0,BENIGN
151,21.0,1.0,1.0,3.0,2.0,3.4,2.43,277447.2,95238.1,21.0,0,0,0,29200,1.0,PortScan
80,28842.0,7.0,16.0,263.0,8687.0,37.61,542.92,310313.22,797.45,1311.0,0,1,0,65535,2.0,BENIGN
22,38183.0,11.0,7.0,140.0,2309.0,12.75,329.92,64156.73,471.41,2246.06,0,0,0,8192,1.0,BENIGN
80,126704.0,9.0,3.0,1356.0,5649.0,150.65,1882.95,55283.93,94.71,11518.55,0,1,0,29200,0.0,DoS Hulk
443,52093.0,2.0,8.0,239.0,12815.0,119.37,1601.83,250578.03,191.96,5788.11,0,1,1,256,4.0,BENIGN
22,1870.0,7.0,3.0,585.0,247.0,83.51,82.39,444801.32,5347.59,207.78,0,0,0,256,0.0,BENIGN
80,2590388.0,12.0,10.0,392.0,12932.0,32.64,1293.16,5143.33,8.49,123351.81,0,1,1,8192,1.0,Web Attack - Brute Force
8080,2838346.0,4.0,12.0,35.0,871.0,8.72,72.58,319.17,5.64,189223.07,0,1,0,29200,3.0,BENIGN
80,2406019.0,14.0,9.0,1596.0,4004.0,113.98,444.89,2327.34,9.56,109364.5,0,0,0,65535,1.0,BENIGN
80,79301.0,5.0,7.0,8287.0,31684.0,1657.39,4526.25,504037.17,151.32,7209.18,0,1,0,251,1.0,DoS Hulk
53,79093.0,12.0,2.0,840.0,39.0,69.97,19.7,11114.45,177.01,6084.08,0,1,1,256,0.0,BENIGN
443,65763.0,25.0,21.0,5428.0,6954.0,217.14,331.12,188282.61,699.48,1461.4,0,0,1,8192,1.0,BENIGN
22,27086.0,8.0,10.0,853.0,489.0,106.67,48.92,49568.2,664.55,1593.29,0,1,0,65535,1.0,BENIGN
80,136436.0,3.0,3.0,1444.0,3536.0,481.31,1178.76,36502.08,43.98,27287.2,0,1,0,29200,1.0,DoS Hulk
8080,61609.0,18.0,10.0,631.0,1406.0,35.07,140.55,33060.56,454.48,2281.81,1,1,0,8192,1.0,BENIGN
80,684590.0,3.0,2.0,16.0,11479.0,5.44,5739.28,16790.92,7.3,171147.5,0,0,1,8192,1.0,DDoS
17,109.0,1.0,2.0,1.0,7.0,0.52,3.74,73329.72,27522.94,54.5,0,0,0,29200,2.0,PortScan
80,1035633.0,2.0,5.0,52.0,11531.0,25.99,2306.28,11184.84,6.76,172605.5,0,0,1,8192,2.0,BENIGN
80,93089.0,6.0,2.0,36.0,5520.0,5.99,2759.79,59679.49,85.94,13298.43,0,0,1,8192,0.0,DDoS
443,36680.0,7.0,64.0,295.0,10895.0,42.15,170.24,305078.77,1935.66,524.0,0,0,0,29200,9.0,BENIGN
8080,5045.0,21.0,21.0,481.0,3001.0,22.89,142.91,690168.75,8325.07,123.05,1,0,0,65535,1.0,BENIGN
80,248957.0,7.0,6.0,110.0,16878.0,15.76,2813.04,68238.85,52.22,20746.42,0,0,1,256,1.0,DDoS
8080,149691.0,8.0,1.0,897.0,343.0,112.17,343.36,8288.72,60.12,18711.38,0,0,0,8192,0.0,BENIGN
22,59112.0,14.0,3.0,887.0,133.0,63.39,44.29,17261.21,287.59,3694.5,0,1,0,8192,0.0,BENIGN
123,127246.0,1.0,1.0,50.0,91.0,50.47,91.41,1115.01,15.72,127246.0,0,0,0,256,1.0,BENIGN
22,50260.0,46.0,24.0,3531.0,40145.0,76.75,1672.7,868992.08,1392.76,728.41,0,1,0,65535,1.0,BENIGN
80,585105.0,3.0,6.0,153.0,2325.0,51.14,387.54,4236.32,15.38,73138.12,0,0,1,8192,2.0,Web Attack - Brute Force
53,18792581.0,1.0,107.0,10.0,38278.0,10.44,357.74,2037.43,5.75,175631.6,0,0,1,256,107.0,BENIGN
22,6394.0,3.0,9.0,138.0,1508.0,45.85,167.53,257319.13,1876.76,581.27,0,0,0,65535,3.0,BENIGN
22,529.0,2.0,1.0,80.0,411.0,39.75,411.29,927786.17,5671.08,264.5,0,1,1,29200,0.0,BENIGN
8080,43289.0,5.0,37.0,135.0,2243.0,26.91,60.61,54915.56,970.22,1055.83,0,1,0,-1,7.0,BENIGN
80,1084244.0,2.0,3.0,262.0,91.0,131.15,30.4,326.04,4.61,271061.0,0,0,0,8192,2.0,Bot
123,7008614.0,1.0,12.0,26.0,856.0,25.94,71.34,125.85,1.85,584051.17,1,0,0,256,12.0,BENIGN
22,3325.0,8.0,15.0,530.0,262.0,66.3,17.46,238275.81,6917.29,151.14,0,0,0,8192,2.0,BENIGN
80,978646.0,6.0,12.0,752.0,1103.0,125.28,91.9,1895.02,18.39,57567.41,0,0,1,29200,2.0,Web Attack - Brute Force
22,10331886.0,5.0,18.0,285.0,5497.0,56.94,305.4,559.61,2.23,469631.18,0,1,1,65535,4.0,BENIGN
8080,35086250.0,25.0,16.0,15157.0,137.0,606.27,8.54,435.88,1.17,877156.25,0,1,0,65535,1.0,BENIGN
8080,7789.0,6.0,3.0,1089.0,29.0,181.55,9.65,143567.71,1155.48,973.62,0,0,0,8192,0.0,BENIGN
8080,12251689.0,8.0,3.0,279.0,110.0,34.83,36.56,31.69,0.9,1225168.9,0,1,1,-1,0.0,BENIGN
8080,31135.0,2.0,3.0,149.0,12072.0,74.35,4024.1,392517.04,160.59,7783.75,0,0,0,29200,2.0,BENIGN
53,165737.0,4.0,4.0,288.0,293.0,71.99,73.19,3503.84,48.27,23676.71,0,1,0,-1,1.0,BENIGN
8080,3164.0,12.0,3.0,265.0,187.0,22.11,62.31,142924.04,4740.83,226.0,0,0,0,256,0.0,BENIGN
80,10402.0,5.0,8.0,256.0,2594.0,51.29,324.27,274044.58,1249.76,866.83,0,1,0,8192,2.0,BENIGN
80,6618883.0,24.0,20.0,7013.0,3306.0,292.19,165.3,1558.97,6.65,153927.51,0,0,0,8192,1.0,BENIGN
22,3665.0,2.0,30.0,246.0,10411.0,123.14,347.04,2907920.68,8731.24,118.23,0,0,1,29200,15.0,BENIGN
22,4811.0,7.0,3.0,265.0,54.0,37.79,17.94,66167.36,2078.57,534.56,0,0,1,-1,0.0,BENIGN
53,20609.0,6.0,3.0,1494.0,568.0,248.95,189.33,100039.8,436.7,2576.12,0,0,0,256,0.0,BENIGN
443,277178.0,20.0,1.0,1155.0,1529.0,57.75,1529.37,9684.33,75.76,13858.9,0,0,0,65535,0.0,BENIGN
53,15178364.0,4.0,17.0,483.0,723.0,120.85,42.54,79.49,1.38,758918.2,0,0,0,29200,4.0,BENIGN
123,8012.0,21.0,22.0,964.0,257.0,45.91,11.69,152420.42,5366.95,190.76,0,1,0,65535,1.0,BENIGN
53,107817.0,1.0,23.0,20.0,2062.0,19.51,89.66,19308.57,222.6,4687.7,0,0,0,29200,23.0,BENIGN
53,92274.0,9.0,22.0,250.0,3425.0,27.77,155.67,39823.59,335.96,3075.8,0,1,0,8192,2.0,BENIGN
564,49.0,1.0,1.0,2.0,2.0,2.23,1.82,82721.04,40816.33,49.0,1,0,0,0,1.0,PortScan
22,53754.0,49.0,9.0,9182.0,1655.0,187.38,183.88,201597.44,1078.99,943.05,0,1,0,29200,0.0,BENIGN
80,107896.0,3.0,14.0,308.0,6860.0,102.81,490.03,66442.0,157.56,6743.5,0,1,0,8192,5.0,BENIGN
123,4668.0,5.0,12.0,45.0,20586.0,9.1,1715.47,4419697.4,3641.82,291.75,0,0,1,29200,2.0,BENIGN
53,3702.0,7.0,1.0,1504.0,191.0,214.92,190.53,457860.17,2160.99,528.86,0,1,0,65535,0.0,BENIGN
172,26.0,2.0,1.0,2.0,35.0,0.91,35.05,1417867.59,115384.62,13.0,0,0,0,0,0.0,PortScan
80,89165.0,1.0,3.0,11.0,1727.0,10.51,575.67,19486.52,44.86,29721.67,0,0,1,256,3.0,BENIGN
706,45.0,1.0,1.0,1.0,4.0,0.5,3.91,98115.12,44444.44,45.0,1,0,0,1024,1.0,PortScan
123,206157.0,36.0,4.0,12514.0,1930.0,347.61,482.56,70064.31,194.03,5286.08,0,0,0,8192,0.0,BENIGN
443,136606.0,4.0,16.0,175.0,2462.0,43.74,153.86,19301.84,146.41,7189.79,0,0,1,29200,4.0,BENIGN
123,326859.0,13.0,1.0,188.0,161.0,14.47,161.14,1068.63,42.83,25143.0,0,0,0,29200,0.0,BENIGN
8080,244185.0,26.0,46.0,6485.0,2813.0,249.41,61.14,38074.42,294.86,3439.23,0,0,0,256,2.0,BENIGN
80,6853.0,12.0,14.0,101.0,2753.0,8.38,196.62,416344.01,3793.96,274.12,0,1,0,29200,1.0,BENIGN
764,66.0,1.0,1.0,1.0,4.0,1.44,3.54,75579.47,30303.03,66.0,0,0,0,29200,1.0,PortScan
8080,5990.0,5.0,15.0,305.0,2751.0,61.01,183.43,510272.96,3338.9,315.26,0,1,1,65535,3.0,BENIGN
443,55824.0,1.0,4.0,86.0,509.0,86.34,127.34,10670.83,89.57,13956.0,0,0,0,65535,4.0,BENIGN
443,983126.0,1.0,5.0,77.0,1098.0,77.44,219.63,1195.75,6.1,196625.2,0,1,1,65535,5.0,BENIGN
53,1997.0,9.0,1.0,1762.0,40.0,195.8,39.84,902360.01,5007.51,221.89,0,0,1,29200,0.0,BENIGN
949,46.0,2.0,1.0,5.0,2.0,2.31,2.31,150707.2,65217.39,23.0,0,0,0,1024,0.0,PortScan
22,2637.0,8.0,2.0,950.0,145.0,118.75,72.58,415315.92,3792.19,293.0,0,0,0,256,0.0,BENIGN
22,56635.0,2.0,5.0,14.0,175.0,7.04,34.94,3333.54,123.6,9439.17,0,0,0,-1,2.0,BENIGN
22,8911.0,8.0,3.0,830.0,1526.0,103.78,508.78,264457.09,1234.43,891.1,0,0,0,29200,0.0,BENIGN
8080,6169.0,2.0,5.0,67.0,14034.0,33.56,2806.73,2285742.58,1134.71,1028.17,0,0,0,8192,2.0,BENIGN
443,10058.0,34.0,2.0,8923.0,274.0,262.43,136.97,914363.03,3579.24,287.37,0,1,1,256,0.0,BENIGN
80,11901480.0,12.0,12.0,912.0,2187.0,76.04,182.25,260.43,2.02,517455.65,0,0,0,8192,1.0,Web Attack - Brute Force
80,86145.0,33.0,2.0,416.0,1511.0,12.6,755.57,22367.22,406.29,2533.68,0,0,0,256,0.0,BENIGN
8080,17779846.0,3.0,1.0,103.0,729.0,34.4,728.76,46.79,0.22,5926615.33,0,0,0,256,0.0,BENIGN
123,11468.0,10.0,5.0,228.0,3915.0,22.81,782.93,361247.49,1307.99,819.14,0,0,0,29200,0.0,BENIGN
443,213555.0,11.0,4.0,721.0,775.0,65.57,193.68,7005.02,70.24,15253.93,0,1,0,8192,0.0,BENIGN
22,36599.0,6.0,5.0,630.0,552.0,104.97,110.33,32281.11,300.55,3659.9,0,0,0,256,1.0,BENIGN
786,27.0,2.0,2.0,2.0,5.0,1.05,2.62,271615.96,148148.15,9.0,0,0,0,0,1.0,PortScan
80,73922.0,5.0,3.0,734.0,5923.0,146.79,1974.2,90048.52,108.22,10560.29,0,1,0,29200,1.0,DoS Hulk
22,249680.0,3.0,7.0,130.0,1320.0,43.18,188.62,5806.84,40.05,27742.22,0,0,0,256,2.0,BENIGN
717,29.0,1.0,1.0,1.0,2.0,1.15,2.11,112264.08,68965.52,29.0,0,0,0,0,1.0,PortScan
443,4761.0,7.0,4.0,160.0,1308.0,22.88,327.11,308464.14,2310.44,476.1,0,0,0,29200,1.0,BENIGN
80,16902.0,3.0,4.0,1002.0,24978.0,333.84,6244.44,1537055.16,414.15,2817.0,0,1,0,29200,1.0,DoS Hulk
123,38148.0,4.0,3.0,295.0,24.0,73.69,8.15,8367.17,183.5,6358.0,0,0,1,-1,1.0,BENIGN
8080,786611.0,6.0,4.0,206.0,98.0,34.33,24.54,386.64,12.71,87401.22,0,1,0,8192,1.0,BENIGN
80,355191.0,2.0,3.0,487.0,3102.0,243.72,1034.02,10105.78,14.08,88797.75,0,0,0,251,2.0,DoS Hulk
443,14141997.0,14.0,21.0,232.0,28778.0,16.58,1370.38,2051.34,2.47,415941.09,0,1,1,29200,2.0,BENIGN
80,23014.0,5.0,5.0,3253.0,28809.0,650.68,5761.77,1393163.19,434.52,2557.11,0,1,1,251,1.0,DoS Hulk
8080,2149.0,10.0,24.0,747.0,10664.0,74.7,444.33,5309887.68,15821.31,65.12,0,0,0,8192,2.0,BENIGN
80,9790.0,2.0,12.0,310.0,4445.0,154.93,370.4,485661.4,1430.03,753.08,0,0,0,65535,6.0,BENIGN
443,158355.0,6.0,9.0,173.0,6373.0,28.76,708.08,41332.67,94.72,11311.07,0,0,0,256,2.0,BENIGN
80,8964416.0,4.0,6.0,162.0,221.0,40.4,36.88,42.71,1.12,996046.22,0,1,0,-1,2.0,BENIGN
443,1447.0,2.0,4.0,256.0,1077.0,128.06,269.34,921555.65,4146.51,289.4,0,1,0,8192,2.0,Bot
80,104207.0,5.0,3.0,1739.0,4005.0,347.83,1335.03,55123.36,76.77,14886.71,0,1,1,29200,1.0,DoS Hulk
22,210580.0,1.0,2.0,255.0,562.0,254.59,280.86,3876.49,14.25,105290.0,0,1,0,-1,2.0,BENIGN
22,21647.0,2.0,7.0,103.0,505.0,51.47,72.11,28074.85,415.76,2705.88,0,0,0,256,4.0,BENIGN
8080,39171.0,8.0,17.0,885.0,24330.0,110.66,1431.15,643713.67,638.23,1632.12,0,0,0,-1,2.0,BENIGN
80,1059207.0,2.0,4.0,12.0,11443.0,5.76,2860.78,10814.33,5.66,211841.4,0,0,1,8192,2.0,DDoS
443,81060.0,2.0,5.0,42.0,423.0,20.86,84.66,5736.52,86.36,13510.0,0,0,0,-1,2.0,BENIGN
80,996399.0,11.0,11.0,3241.0,15204.0,294.63,1382.17,18511.42,22.08,47447.57,0,1,0,29200,1.0,DoS Hulk
123,33991.0,2.0,19.0,142.0,479.0,71.02,25.21,18268.32,617.81,1699.55,0,1,0,-1,10.0,BENIGN
53,10779.0,9.0,4.0,176.0,757.0,19.54,189.13,86495.7,1206.05,898.25,0,0,0,256,0.0,BENIGN
443,8146.0,5.0,2.0,1675.0,508.0,335.04,253.84,267971.16,859.32,1357.67,0,0,1,65535,0.0,BENIGN
654,54.0,1.0,1.0,2.0,4.0,2.25,3.81,112182.62,37037.04,54.0,0,0,0,29200,1.0,PortScan
53,591109.0,64.0,48.0,31157.0,800.0,486.84,16.68,54064.37,189.47,5325.31,0,0,0,-1,1.0,BENIGN
80,3543440.0,12.0,12.0,951.0,3059.0,79.26,254.94,1131.77,6.77,154062.61,0,1,0,29200,1.0,Web Attack - Brute Force
443,673805.0,2.0,7.0,161.0,5098.0,80.3,728.34,7804.88,13.36,84225.62,0,1,0,8192,4.0,BENIGN
305,34.0,2.0,2.0,2.0,5.0,0.78,2.5,193294.64,117647.06,11.33,1,0,0,1024,1.0,PortScan
443,3773224.0,2.0,11.0,352.0,530.0,176.23,48.21,233.96,3.45,314435.33,1,0,0,-1,6.0,BENIGN
80,19627.0,5.0,1.0,296.0,66.0,59.12,66.46,18448.24,305.7,3925.4,0,0,1,256,0.0,Bot
80,1181076.0,17.0,10.0,1578.0,573.0,92.8,57.3,1820.92,22.86,45426.0,0,1,0,29200,1.0,Web Attack - Brute Force
53,693.0,32.0,4.0,2793.0,919.0,87.27,229.8,5356280.81,51948.05,19.8,0,1,0,-1,0.0,BENIGN
8080,10051.0,6.0,0.0,173.0,0.0,28.77,0.0,17174.62,596.96,2010.2,0,0,1,-1,0.0,BENIGN
80,221468.0,5.0,3.0,19.0,8079.0,3.85,2693.15,36568.32,36.12,31638.29,0,0,1,8192,1.0,DDoS
80,13815.0,2.0,11.0,1432.0,9009.0,716.25,818.97,755787.71,941.01,1151.25,0,0,1,8192,6.0,BENIGN
8080,184340.0,15.0,8.0,1259.0,4510.0,83.92,563.73,31293.75,124.77,8379.09,0,0,0,29200,1.0,BENIGN
653,19.0,2.0,1.0,2.0,7.0,1.09,6.84,474341.86,157894.74,9.5,1,0,0,1024,0.0,PortScan
22,1905.0,6.0,10.0,148.0,746.0,24.74,74.64,469718.27,8398.95,127.0,0,0,0,65535,2.0,BENIGN
123,667555.0,2.0,5.0,219.0,121.0,109.69,24.23,510.1,10.49,111259.17,0,0,0,8192,2.0,BENIGN
80,28726.0,40.0,1.0,253.0,345.0,6.33,344.53,20813.93,1427.28,718.15,0,1,1,8192,0.0,BENIGN
53,70911.0,2.0,1.0,38.0,571.0,18.8,570.7,8578.22,42.31,35455.5,0,1,0,-1,0.0,BENIGN
206,43.0,2.0,1.0,4.0,6.0,2.2,6.11,244460.93,69767.44,21.5,1,0,0,1024,0.0,PortScan
105,145.0,1.0,1.0,2.0,7.0,1.54,7.08,59502.25,13793.1,145.0,1,0,0,29200,1.0,PortScan
80,101623.0,1.0,1.0,18.0,320.0,17.86,319.73,3322.03,19.68,101623.0,0,1,0,-1,1.0,BENIGN
443,110126.0,4.0,11.0,168.0,1225.0,41.9,111.32,12641.11,136.21,7866.14,0,1,1,65535,3.0,BENIGN
443,2804.0,30.0,2.0,801.0,104.0,26.71,52.14,322911.63,11412.27,90.45,0,1,0,-1,0.0,BENIGN
80,81541.0,7.0,6.0,3548.0,12538.0,506.84,2089.74,197279.0,159.43,6795.08,0,0,0,251,1.0,DoS Hulk
53,472606.0,5.0,12.0,327.0,836.0,65.39,69.63,2459.79,35.97,29537.88,0,0,0,8192,2.0,BENIGN
22,3000978.0,3.0,2.0,1844.0,1691.0,614.58,845.25,1177.7,1.67,750244.5,0,1,0,29200,1.0,BENIGN
80,179523.0,7.0,3.0,1268.0,7148.0,181.15,2382.65,46879.66,55.7,19947.0,0,0,0,251,0.0,DoS Hulk
8080,805892.0,6.0,5.0,796.0,100.0,132.7,20.05,1112.34,13.65,80589.2,0,1,1,8192,1.0,Bot
53,52191.0,6.0,15.0,391.0,15210.0,65.12,1013.97,298906.71,402.37,2609.55,0,0,0,256,2.0,BENIGN
443,120993.0,2.0,16.0,338.0,27779.0,168.8,1736.21,232384.61,148.77,7117.24,0,0,0,65535,8.0,Bot
123,32400522.0,13.0,17.0,400.0,803.0,30.8,47.21,37.13,0.93,1117259.38,0,0,0,29200,1.0,BENIGN
123,53828.0,13.0,7.0,1059.0,495.0,81.48,70.65,28866.55,371.55,2833.05,0,1,1,256,1.0,BENIGN
8080,294689.0,5.0,6.0,783.0,22174.0,156.69,3695.68,77904.35,37.33,29468.9,0,1,1,256,1.0,BENIGN
443,5020.0,3.0,2.0,82.0,774.0,27.47,386.78,170513.88,996.02,1255.0,0,1,1,65535,1.0,Bot
80,6926532.0,6.0,4.0,29.0,11168.0,4.78,2791.98,1616.48,1.44,769614.67,0,0,1,8192,1.0,DDoS
80,534789.0,4.0,7.0,976.0,17357.0,244.03,2479.56,34280.84,20.57,53478.9,0,0,0,251,2.0,DoS Hulk
8080,5382.0,18.0,7.0,2882.0,1137.0,160.1,162.49,746771.28,4645.11,224.25,0,0,1,256,0.0,BENIGN
912,47.0,1.0,1.0,1.0,6.0,0.65,5.81,137395.7,42553.19,47.0,1,0,0,1024,1.0,PortScan
123,24668.0,47.0,34.0,3023.0,2750.0,64.33,80.87,234025.68,3283.61,308.35,0,0,1,256,1.0,BENIGN
123,101384.0,1.0,1.0,34.0,94.0,34.16,93.69,1261.11,19.73,101384.0,0,1,1,256,1.0,BENIGN
362,39.0,1.0,1.0,2.0,1.0,1.9,0.62,64640.67,51282.05,39.0,1,0,0,1024,1.0,PortScan
80,512371.0,7.0,3.0,2879.0,6278.0,411.27,2092.83,17872.51,19.52,56930.11,0,0,0,251,0.0,DoS Hulk
80,14847.0,5.0,8.0,184.0,1435.0,36.86,179.32,109033.68,875.6,1237.25,0,0,1,8192,2.0,BENIGN
80,6665.0,5.0,3.0,193.0,1761.0,38.65,587.0,293212.45,1200.3,952.14,0,0,1,65535,1.0,BENIGN
123,64974.0,6.0,8.0,338.0,8266.0,56.29,1033.3,132424.87,215.47,4998.0,0,0,0,65535,1.0,BENIGN
53,380230.0,2.0,11.0,298.0,265.0,149.04,24.08,1480.46,34.19,31685.83,0,0,0,-1,6.0,BENIGN
123,179420.0,13.0,5.0,777.0,948.0,59.8,189.67,9618.11,100.32,10554.12,0,1,0,8192,0.0,BENIGN
123,14131.0,14.0,2.0,250.0,73.0,17.85,36.35,22826.34,1132.26,942.07,1,0,0,-1,0.0,BENIGN
443,1220333.0,9.0,2.0,1401.0,1323.0,155.69,661.57,2232.45,9.01,122033.3,0,0,0,65535,0.0,BENIGN
8080,728207.0,8.0,6.0,420.0,556.0,52.49,92.61,1339.69,19.23,56015.92,0,1,1,8192,1.0,BENIGN
123,183654.0,12.0,4.0,290.0,337.0,24.13,84.27,3411.89,87.12,12243.6,0,0,0,8192,0.0,BENIGN
80,909885.0,5.0,5.0,35.0,22009.0,6.9,4401.87,24227.09,10.99,101098.33,0,0,1,8192,1.0,DDoS
443,7329116.0,7.0,15.0,851.0,8800.0,121.52,586.64,1316.7,3.0,349005.52,1,1,1,256,2.0,BENIGN
123,108482.0,40.0,0.0,1508.0,0.0,37.71,0.0,13903.16,368.72,2781.59,0,0,1,65535,0.0,BENIGN
80,101434.0,7.0,1.0,686.0,26.0,98.06,26.13,7024.81,78.87,14490.57,0,0,1,256,0.0,BENIGN
53,29979.0,3.0,45.0,51.0,73801.0,16.97,1640.02,2463450.56,1601.12,637.85,0,1,0,29200,15.0,BENIGN
80,7489.0,11.0,2.0,923.0,67.0,83.88,33.32,132099.67,1735.88,624.08,0,0,0,256,0.0,BENIGN
8080,100060.0,22.0,5.0,2235.0,141.0,101.57,28.16,23740.21,269.84,3848.46,0,0,0,256,0.0,BENIGN
80,5806561.0,5.0,14.0,288.0,456.0,57.57,32.54,128.03,3.27,322586.72,0,0,1,8192,3.0,Web Attack - Brute Force
80,2254.0,2.0,6.0,70.0,676.0,35.09,112.69,331124.23,3549.25,322.0,0,1,1,29200,3.0,BENIGN
53,29410.0,5.0,15.0,42.0,23435.0,8.36,1562.32,798250.16,680.04,1547.89,0,0,1,256,3.0,BENIGN
443,528108.0,11.0,3.0,434.0,201.0,39.45,67.02,1202.51,26.51,40623.69,0,0,0,-1,0.0,BENIGN
1003,104.0,1.0,1.0,1.0,7.0,0.5,7.03,72393.54,19230.77,104.0,1,0,0,29200,1.0,PortScan
22,958308.0,10.0,13.0,1324.0,1207.0,132.43,92.86,2641.61,24.0,43559.45,0,0,1,29200,1.0,BENIGN
80,349959.0,2.0,4.0,8.0,13963.0,4.05,3490.7,39921.56,17.14,69991.8,0,0,1,256,2.0,DDoS
443,1082.0,3.0,4.0,276.0,124.0,91.95,31.12,370017.06,6469.5,180.33,0,0,0,29200,1.0,BENIGN
515,30.0,1.0,1.0,2.0,23.0,1.51,22.93,814716.03,66666.67,30.0,0,0,0,1024,1.0,PortScan
123,156136.0,10.0,1.0,571.0,450.0,57.14,449.95,6541.59,70.45,15613.6,0,0,0,-1,0.0,BENIGN
80,4727.0,1.0,1.0,31.0,18.0,30.69,17.53,10202.19,423.1,4727.0,0,0,0,65535,1.0,BENIGN
22,39642.0,9.0,12.0,412.0,4804.0,45.83,400.32,131585.23,529.74,1982.1,0,1,0,29200,1.0,BENIGN
53,664403.0,66.0,5.0,11302.0,521.0,171.24,104.18,17794.72,106.86,9491.47,0,0,1,29200,0.0,BENIGN
443,313285.0,13.0,12.0,1385.0,14755.0,106.55,1229.59,51519.49,79.8,13053.54,0,0,0,8192,1.0,BENIGN
22,27039934.0,4.0,2.0,763.0,469.0,190.63,234.42,45.54,0.22,5407986.8,0,0,0,-1,0.0,BENIGN
80,603265.0,4.0,4.0,48.0,11684.0,11.89,2920.88,19445.95,13.26,86180.71,0,0,1,8192,1.0,DDoS
80,1272321.0,12.0,13.0,827.0,362.0,68.88,27.84,934.15,19.65,53013.38,0,0,1,-1,1.0,BENIGN
443,77787.0,4.0,3.0,55.0,165.0,13.87,55.03,2835.47,89.99,12964.5,0,1,0,65535,1.0,BENIGN
80,55333.0,10.0,4.0,5424.0,4767.0,542.39,1191.65,184166.43,253.01,4256.38,0,0,0,251,0.0,DoS Hulk
53,228832.0,2.0,2.0,34.0,348.0,16.76,174.13,1668.42,17.48,76277.33,0,1,1,-1,1.0,BENIGN
8080,8467.0,6.0,1.0,84.0,106.0,13.92,105.64,22339.12,826.74,1411.17,0,1,0,256,0.0,BENIGN
53,75381.0,25.0,5.0,2883.0,825.0,115.34,164.97,49193.61,397.98,2599.34,0,0,0,-1,0.0,BENIGN
80,1554519.0,7.0,5.0,631.0,2576.0,90.14,515.27,2063.23,7.72,141319.91,1,1,0,8192,1.0,Web Attack - Brute Force
123,131238.0,7.0,3.0,1761.0,116.0,251.63,38.74,14307.26,76.2,14582.0,0,0,0,8192,0.0,BENIGN
80,186756.0,32.0,15.0,428.0,687.0,13.38,45.78,5969.49,251.67,4059.91,0,0,0,65535,0.0,BENIGN
8080,61774.0,7.0,27.0,269.0,8124.0,38.47,300.9,135877.76,550.39,1871.94,0,1,0,256,4.0,BENIGN
8080,608405.0,8.0,6.0,1765.0,1441.0,220.67,240.16,5270.01,23.01,46800.38,0,0,0,8192,1.0,BENIGN
80,59761.0,5.0,8.0,2322.0,50959.0,464.44,6369.88,891572.94,217.53,4980.08,0,1,0,251,2.0,DoS Hulk
8080,164372.0,10.0,64.0,439.0,1462.0,43.92,22.85,11567.68,450.2,2251.67,1,0,1,29200,6.0,BENIGN
123,305398.0,15.0,1.0,2004.0,26.0,133.61,25.78,6646.84,52.39,20359.87,1,1,0,-1,0.0,BENIGN
654,34.0,2.0,1.0,3.0,3.0,1.62,3.24,190334.77,88235.29,17.0,0,0,0,0,0.0,PortScan
22,584256.0,9.0,31.0,810.0,999.0,89.95,32.22,3095.08,68.46,14980.92,0,1,1,65535,3.0,BENIGN
8080,316929.0,6.0,16.0,159.0,1678.0,26.55,104.89,5798.17,69.42,15091.86,1,1,0,29200,3.0,BENIGN
443,185505.0,4.0,1.0,157.0,133.0,39.3,133.48,1566.98,26.95,46376.25,1,0,1,256,0.0,BENIGN
80,321807.0,2.0,4.0,3.0,16698.0,1.56,4174.6,51899.19,18.64,64361.4,0,0,1,256,2.0,DDoS
617,32.0,1.0,1.0,2.0,3.0,1.79,3.21,156331.0,62500.0,32.0,1,0,0,0,1.0,PortScan
8080,64219.0,4.0,7.0,75.0,655.0,18.67,93.64,11369.43,171.29,6421.9,0,1,1,256,2.0,BENIGN
80,97449.0,3.0,5.0,9.0,25627.0,3.09,5125.31,263069.42,82.09,13921.29,0,0,1,8192,2.0,DDoS
80,42342.0,3.0,2.0,1471.0,2175.0,490.48,1087.74,86130.34,118.09,10585.5,0,1,0,29200,1.0,DoS Hulk
80,120557.0,6.0,9.0,1256.0,14412.0,209.34,1601.33,129963.67,124.42,8611.21,0,0,0,29200,2.0,DoS Hulk
80,417115.0,7.0,8.0,114.0,18169.0,16.22,2271.07,43829.85,35.96,29793.93,0,1,1,8192,1.0,DDoS
80,475126.0,25.0,8.0,2195.0,3042.0,87.8,380.25,11022.2,69.46,14847.69,0,1,0,29200,0.0,Web Attack - Brute Force
80,53140.0,5.0,4.0,2179.0,4659.0,435.77,1164.85,128683.65,169.36,6642.5,0,0,0,29200,1.0,DoS Hulk
443,1436.0,7.0,2.0,268.0,1079.0,38.23,539.58,937863.76,6267.41,179.5,0,1,0,65535,0.0,BENIGN
22,1188.0,11.0,4.0,110.0,211.0,10.03,52.84,270758.91,12626.26,84.86,0,1,0,256,0.0,BENIGN
80,3226.0,6.0,5.0,635.0,744.0,105.85,148.88,427622.95,3409.8,322.6,0,0,1,8192,1.0,Bot
8080,9182.0,61.0,15.0,3742.0,1370.0,61.34,91.31,556675.15,8277.06,122.43,0,0,0,65535,0.0,BENIGN
443,204213.0,1.0,13.0,44.0,530.0,44.15,40.8,2813.8,68.56,15708.69,0,1,1,8192,13.0,BENIGN
22,48470.0,7.0,24.0,878.0,1345.0,125.38,56.05,45860.02,639.57,1615.67,0,0,1,256,3.0,BENIGN
443,466061.0,5.0,8.0,284.0,275.0,56.82,34.33,1198.9,27.89,38838.42,0,1,1,256,2.0,Bot
53,1442960.0,5.0,4.0,226.0,2278.0,45.11,569.5,1735.0,6.24,180370.0,0,0,0,-1,1.0,BENIGN
443,61991.0,4.0,0.0,431.0,0.0,107.66,0.0,6946.94,64.53,20663.67,0,0,0,29200,0.0,BENIGN
22,1147.0,15.0,11.0,1127.0,2134.0,75.1,194.04,2843045.42,22667.83,45.88,0,1,0,256,1.0,BENIGN
22,93731.0,8.0,15.0,174.0,442.0,21.8,29.47,6576.98,245.38,4260.5,0,0,1,256,2.0,BENIGN
8080,20367.0,9.0,6.0,175.0,538.0,19.4,89.61,34971.42,736.49,1454.79,0,1,0,65535,1.0,BENIGN
80,179577.0,6.0,5.0,659.0,13259.0,109.81,2651.72,77501.38,61.26,17957.7,0,1,0,29200,1.0,DoS Hulk
123,18074.0,18.0,1.0,1386.0,609.0,77.03,608.61,110384.5,1051.23,1004.11,0,0,1,8192,0.0,BENIGN
80,36459.0,7.0,2.0,2300.0,4736.0,328.58,2368.17,192994.05,246.85,4557.38,0,1,0,29200,0.0,DoS Hulk
8080,389876.0,2.0,6.0,186.0,249.0,92.89,41.47,1114.72,20.52,55696.57,0,0,0,65535,3.0,BENIGN
22,41043.0,4.0,10.0,525.0,1003.0,131.16,100.32,37225.39,341.11,3157.15,0,1,1,65535,2.0,BENIGN
123,236205.0,14.0,4.0,812.0,202.0,58.02,50.59,4295.47,76.2,13894.41,0,1,0,256,0.0,BENIGN
80,1133.0,13.0,43.0,2002.0,531.0,154.03,12.36,2236224.77,49426.3,20.6,0,0,1,65535,3.0,BENIGN
22,21501.0,11.0,2.0,54.0,143.0,4.89,71.36,9137.11,604.62,1791.75,0,1,0,-1,0.0,BENIGN
8080,819.0,1.0,4.0,94.0,138.0,94.16,34.55,283707.4,6105.01,204.75,0,0,0,65535,4.0,Bot
80,15423.0,11.0,4.0,97.0,3795.0,8.81,948.68,252321.98,972.57,1101.64,0,0,0,65535,0.0,BENIGN
8080,132951.0,12.0,6.0,438.0,2025.0,36.49,337.48,18523.62,135.39,7820.65,0,0,0,8192,0.0,BENIGN
8080,46947.0,1.0,7.0,247.0,734.0,246.64,104.91,20896.08,170.4,6706.71,1,1,0,29200,7.0,BENIGN
53,13212151.0,1.0,40.0,317.0,8894.0,317.24,222.35,697.17,3.1,330303.78,0,0,1,65535,40.0,BENIGN
22,6508.0,4.0,18.0,403.0,1578.0,100.8,87.66,304412.19,3380.45,309.9,0,1,0,8192,4.0,BENIGN
53,1688685.0,7.0,17.0,934.0,1101.0,133.49,64.75,1205.15,14.21,73421.09,0,0,0,29200,2.0,BENIGN
80,3544450.0,3.0,5.0,31.0,6973.0,10.22,1394.61,1975.97,2.26,506350.0,0,0,1,256,2.0,DDoS
8080,237910.0,18.0,8.0,758.0,7303.0,42.12,912.92,33884.57,109.29,9516.4,0,1,0,65535,0.0,BENIGN
22,150376.0,8.0,0.0,70.0,0.0,8.81,0.0,468.81,53.2,21482.29,0,1,0,29200,0.0,BENIGN
80,134596.0,9.0,6.0,153.0,435.0,17.01,72.51,4370.05,111.44,9614.0,0,1,0,29200,1.0,BENIGN
8080,3978.0,4.0,5.0,385.0,1800.0,96.24,359.98,549241.07,2262.44,497.25,0,1,1,8192,1.0,BENIGN
80,24781.0,10.0,2.0,4264.0,10379.0,426.39,5189.58,590898.12,484.24,2252.82,0,0,0,29200,0.0,DoS Hulk
80,12074.0,105.0,3.0,2572.0,937.0,24.5,312.41,290669.89,8944.84,112.84,0,1,1,65535,0.0,BENIGN
22,38738.0,12.0,13.0,473.0,798.0,39.44,61.35,32805.84,645.36,1614.08,0,1,0,65535,1.0,BENIGN
22,3076164.0,13.0,1.0,407.0,6.0,31.29,6.06,134.21,4.55,236628.0,1,0,0,256,0.0,BENIGN
80,982393.0,6.0,2.0,50.0,4364.0,8.35,2182.16,4493.54,8.14,140341.86,0,0,1,8192,0.0,DDoS
835,50.0,2.0,2.0,6.0,9.0,2.76,4.5,290551.85,80000.0,16.67,1,0,0,29200,1.0,PortScan
22,20064236.0,8.0,11.0,1629.0,2590.0,203.66,235.48,210.3,0.95,1114679.78,0,0,0,65535,1.0,BENIGN
80,11674.0,1.0,13.0,32.0,1977.0,31.93,152.09,172102.88,1199.25,898.0,0,1,0,-1,13.0,BENIGN
667,56.0,2.0,1.0,1.0,3.0,0.5,3.4,78450.77,53571.43,28.0,0,0,0,1024,0.0,PortScan
8080,91463.0,8.0,1.0,142.0,298.0,17.75,297.51,4805.18,98.4,11432.88,0,0,1,65535,0.0,BENIGN
8080,40474.0,46.0,5.0,955.0,387.0,20.76,77.37,33154.63,1260.07,809.48,0,1,0,8192,0.0,BENIGN
536,58.0,1.0,1.0,1.0,6.0,1.45,5.89,126590.87,34482.76,58.0,1,0,0,1024,1.0,PortScan
53,4886.0,8.0,10.0,8421.0,695.0,1052.68,69.5,1865812.01,3684.0,287.41,0,1,1,8192,1.0,BENIGN
53,24606.0,4.0,6.0,187.0,3466.0,46.78,577.69,148469.18,406.4,2734.0,0,0,0,29200,2.0,BENIGN
22,1126.0,8.0,7.0,298.0,622.0,37.27,88.85,817137.01,13321.49,80.43,0,1,0,256,1.0,BENIGN
80,1812285.0,4.0,13.0,13.0,13333.0,3.33,1025.64,7364.56,9.38,113267.81,0,0,1,256,3.0,DDoS
80,3197.0,3.0,12.0,225.0,946.0,75.07,78.85,366415.01,4691.9,228.36,0,0,1,-1,4.0,BENIGN
123,735.0,5.0,3.0,78.0,250.0,15.68,83.44,447260.82,10884.35,105.0,0,0,0,-1,1.0,BENIGN
80,901185.0,7.0,5.0,632.0,836.0,90.26,167.12,1628.3,13.32,81925.91,0,1,0,-1,1.0,BENIGN
53,4537.0,1.0,34.0,38.0,18237.0,37.59,536.39,4027994.83,7714.35,133.44,0,0,1,-1,34.0,BENIGN
53,20196.0,5.0,3.0,738.0,551.0,147.59,183.6,63811.12,396.12,2885.14,0,0,0,8192,1.0,BENIGN
443,7665.0,3.0,6.0,187.0,1026.0,62.28,171.03,158252.59,1174.17,958.12,0,1,1,8192,2.0,BENIGN
80,57618.0,5.0,6.0,31.0,19753.0,6.11,3292.13,343353.6,190.91,5761.8,0,0,1,256,1.0,DDoS
80,32422.0,7.0,6.0,3063.0,47640.0,437.57,7940.0,1563845.67,400.96,2701.83,0,0,0,29200,1.0,DoS Hulk
80,18783.0,10.0,8.0,3282.0,16632.0,328.17,2078.98,1060188.21,958.31,1104.88,0,1,0,251,1.0,DoS Hulk
80,124006.0,8.0,7.0,1102.0,21744.0,137.76,3106.24,184230.95,120.96,8857.57,0,1,0,29200,1.0,DoS Hulk
8080,113327.0,9.0,4.0,602.0,1031.0,66.92,257.84,14415.51,114.71,9443.92,0,0,0,-1,0.0,BENIGN
80,69645.0,17.0,5.0,436.0,156.0,25.66,31.1,8495.61,315.89,3316.43,0,1,1,29200,0.0,BENIGN
443,6882.0,13.0,2.0,514.0,59.0,39.5,29.26,83121.21,2179.6,491.57,0,1,0,-1,0.0,BENIGN
285,19.0,1.0,1.0,2.0,6.0,1.57,5.89,392594.75,105263.16,19.0,0,0,0,29200,1.0,PortScan
80,274387.0,7.0,5.0,1609.0,3318.0,229.85,663.57,17955.57,43.73,24944.27,0,1,0,251,1.0,DoS Hulk
22,413.0,4.0,18.0,196.0,3558.0,48.89,197.64,9087473.41,53268.77,19.67,0,1,1,65535,4.0,BENIGN
53,135608.0,3.0,9.0,278.0,2834.0,92.7,314.86,22947.37,88.49,12328.0,0,1,1,-1,3.0,BENIGN
22,561863.0,6.0,22.0,420.0,2455.0,69.96,111.57,5115.71,49.83,20809.74,0,1,0,65535,4.0,BENIGN
8080,13194.0,10.0,3.0,105.0,1331.0,10.48,443.52,108792.37,985.3,1099.5,0,0,0,65535,0.0,BENIGN
53,2655070.0,5.0,48.0,1378.0,2481.0,275.68,51.68,1453.46,19.96,51059.04,0,0,0,8192,10.0,BENIGN
80,2430576.0,9.0,23.0,646.0,7163.0,71.78,311.44,3212.86,13.17,78405.68,0,1,0,65535,3.0,BENIGN
53,3578.0,2.0,30.0,81.0,684.0,40.7,22.79,213825.68,8943.54,115.42,0,1,0,-1,15.0,BENIGN
53,8887.0,6.0,3.0,19.0,749.0,3.16,249.68,86418.03,1012.72,1110.88,0,0,1,65535,0.0,BENIGN
8080,13864.0,10.0,8.0,547.0,591.0,54.73,73.93,82135.92,1298.33,815.53,1,1,1,-1,1.0,BENIGN
240,11.0,1.0,1.0,1.0,8.0,1.2,8.15,849671.64,181818.18,11.0,1,0,0,29200,1.0,PortScan
80,95975.0,3.0,4.0,24.0,10566.0,7.98,2641.6,110344.95,72.94,15995.83,0,0,1,256,1.0,DDoS
443,476297.0,8.0,1.0,336.0,36.0,41.96,36.39,781.11,18.9,59537.12,0,1,1,256,0.0,BENIGN
22,1689.0,19.0,6.0,1565.0,717.0,82.35,119.55,1351104.44,14801.66,70.38,0,0,0,8192,0.0,BENIGN
80,103391.0,3.0,6.0,82.0,21359.0,27.36,3559.79,207376.36,87.05,12923.88,0,0,0,256,2.0,DDoS
78,26.0,2.0,1.0,4.0,4.0,1.97,4.04,306940.78,115384.62,13.0,0,0,0,0,0.0,PortScan
8080,83087.0,5.0,6.0,267.0,225.0,53.35,37.46,5915.73,132.39,8308.7,0,0,0,29200,1.0,BENIGN
22,8509.0,9.0,18.0,418.0,863.0,46.46,47.95,150577.94,3173.11,327.27,0,1,1,8192,2.0,BENIGN
80,108463.0,4.0,5.0,17.0,17782.0,4.26,3556.38,164101.53,82.98,13557.88,0,0,1,8192,1.0,DDoS
22,18518.0,10.0,33.0,485.0,18565.0,48.54,562.57,1028733.58,2322.07,440.9,0,0,0,29200,3.0,BENIGN
53,46056.0,4.0,16.0,79.0,731.0,19.64,45.7,17582.96,434.25,2424.0,0,1,0,29200,4.0,BENIGN
443,4985.0,14.0,23.0,1644.0,15109.0,117.42,656.89,3360557.37,7422.27,138.47,0,0,1,29200,2.0,BENIGN
123,1777.0,7.0,24.0,644.0,1593.0,91.94,66.38,1258717.1,17445.13,59.23,0,1,0,8192,3.0,BENIGN
53,33590764.0,2.0,29.0,190.0,3665.0,95.02,126.38,114.76,0.92,1119692.13,0,1,0,8192,14.0,BENIGN
8080,312839.0,5.0,6.0,534.0,2437.0,106.89,406.14,9497.81,35.16,31283.9,0,0,0,29200,1.0,BENIGN
8080,62005.0,9.0,3.0,139.0,483.0,15.47,161.15,10043.17,193.53,5636.82,0,1,0,29200,0.0,BENIGN
80,924954.0,10.0,5.0,725.0,1954.0,72.47,390.81,2896.07,16.22,66068.14,0,1,1,8192,0.0,Web Attack - Brute Force
8080,286065.0,3.0,8.0,45.0,1826.0,15.07,228.22,6540.45,38.45,28606.5,0,0,0,8192,3.0,BENIGN
443,123426.0,99.0,4.0,3376.0,96.0,34.1,24.1,28136.08,834.51,1210.06,0,1,1,256,0.0,BENIGN
8080,39791.0,4.0,10.0,164.0,1882.0,41.09,188.21,51429.24,351.84,3060.85,0,0,1,65535,2.0,BENIGN
53,154696.0,10.0,2.0,870.0,365.0,86.98,182.7,7984.6,77.57,14063.27,0,0,1,29200,0.0,BENIGN
8080,87365552.0,21.0,1.0,1386.0,207.0,66.0,206.52,18.23,0.25,4160264.38,0,1,0,256,0.0,BENIGN
53,3987.0,68.0,2.0,1421.0,321.0,20.9,160.5,436916.71,17557.06,57.78,0,1,0,29200,0.0,BENIGN
8080,974.0,5.0,1.0,77.0,116.0,15.42,116.38,198634.36,6160.16,194.8,0,1,1,-1,0.0,BENIGN
22,445.0,7.0,7.0,820.0,1089.0,117.08,155.54,4288446.36,31460.67,34.23,1,1,0,-1,1.0,BENIGN
123,31883.0,8.0,1.0,2914.0,834.0,364.27,833.84,117554.58,282.28,3985.38,0,0,0,256,0.0,BENIGN
80,138305.0,16.0,3.0,4907.0,4609.0,306.67,1536.4,68803.84,137.38,7683.61,0,1,0,251,0.0,DoS Hulk
22,13674.0,11.0,8.0,2682.0,1835.0,243.83,229.4,330362.62,1389.5,759.67,0,0,1,256,1.0,BENIGN
53,113524.0,6.0,1.0,223.0,212.0,37.21,212.46,3837.97,61.66,18920.67,0,1,0,8192,0.0,BENIGN
8080,1787.0,4.0,3.0,145.0,377.0,36.35,125.52,292077.06,3917.18,297.83,0,0,0,-1,1.0,BENIGN
80,263716.0,3.0,8.0,31.0,21421.0,10.31,2677.66,81345.89,41.71,26371.6,0,0,1,8192,3.0,DDoS
123,4258.0,5.0,3.0,67.0,103.0,13.43,34.18,39848.59,1878.82,608.29,0,1,1,-1,1.0,BENIGN
443,9306.0,2.0,9.0,58.0,2344.0,29.21,260.42,258132.88,1182.03,930.6,0,0,1,-1,4.0,BENIGN
22,11608078.0,6.0,17.0,945.0,278.0,157.46,16.36,105.35,1.98,527639.91,0,0,0,29200,3.0,BENIGN
80,66246.0,9.0,6.0,3153.0,12911.0,350.34,2151.77,242485.4,226.43,4731.86,0,1,0,29200,1.0,DoS Hulk
80,3191912.0,2.0,11.0,22.0,1148.0,11.12,104.4,366.76,4.07,265992.67,0,0,1,8192,6.0,BENIGN
8080,112.0,2.0,19.0,170.0,1505.0,85.08,79.19,14953231.84,187500.0,5.6,0,0,0,65535,10.0,Bot
8080,15399.0,12.0,31.0,348.0,726.0,28.99,23.42,69736.96,2792.39,366.64,0,0,1,65535,3.0,BENIGN
75,104.0,1.0,1.0,3.0,2.0,3.15,2.28,52187.5,19230.77,104.0,0,0,0,1024,1.0,PortScan
80,38223.0,31.0,6.0,743.0,147.0,23.95,24.48,23270.39,968.0,1061.75,0,0,0,29200,0.0,BENIGN
53,5802.0,4.0,2.0,71.0,59.0,17.69,29.43,22343.32,1034.13,1160.4,0,1,0,256,0.0,BENIGN
80,262814.0,8.0,4.0,5139.0,5873.0,642.34,1468.27,41899.6,45.66,23892.18,0,0,1,251,0.0,DoS Hulk
120,46.0,1.0,1.0,1.0,3.0,0.89,2.67,77424.66,43478.26,46.0,1,0,0,29200,1.0,PortScan
80,56968.0,9.0,4.0,4025.0,857.0,447.26,214.35,85710.24,228.2,4747.33,0,1,1,29200,0.0,BENIGN
443,1822.0,2.0,6.0,52.0,1442.0,25.8,240.3,819652.07,4390.78,260.29,0,0,0,29200,3.0,BENIGN
80,6192.0,3.0,64.0,26.0,152005.0,8.52,2375.08,24552709.92,10820.41,93.82,0,1,0,8192,21.0,BENIGN
8080,254793.0,5.0,5.0,234.0,501.0,46.88,100.17,2885.59,39.25,28310.33,0,1,0,8192,1.0,BENIGN
80,988453.0,2.0,4.0,14.0,9240.0,6.92,2309.92,9361.61,6.07,197690.6,0,0,0,256,2.0,DDoS
80,1914596.0,2.0,1.0,250.0,328.0,124.94,327.75,301.7,1.57,957298.0,0,0,0,65535,0.0,Bot
80,5164.0,9.0,6.0,5131.0,13468.0,570.08,2244.64,3601574.12,2904.73,368.86,0,1,0,251,1.0,DoS Hulk
8080,24675.0,2.0,3.0,76.0,1540.0,38.12,513.42,65512.2,202.63,6168.75,0,0,1,29200,2.0,BENIGN
443,991224.0,2.0,14.0,75.0,7954.0,37.54,568.15,8100.29,16.14,66081.6,0,0,0,29200,7.0,BENIGN
443,529633.0,2.0,7.0,277.0,825.0,138.68,117.79,2080.43,16.99,66204.12,0,1,0,-1,4.0,BENIGN
8080,2608.0,6.0,6.0,1676.0,1545.0,279.29,257.44,1234803.37,4601.23,237.09,1,1,0,8192,1.0,Bot
443,29.0,31.0,5.0,729.0,3983.0,23.53,796.64,162506955.29,1241379.31,0.83,0,1,0,29200,0.0,BENIGN
443,339596.0,5.0,5.0,838.0,267.0,167.51,53.36,3251.94,29.45,37732.89,0,1,0,65535,1.0,Bot
80,49014.0,3.0,4.0,803.0,13243.0,267.53,3310.86,286571.48,142.82,8169.0,0,0,0,251,1.0,DoS Hulk
443,58818.0,3.0,17.0,235.0,4676.0,78.48,275.05,83500.17,340.03,3095.68,0,0,0,8192,6.0,BENIGN
80,975377.0,4.0,4.0,8.0,9929.0,2.06,2482.36,10188.57,8.2,139339.57,1,0,1,256,1.0,DDoS
22,45509.0,1.0,3.0,23.0,8206.0,23.04,2735.26,180817.57,87.89,15169.67,0,1,1,256,3.0,BENIGN
123,3665.0,4.0,37.0,1692.0,951.0,423.01,25.7,721140.22,11186.9,91.62,0,1,0,65535,9.0,BENIGN
8080,3122.0,5.0,9.0,158.0,825.0,31.53,91.67,314743.86,4484.3,240.15,0,1,1,8192,2.0,BENIGN
1011,18.0,2.0,1.0,4.0,2.0,2.21,2.38,377090.54,166666.67,9.0,1,0,0,29200,0.0,PortScan
80,4842360.0,9.0,2.0,1208.0,624.0,134.24,312.17,378.44,2.27,484236.0,0,0,1,8192,0.0,Web Attack - Brute Force
123,9324.0,2.0,1.0,23.0,108.0,11.59,107.73,14039.83,321.75,4662.0,0,1,1,29200,0.0,BENIGN
80,63989.0,55.0,9.0,1373.0,1830.0,24.97,203.3,50055.54,1000.17,1015.7,0,0,1,65535,0.0,BENIGN
123,848.0,3.0,7.0,142.0,128.0,47.27,18.27,318056.0,11792.45,94.22,0,1,1,65535,2.0,BENIGN
875,117.0,1.0,1.0,2.0,2.0,2.12,2.39,38530.03,17094.02,117.0,0,0,0,1024,1.0,PortScan
22,64639.0,4.0,11.0,132.0,789.0,33.09,71.73,14254.91,232.06,4617.07,0,0,1,8192,3.0,BENIGN
8080,704568.0,11.0,4.0,246.0,1701.0,22.34,425.14,2762.31,21.29,50326.29,0,0,1,256,0.0,BENIGN
443,615.0,11.0,3.0,1321.0,1626.0,120.09,542.12,4792370.1,22764.23,47.31,0,1,0,65535,0.0,Bot
53,158614.0,6.0,24.0,292.0,3490.0,48.72,145.43,23847.79,189.14,5469.45,0,0,0,65535,4.0,BENIGN
80,31358.0,2.0,7.0,365.0,359.0,182.56,51.25,23083.41,287.01,3919.75,0,0,1,65535,4.0,BENIGN
80,181602.0,5.0,6.0,1055.0,19163.0,211.03,3193.84,111332.4,60.57,18160.2,0,1,0,251,1.0,DoS Hulk
8080,1166260.0,9.0,2.0,1289.0,587.0,143.18,293.29,1607.9,9.43,116626.0,0,0,0,256,0.0,BENIGN
92,129.0,1.0,2.0,1.0,2.0,1.34,0.83,23245.05,23255.81,64.5,1,0,0,1024,2.0,PortScan
80,43940.0,5.0,3.0,1793.0,3534.0,358.68,1177.96,121240.63,182.07,6277.14,0,1,0,251,1.0,DoS Hulk
22,30381.0,26.0,2.0,543.0,35.0,20.89,17.74,19044.95,921.63,1125.22,0,0,1,29200,0.0,BENIGN
443,10089.0,4.0,20.0,665.0,2882.0,166.16,144.1,351530.45,2378.83,438.65,0,1,1,8192,5.0,BENIGN
123,191511.0,4.0,3.0,34.0,276.0,8.38,92.1,1617.77,36.55,31918.5,0,0,1,8192,1.0,BENIGN
123,456573.0,5.0,11.0,55.0,1575.0,11.0,143.23,3571.18,35.04,30438.2,0,1,0,65535,2.0,BENIGN
80,180254.0,5.0,9.0,1308.0,9491.0,261.55,1054.56,59908.66,77.67,13865.69,0,0,0,29200,2.0,DoS Hulk
443,1304.0,1.0,4.0,94.0,87.0,93.68,21.83,138800.91,3834.36,326.0,0,0,1,65535,4.0,BENIGN
22,937457.0,10.0,10.0,351.0,2765.0,35.13,276.51,3324.27,21.33,49339.84,0,0,1,65535,1.0,BENIGN
80,1364344.0,3.0,2.0,15.0,8245.0,5.06,4122.57,6054.43,3.66,341086.0,0,0,1,8192,1.0,DDoS
8080,564976.0,19.0,4.0,836.0,49.0,44.02,12.28,1567.24,40.71,25680.73,0,1,0,29200,0.0,BENIGN
443,309.0,8.0,10.0,412.0,21822.0,51.5,2182.21,71954929.94,58252.43,18.18,0,0,0,65535,1.0,BENIGN
8080,14906.0,2.0,2.0,75.0,677.0,37.56,338.37,50439.55,268.35,4968.67,0,0,1,65535,1.0,BENIGN
53,26291.0,3.0,4.0,167.0,4128.0,55.55,1032.04,163357.28,266.25,4381.83,0,0,1,29200,1.0,BENIGN
53,706.0,2.0,3.0,595.0,103.0,297.61,34.29,988797.76,7082.15,176.5,0,1,0,29200,2.0,BENIGN
123,7380.0,7.0,1.0,582.0,132.0,83.1,131.74,96667.7,1084.01,1054.29,0,0,1,65535,0.0,BENIGN
53,1790435.0,3.0,200.0,105.0,296134.0,35.11,1480.67,165456.59,113.38,8863.54,0,1,0,29200,67.0,BENIGN
8080,302227.0,9.0,6.0,420.0,2437.0,46.67,406.24,9454.66,49.63,21587.64,0,0,0,-1,1.0,BENIGN
144,22.0,1.0,0.0,1.0,0.0,0.86,0.0,39243.51,45454.55,22.0,1,0,0,29200,0.0,PortScan
8080,66120.0,2.0,0.0,95.0,0.0,47.38,0.0,1433.23,30.25,66120.0,0,0,1,29200,0.0,BENIGN
443,3468.0,5.0,5.0,165.0,173.0,32.99,34.5,97313.26,2883.51,385.33,0,0,1,8192,1.0,BENIGN
22,17516.0,50.0,5.0,417.0,2097.0,8.35,419.31,143515.74,3139.99,324.37,0,1,1,-1,0.0,BENIGN
22,27076.0,1.0,4.0,72.0,2833.0,71.69,708.27,107282.03,184.67,6769.0,0,1,1,-1,4.0,BENIGN
8080,23262.0,3.0,4.0,170.0,1677.0,56.55,419.15,79367.98,300.92,3877.0,0,1,1,29200,1.0,BENIGN
80,590720.0,5.0,4.0,28.0,15822.0,5.67,3955.56,26832.62,15.24,73840.0,0,0,1,8192,1.0,DDoS
53,437835.0,4.0,4.0,686.0,892.0,171.49,222.92,3603.32,18.27,62547.86,0,0,0,29200,1.0,BENIGN
336,141.0,2.0,1.0,2.0,3.0,1.0,2.93,34994.29,21276.6,70.5,0,0,0,29200,0.0,PortScan
80,47749.0,5.0,5.0,2352.0,8646.0,470.32,1729.12,230312.38,209.43,5305.44,0,0,0,29200,1.0,DoS Hulk
80,6169440.0,5.0,2.0,16.0,4212.0,3.1,2106.13,685.28,1.13,1028240.0,0,1,0,256,0.0,DDoS
80,219510.0,5.0,36.0,1695.0,43069.0,338.91,1196.35,203923.58,186.78,5487.75,0,0,0,8192,7.0,BENIGN
80,16882.0,6.0,8.0,4691.0,34708.0,781.89,4338.45,2333782.24,829.29,1298.62,0,1,0,29200,1.0,DoS Hulk
80,188714.0,13.0,8.0,9174.0,14261.0,705.7,1782.62,124182.68,111.28,9435.7,0,1,0,251,1.0,DoS Hulk
80,279151.0,5.0,6.0,1353.0,2996.0,270.61,499.29,15578.61,39.41,27915.1,0,1,0,29200,1.0,DoS Hulk
80,403710.0,12.0,3.0,4029.0,3166.0,335.72,1055.48,17822.53,37.16,28836.43,0,1,1,251,0.0,DoS Hulk
443,2369.0,9.0,17.0,1013.0,5023.0,112.53,295.5,2548026.2,10975.09,94.76,1,0,1,29200,2.0,BENIGN
80,5707.0,1.0,6.0,50.0,453.0,50.03,75.42,88064.05,1226.56,951.17,0,0,0,29200,6.0,BENIGN
80,511614.0,3.0,4.0,14.0,27124.0,4.51,6781.03,53043.23,13.68,85269.0,0,0,1,256,1.0,DDoS
80,500678.0,5.0,3.0,949.0,4316.0,189.76,1438.57,10514.78,15.98,71525.43,0,1,0,251,1.0,DoS Hulk
123,106266.0,2.0,7.0,144.0,2247.0,71.76,321.02,22496.79,84.69,13283.25,0,1,0,65535,4.0,BENIGN
80,882576.0,3.0,3.0,52.0,471.0,17.33,156.87,592.1,6.8,176515.2,0,0,0,-1,1.0,BENIGN
824,63.0,1.0,1.0,1.0,5.0,1.33,5.13,102601.05,31746.03,63.0,0,0,0,1024,1.0,PortScan
80,108831.0,5.0,1.0,2628.0,7563.0,525.67,7563.03,93644.18,55.13,21766.2,0,0,0,29200,0.0,DoS Hulk
80,46243.0,3.0,3.0,1215.0,8742.0,404.95,2913.93,215311.32,129.75,9248.6,0,1,0,251,1.0,DoS Hulk
123,1581488.0,1.0,31.0,85.0,8137.0,84.64,262.48,5198.55,20.23,51015.74,0,1,1,65535,31.0,BENIGN
723,13.0,1.0,1.0,1.0,3.0,0.6,3.31,300826.8,153846.15,13.0,1,0,0,29200,1.0,PortScan
123,19110.0,3.0,7.0,91.0,1451.0,30.3,207.3,80690.52,523.29,2123.33,0,0,0,256,2.0,BENIGN
80,10434588.0,6.0,2.0,94.0,6624.0,15.65,3311.97,643.8,0.77,1490655.43,0,0,1,8192,0.0,DDoS
123,2732.0,8.0,0.0,155.0,0.0,19.34,0.0,56640.31,2928.26,390.29,0,1,0,29200,0.0,BENIGN
443,38770.0,2.0,18.0,64.0,4929.0,32.18,273.83,128791.63,515.86,2040.53,0,0,0,29200,9.0,BENIGN
80,3918841.0,10.0,12.0,288.0,3228.0,28.77,269.0,897.11,5.61,186611.48,0,1,0,8192,1.0,Web Attack - Brute Force
123,6273.0,2.0,4.0,168.0,731.0,83.81,182.71,143226.3,956.48,1254.6,0,1,1,256,2.0,BENIGN
80,7770.0,17.0,3.0,3804.0,128.0,223.79,42.54,506051.33,2574.0,408.95,0,1,0,-1,0.0,BENIGN
304,30.0,1.0,1.0,1.0,3.0,1.15,3.24,146301.04,66666.67,30.0,1,0,0,1024,1.0,PortScan
836,77.0,1.0,1.0,2.0,10.0,2.11,10.41,162639.13,25974.03,77.0,1,0,0,0,1.0,PortScan
8080,758265.0,4.0,5.0,216.0,395.0,54.1,78.94,805.93,11.87,94783.12,0,0,1,29200,1.0,BENIGN
80,10927.0,4.0,7.0,1116.0,4023.0,278.95,574.65,470245.14,1006.68,1092.7,0,1,0,251,2.0,DoS Hulk
80,37483.0,9.0,6.0,3288.0,27252.0,365.38,4541.97,814774.61,400.18,2677.36,0,1,0,29200,1.0,DoS Hulk
80,216545.0,5.0,4.0,1316.0,1410.0,263.16,352.47,12587.13,41.56,27068.12,0,1,0,29200,1.0,DoS Hulk
489,69.0,1.0,1.0,1.0,11.0,0.84,11.46,178344.23,28985.51,69.0,1,0,0,1024,1.0,PortScan
443,149296.0,1.0,40.0,34.0,5513.0,33.55,137.82,37149.69,274.62,3732.4,0,0,0,256,40.0,BENIGN
22,111209.0,33.0,52.0,5535.0,9306.0,167.74,178.96,133456.73,764.33,1323.92,0,0,1,8192,2.0,BENIGN
53,46807.0,9.0,4.0,3832.0,77.0,425.81,19.22,83517.08,277.74,3900.58,0,0,0,29200,0.0,BENIGN
714,26.0,1.0,1.0,0.0,3.0,0.25,2.87,119976.2,76923.08,26.0,0,0,0,29200,1.0,PortScan
80,845575.0,3.0,5.0,1837.0,12301.0,612.48,2460.2,16720.5,9.46,120796.43,0,1,0,29200,2.0,DoS Hulk
80,2779.0,17.0,4.0,4572.0,84.0,268.96,21.05,1675610.9,7556.68,138.95,1,0,0,8192,0.0,BENIGN
123,267231.0,1.0,1.0,16.0,85.0,16.1,84.8,377.58,7.48,267231.0,0,0,1,-1,1.0,BENIGN
22,336939.0,4.0,10.0,309.0,829.0,77.13,82.88,3375.59,41.55,25918.38,0,1,0,8192,2.0,BENIGN
80,58703.0,28.0,5.0,22651.0,5317.0,808.96,1063.45,476435.01,562.15,1834.47,0,0,0,256,0.0,BENIGN
53,1103702.0,17.0,12.0,174.0,1824.0,10.21,152.03,1810.24,26.28,39417.93,0,1,0,29200,1.0,BENIGN
443,514692.0,4.0,10.0,224.0,413.0,56.09,41.28,1237.9,27.2,39591.69,0,0,0,256,2.0,BENIGN
443,82323.0,14.0,2.0,210.0,18.0,14.97,9.09,2766.3,194.36,5488.2,0,0,0,65535,0.0,BENIGN
408,49.0,1.0,1.0,2.0,21.0,2.45,21.24,483534.46,40816.33,49.0,1,0,0,0,1.0,PortScan
80,125780.0,9.0,3.0,60.0,2089.0,6.66,696.27,17083.25,95.4,11434.55,0,1,0,8192,0.0,BENIGN
22,5491.0,14.0,2.0,335.0,132.0,23.92,65.83,84963.57,2913.86,366.07,0,1,0,29200,0.0,BENIGN
80,76692.0,5.0,3.0,1187.0,3614.0,237.33,1204.8,62601.53,104.31,10956.0,0,0,1,251,1.0,DoS Hulk
53,69115.0,1.0,27.0,59.0,2335.0,59.11,86.47,34633.51,405.12,2559.81,0,0,1,8192,27.0,BENIGN
8080,198231.0,2.0,10.0,44.0,5158.0,21.76,515.82,26240.52,60.54,18021.0,0,0,0,256,5.0,BENIGN
22,146283.0,4.0,6.0,271.0,642.0,67.65,107.06,6240.95,68.36,16253.67,0,0,1,8192,2.0,BENIGN
123,31859.0,5.0,2.0,225.0,786.0,45.0,393.02,31735.44,219.72,5309.83,0,0,0,65535,0.0,BENIGN
22,39868.0,5.0,3.0,529.0,377.0,105.79,125.74,22729.95,200.66,5695.43,0,0,0,29200,1.0,BENIGN
22,12563.0,18.0,1.0,1262.0,371.0,70.12,371.2,130017.45,1512.38,697.94,0,0,1,-1,0.0,BENIGN
80,2418493.0,5.0,5.0,218.0,896.0,43.58,179.15,460.46,4.13,268721.44,0,0,0,-1,1.0,BENIGN
53,1894128.0,18.0,1.0,131.0,302.0,7.25,302.33,228.53,10.03,105229.33,0,0,1,-1,0.0,BENIGN
80,24990.0,7.0,7.0,1429.0,7797.0,204.13,1113.91,369197.43,560.22,1922.31,0,0,0,251,1.0,DoS Hulk
53,804859.0,14.0,56.0,462.0,23578.0,32.98,421.03,29868.12,86.97,11664.62,0,0,1,29200,4.0,BENIGN
53,7681.0,3.0,50.0,203.0,8417.0,67.52,168.35,1122242.87,6900.14,147.71,0,0,1,8192,17.0,BENIGN
8080,678416.0,1.0,1.0,16.0,227.0,16.31,227.02,358.67,2.95,678416.0,0,1,1,8192,1.0,BENIGN
443,74601.0,2.0,1.0,48.0,3343.0,24.18,3343.19,45462.47,40.21,37300.5,0,0,0,256,0.0,BENIGN
53,4509713.0,2.0,12.0,113.0,634.0,56.26,52.85,165.58,3.1,346901.0,0,0,1,256,6.0,BENIGN
80,1152.0,46.0,12.0,1372.0,1453.0,29.82,121.1,2451994.99,50347.22,20.21,0,1,0,-1,0.0,BENIGN
80,3656060.0,6.0,4.0,53.0,8586.0,8.86,2146.46,2362.93,2.74,406228.89,0,0,1,256,1.0,DDoS
80,751218.0,7.0,7.0,2350.0,9754.0,335.76,1393.46,16113.23,18.64,57786.0,0,0,0,29200,1.0,DoS Hulk
80,5851.0,6.0,227.0,269.0,322386.0,44.75,1420.2,55145191.35,39822.25,25.22,0,0,0,-1,38.0,BENIGN
22,60782.0,3.0,4.0,95.0,447.0,31.52,111.8,8913.46,115.17,10130.33,0,0,1,65535,1.0,BENIGN
443,1511.0,3.0,6.0,59.0,392.0,19.72,65.4,298853.87,5956.32,188.88,0,0,0,-1,2.0,BENIGN
8080,22669169.0,1.0,5.0,38.0,438.0,38.2,87.63,21.01,0.26,4533833.8,0,1,1,8192,5.0,BENIGN
8080,13475.0,3.0,17.0,590.0,4946.0,196.76,290.94,410857.94,1484.23,709.21,0,0,0,8192,6.0,Bot
80,157799.0,5.0,4.0,2437.0,5952.0,487.49,1487.95,53163.95,57.03,19724.88,0,1,0,251,1.0,DoS Hulk
80,26653.0,5.0,5.0,47.0,15156.0,9.4,3031.21,570407.31,375.19,2961.44,0,0,0,8192,1.0,DDoS
123,120926.0,2.0,23.0,65.0,6975.0,32.53,303.26,58217.43,206.74,5038.58,0,0,1,-1,12.0,BENIGN
53,87317.0,5.0,13.0,717.0,1107.0,143.47,85.15,20893.55,206.15,5136.29,0,1,1,8192,3.0,BENIGN
53,107554.0,1.0,6.0,280.0,5216.0,279.86,869.34,51098.98,65.08,17925.67,0,1,1,29200,6.0,BENIGN
22,13491.0,2.0,5.0,226.0,316.0,113.18,63.25,40221.74,518.86,2248.5,0,1,0,-1,2.0,BENIGN
80,173788.0,6.0,6.0,1231.0,23743.0,205.1,3957.2,143702.74,69.05,15798.91,0,1,0,29200,1.0,DoS Hulk
8080,7203.0,5.0,12.0,771.0,1167.0,154.15,97.25,269012.98,2360.13,450.19,0,0,0,8192,2.0,Bot
22,3279.0,15.0,9.0,1234.0,2483.0,82.29,275.94,1133808.42,7319.3,142.57,0,1,0,29200,1.0,BENIGN
80,507227.0,5.0,6.0,93.0,383.0,18.53,63.91,938.62,21.69,50722.7,0,0,0,8192,1.0,BENIGN
123,46025.0,10.0,11.0,311.0,1122.0,31.06,102.0,31126.13,456.27,2301.25,0,0,0,65535,1.0,BENIGN
8080,964.0,2.0,5.0,454.0,396.0,227.19,79.24,882335.07,7261.41,160.67,0,1,1,65535,2.0,BENIGN
123,171180.0,5.0,37.0,162.0,865.0,32.41,23.39,6001.82,245.36,4175.12,0,0,1,29200,7.0,BENIGN
123,232789.0,18.0,1.0,3740.0,25.0,207.76,24.83,16171.37,81.62,12932.72,0,0,1,256,0.0,BENIGN
443,168812.0,2.0,14.0,301.0,7011.0,150.33,500.81,43314.79,94.78,11254.13,0,0,1,8192,7.0,BENIGN
22,53504.0,2.0,4.0,119.0,205.0,59.74,51.37,6073.48,112.14,10700.8,0,0,1,29200,2.0,BENIGN
53,104898.0,19.0,9.0,749.0,206.0,39.4,22.85,9097.96,266.93,3885.11,0,1,0,65535,0.0,BENIGN
80,75892.0,5.0,4.0,169.0,6090.0,33.78,1522.39,82464.88,118.59,9486.5,0,0,0,65535,1.0,BENIGN
443,1529.0,4.0,10.0,35.0,8973.0,8.71,897.25,5891025.42,9156.31,117.62,0,0,0,65535,2.0,BENIGN
123,37781.0,6.0,10.0,260.0,3064.0,43.34,306.44,87991.68,423.49,2518.73,0,0,0,29200,2.0,BENIGN
53,35084.0,8.0,5.0,1151.0,712.0,143.89,142.33,53094.02,370.54,2923.67,0,0,0,65535,1.0,BENIGN
123,35505.0,22.0,4.0,2042.0,6756.0,92.82,1688.9,247785.79,732.29,1420.2,0,1,0,256,0.0,BENIGN
80,3440774.0,3.0,3.0,27.0,9046.0,9.04,3015.36,2636.96,1.74,688154.8,0,0,1,256,1.0,DDoS
80,41976.0,6.0,5.0,1558.0,5328.0,259.69,1065.53,164042.37,262.05,4197.6,0,1,0,29200,1.0,DoS Hulk
53,1851.0,2.0,1.0,20.0,392.0,9.77,392.37,222531.02,1620.75,925.5,0,0,1,65535,0.0,BENIGN
123,30762.0,7.0,23.0,513.0,15384.0,73.23,668.89,516778.11,975.23,1060.76,0,1,0,256,3.0,BENIGN
540,82.0,1.0,1.0,2.0,4.0,1.91,4.18,74185.87,24390.24,82.0,1,0,0,1024,1.0,PortScan
80,454570.0,6.0,3.0,30.0,11070.0,5.01,3689.94,24418.35,19.8,56821.25,0,0,1,256,0.0,DDoS
80,1837.0,9.0,5.0,210.0,764.0,23.38,152.9,530683.35,7621.12,141.31,0,0,0,-1,1.0,BENIGN
123,1494206.0,2.0,3.0,370.0,1380.0,185.12,459.93,1171.22,3.35,373551.5,0,0,0,29200,2.0,BENIGN
443,56854.0,3.0,5.0,600.0,1244.0,199.91,248.88,32436.25,140.71,8122.0,0,0,0,8192,2.0,BENIGN
8080,9116.0,5.0,9.0,436.0,89.0,87.3,9.89,57645.09,1535.76,701.23,0,1,0,8192,2.0,BENIGN
542,30.0,2.0,2.0,3.0,6.0,1.75,3.13,325337.47,133333.33,10.0,1,0,0,29200,1.0,PortScan
554,96.0,1.0,1.0,1.0,16.0,0.93,15.53,171470.99,20833.33,96.0,0,0,0,0,1.0,PortScan
80,23294.0,4.0,2.0,911.0,2513.0,227.83,1256.28,146984.62,257.58,4658.8,0,0,0,251,0.0,DoS Hulk
80,173320.0,4.0,7.0,3092.0,14355.0,773.05,2050.76,100666.57,63.47,17332.0,0,0,0,251,2.0,DoS Hulk
53,195.0,5.0,1.0,421.0,1592.0,84.11,1591.58,10318723.5,30769.23,39.0,0,0,1,256,0.0,BENIGN
443,12830.0,11.0,3.0,353.0,203.0,32.06,67.53,43281.85,1091.19,986.92,0,1,0,29200,0.0,BENIGN
123,23640.0,3.0,12.0,178.0,767.0,59.2,63.89,39947.07,634.52,1688.57,0,0,0,-1,4.0,BENIGN
8080,8451.0,8.0,5.0,992.0,10180.0,124.02,2035.93,1321948.39,1538.28,704.25,1,0,1,65535,1.0,BENIGN
80,104579.0,35.0,2.0,1159.0,388.0,33.12,194.14,14798.07,353.8,2904.97,0,0,0,-1,0.0,BENIGN
22,123589.0,75.0,7.0,6286.0,370.0,83.81,52.82,53853.29,663.49,1525.79,0,0,1,65535,0.0,BENIGN
8080,11812.0,2.0,10.0,513.0,34961.0,256.47,3496.07,3003184.8,1015.92,1073.82,0,1,0,65535,5.0,BENIGN
80,10966.0,1.0,9.0,46.0,404.0,46.32,44.91,41081.46,911.91,1218.44,0,0,1,8192,9.0,BENIGN
443,592.0,3.0,16.0,1031.0,1890.0,343.56,118.11,4933207.16,32094.59,32.89,0,1,1,29200,5.0,BENIGN
53,559911.0,6.0,2.0,1575.0,338.0,262.49,169.12,3416.89,14.29,79987.29,0,1,1,29200,0.0,BENIGN
80,617424.0,4.0,6.0,24.0,16832.0,5.98,2805.32,27300.26,16.2,68602.67,0,0,1,8192,2.0,DDoS
80,165828.0,2.0,7.0,17.0,16884.0,8.6,2412.0,101920.22,54.27,20728.5,0,0,1,256,4.0,DDoS
8080,5003.0,1.0,2.0,34.0,120.0,34.34,60.21,30934.94,599.64,2501.5,0,0,1,256,2.0,BENIGN
80,95116.0,3.0,5.0,1031.0,2541.0,343.56,508.18,37549.85,84.11,13588.0,0,1,0,29200,2.0,DoS Hulk
232,16.0,1.0,1.0,4.0,14.0,4.4,14.4,1174772.5,125000.0,16.0,1,0,0,1024,1.0,PortScan
53,8911.0,69.0,7.0,34622.0,901.0,501.77,128.74,3986456.68,8528.78,118.81,0,0,1,65535,0.0,BENIGN
8080,76421.0,2.0,28.0,29.0,2272.0,14.28,81.13,30100.3,392.56,2635.21,0,0,0,256,14.0,BENIGN
80,2263.0,6.0,5.0,1053.0,253.0,175.56,50.55,577137.98,4860.8,226.3,0,1,0,-1,1.0,BENIGN
443,10814.0,16.0,2.0,2659.0,1702.0,166.2,851.22,403337.24,1664.51,636.12,0,1,0,-1,0.0,BENIGN
80,60511.0,5.0,5.0,3658.0,6439.0,731.6,1287.85,166866.49,165.26,6723.44,1,0,0,251,1.0,DoS Hulk
80,334169.0,5.0,20.0,84.0,3204.0,16.72,160.19,9837.28,74.81,13923.71,0,0,1,-1,4.0,BENIGN
123,2243083.0,5.0,22.0,50.0,15810.0,9.98,718.62,7070.43,12.04,86272.42,0,1,0,65535,4.0,BENIGN
80,2672818.0,5.0,3.0,137.0,6236.0,27.33,2078.62,2384.19,2.99,381831.14,0,0,0,256,1.0,DDoS
443,177198.0,6.0,15.0,250.0,1350.0,41.68,89.99,9029.08,118.51,8859.9,0,1,0,8192,2.0,BENIGN
443,46812.0,1.0,5.0,33.0,9102.0,32.98,1820.44,195145.89,128.17,9362.4,0,1,1,-1,5.0,BENIGN
22,21395.0,9.0,6.0,831.0,4538.0,92.31,756.35,250940.16,701.1,1528.21,0,0,0,8192,1.0,BENIGN
443,262306.0,5.0,2.0,394.0,773.0,78.86,386.38,4449.27,26.69,43717.67,0,1,0,29200,0.0,BENIGN
80,1613105.0,3.0,4.0,17.0,3831.0,5.77,957.75,2385.65,4.34,268850.83,0,1,0,256,1.0,DDoS
443,165930.0,7.0,19.0,3715.0,6750.0,530.69,355.29,63070.72,156.69,6637.2,0,1,1,65535,3.0,BENIGN
53,12246.0,16.0,14.0,687.0,3197.0,42.92,228.35,317126.53,2449.78,422.28,0,0,0,8192,1.0,BENIGN
80,652.0,8.0,4.0,3608.0,1824.0,451.03,456.06,8332023.32,18404.91,59.27,0,0,0,65535,0.0,BENIGN
22,181595.0,1.0,10.0,70.0,4908.0,70.19,490.84,27415.85,60.57,18159.5,0,0,1,29200,10.0,BENIGN
123,1988648.0,2.0,14.0,119.0,231.0,59.68,16.48,176.04,8.05,132576.53,0,1,0,65535,7.0,BENIGN
80,134832.0,8.0,10.0,126.0,30296.0,15.81,3029.62,225633.86,133.5,7931.29,0,0,1,8192,1.0,DDoS
80,8483896.0,6.0,1.0,57.0,1309.0,9.57,1309.19,161.08,0.83,1413982.67,0,0,0,256,0.0,DDoS
443,161552.0,12.0,3.0,294.0,96.0,24.47,32.13,2413.98,92.85,11539.43,0,1,0,65535,0.0,BENIGN
22,15045691.0,26.0,3.0,4239.0,48.0,163.03,16.03,284.93,1.93,537346.11,0,1,0,65535,0.0,BENIGN
443,21738.0,4.0,5.0,911.0,1832.0,227.69,366.49,126193.37,414.02,2717.25,0,0,0,-1,1.0,BENIGN
22,558014.0,3.0,12.0,257.0,3294.0,85.65,274.53,6364.25,26.88,39858.14,0,0,1,65535,4.0,BENIGN
123,1492.0,8.0,6.0,1316.0,1675.0,164.48,279.18,2004634.21,9383.38,114.77,1,0,1,256,1.0,BENIGN
80,109547.0,16.0,3.0,938.0,3247.0,58.65,1082.19,38202.92,173.44,6085.94,0,1,0,-1,0.0,BENIGN
123,412374.0,7.0,4.0,289.0,1571.0,41.35,392.63,4510.47,26.67,41237.4,0,0,1,8192,1.0,BENIGN
8080,1239.0,12.0,4.0,446.0,326.0,37.19,81.61,623651.17,12913.64,82.6,0,0,1,65535,0.0,BENIGN
123,7136.0,5.0,23.0,786.0,1142.0,157.11,49.65,270123.43,3923.77,264.3,0,1,0,65535,5.0,BENIGN
53,1074.0,8.0,20.0,749.0,6077.0,93.6,303.85,6355445.58,26070.76,39.78,0,1,1,65535,2.0,BENIGN
80,32901.0,6.0,4.0,1075.0,6589.0,179.22,1647.19,232943.62,303.94,3655.67,0,1,0,29200,1.0,DoS Hulk
22,781486.0,1.0,8.0,18.0,5232.0,18.38,654.04,6718.89,11.52,97685.75,0,0,0,8192,8.0,BENIGN
80,2488894.0,3.0,3.0,18.0,9009.0,6.05,3003.03,3627.01,2.41,497778.8,0,0,1,8192,1.0,DDoS
80,188164.0,1.0,5.0,8.0,11800.0,8.23,2360.05,62756.36,31.89,37632.8,0,0,1,256,5.0,DDoS
80,66214.0,4.0,10.0,246.0,27112.0,61.4,2711.22,413171.95,211.44,5093.38,0,0,1,29200,2.0,BENIGN
123,83936.0,36.0,1.0,2814.0,1124.0,78.17,1124.31,46920.71,440.81,2331.56,0,1,0,65535,0.0,BENIGN
8080,98366.0,2.0,3.0,48.0,403.0,24.15,134.31,4587.41,50.83,24591.5,0,0,0,256,2.0,BENIGN
123,15935.0,42.0,5.0,342.0,627.0,8.14,125.36,60797.41,2949.48,346.41,0,0,0,8192,0.0,BENIGN
22,24735.0,7.0,9.0,702.0,628.0,100.28,69.79,53771.39,646.86,1649.0,0,0,1,-1,1.0,BENIGN
8080,457901.0,5.0,10.0,136.0,2758.0,27.15,275.75,6318.59,32.76,32707.21,0,1,0,8192,2.0,BENIGN
22,3102.0,11.0,17.0,711.0,7663.0,64.65,450.79,2699712.73,9026.43,114.89,0,0,1,65535,2.0,BENIGN
22,182737.0,4.0,8.0,421.0,46978.0,105.14,5872.2,259379.26,65.67,16612.45,0,0,0,8192,2.0,BENIGN
80,305740.0,4.0,3.0,18.0,9513.0,4.6,3171.11,31175.96,22.9,50956.67,0,0,0,8192,1.0,DDoS
762,139.0,1.0,1.0,1.0,11.0,0.85,11.04,85557.88,14388.49,139.0,1,0,0,0,1.0,PortScan
22,455586.0,1.0,5.0,39.0,1078.0,38.98,215.61,2451.89,13.17,91117.2,0,0,1,29200,5.0,BENIGN
608,12.0,1.0,1.0,1.0,1.0,0.63,0.76,115983.6,166666.67,12.0,0,0,0,1024,1.0,PortScan
8080,35071.0,6.0,8.0,95.0,143.0,15.78,17.93,6789.87,399.19,2697.77,0,0,1,29200,1.0,BENIGN
262,297.0,1.0,1.0,1.0,5.0,0.77,4.64,18212.13,6734.01,297.0,0,0,0,29200,1.0,PortScan
53,2513919.0,7.0,4.0,217.0,393.0,30.99,98.22,242.57,4.38,251391.9,0,0,0,8192,1.0,BENIGN
80,84029.0,3.0,4.0,1524.0,9578.0,507.87,2394.48,132115.38,83.3,14004.83,0,1,1,251,1.0,DoS Hulk
80,2280798.0,14.0,7.0,1397.0,1929.0,99.81,275.52,1458.23,9.21,114039.9,0,0,0,8192,0.0,Web Attack - Brute Force
80,93425.0,3.0,5.0,874.0,14336.0,291.21,2867.28,162804.7,85.63,13346.43,0,1,0,29200,2.0,DoS Hulk
8080,13920.0,4.0,14.0,1228.0,561.0,306.88,40.08,128491.13,1293.1,818.82,0,0,0,256,4.0,Bot
123,127380.0,4.0,1.0,444.0,1959.0,110.92,1958.83,18860.99,39.25,31845.0,0,0,1,8192,0.0,BENIGN
80,628280.0,4.0,6.0,20.0,16254.0,4.96,2709.01,25902.37,15.92,69808.89,0,0,1,8192,2.0,DDoS
8080,201015.0,20.0,26.0,1092.0,1076.0,54.6,41.37,10783.42,228.84,4467.0,0,0,0,29200,1.0,BENIGN
53,55050.0,2.0,3.0,1111.0,13533.0,555.7,4511.15,266028.12,90.83,13762.5,0,0,1,8192,2.0,BENIGN
556,26.0,1.0,1.0,3.0,10.0,2.65,10.13,491441.69,76923.08,26.0,1,0,0,29200,1.0,PortScan
8080,173226.0,4.0,2.0,148.0,618.0,36.99,309.19,4423.97,34.64,34645.2,0,1,0,256,0.0,Bot
22,270315.0,1.0,3.0,14.0,335.0,14.07,111.56,1290.17,14.8,90105.0,0,0,1,-1,3.0,BENIGN
443,237355.0,6.0,19.0,443.0,747.0,73.86,39.31,5013.52,105.33,9889.79,0,0,0,-1,3.0,BENIGN
22,19440.0,18.0,3.0,439.0,212.0,24.38,70.8,33498.85,1080.25,972.0,0,0,1,256,0.0,BENIGN
123,50176.0,6.0,8.0,266.0,4191.0,44.34,523.86,88825.96,279.02,3859.69,0,0,0,65535,1.0,BENIGN
123,241922.0,9.0,4.0,125.0,58.0,13.91,14.38,755.44,53.74,20160.17,0,0,1,256,0.0,BENIGN
53,1114421.0,6.0,10.0,52.0,4010.0,8.68,400.99,3644.92,14.36,74294.73,0,0,1,65535,2.0,BENIGN
22,6501.0,8.0,1.0,935.0,594.0,116.92,593.69,235199.47,1384.4,812.62,0,0,0,65535,0.0,BENIGN
123,93987.0,2.0,12.0,122.0,1752.0,60.92,145.98,19935.05,148.96,7229.77,0,0,0,8192,6.0,BENIGN
443,240431.0,9.0,11.0,156.0,12711.0,17.34,1155.54,53516.33,83.18,12654.26,1,0,0,29200,1.0,BENIGN
53,791.0,16.0,4.0,27133.0,91.0,1695.83,22.72,34417373.35,25284.45,41.63,0,1,1,8192,0.0,BENIGN
22,6011.0,2.0,6.0,147.0,369.0,73.54,61.52,85879.9,1330.89,858.71,0,1,1,-1,3.0,BENIGN
123,35084.0,3.0,3.0,118.0,2298.0,39.3,765.86,68849.07,171.02,7016.8,0,0,0,-1,1.0,BENIGN
123,4193.0,2.0,10.0,394.0,528.0,197.08,52.76,219842.84,2861.91,381.18,0,1,0,256,5.0,BENIGN
53,5703.0,5.0,13.0,151.0,93.0,30.22,7.16,42816.93,3156.23,335.47,0,0,0,29200,3.0,BENIGN
80,140158.0,1.0,1.0,9.0,792.0,8.96,791.99,5714.67,14.27,140158.0,0,0,0,-1,1.0,BENIGN
123,19898.0,6.0,31.0,495.0,2486.0,82.42,80.19,149783.1,1859.48,552.72,0,0,0,-1,5.0,BENIGN
80,405952.0,4.0,6.0,41.0,16971.0,10.37,2828.52,41907.97,24.63,45105.78,0,0,1,8192,2.0,DDoS
8080,68266.0,2.0,53.0,62.0,12300.0,31.12,232.08,181092.44,805.67,1264.19,0,0,0,65535,26.0,BENIGN
8080,9700454.0,3.0,5.0,388.0,229.0,129.36,45.82,63.62,0.82,1385779.14,0,0,0,256,2.0,BENIGN
80,431858.0,6.0,8.0,540.0,7042.0,90.07,880.26,17557.73,32.42,33219.85,1,0,0,-1,1.0,BENIGN
80,30760.0,5.0,2.0,325.0,1737.0,65.05,868.59,67049.71,227.57,5126.67,0,1,0,256,0.0,BENIGN
80,9910.0,5.0,0.0,220.0,0.0,44.03,0.0,22215.71,504.54,2477.5,0,0,0,8192,0.0,BENIGN
22,1920.0,2.0,44.0,7.0,1947.0,3.41,44.26,1017754.22,23958.33,42.67,0,1,0,8192,22.0,BENIGN
85,119.0,2.0,1.0,3.0,11.0,1.37,10.53,111537.65,25210.08,59.5,0,0,0,0,0.0,PortScan
22,110936.0,4.0,6.0,1502.0,1887.0,375.43,314.46,30544.36,90.14,12326.22,0,0,0,256,2.0,BENIGN
123,9356663.0,25.0,5.0,1284.0,1218.0,51.34,243.68,267.4,3.21,322643.55,1,0,1,29200,0.0,BENIGN
8080,83026.0,14.0,2.0,371.0,332.0,26.47,165.83,8458.57,192.71,5535.07,0,1,1,8192,0.0,BENIGN
80,50917.0,3.0,4.0,733.0,5864.0,244.19,1465.98,129553.76,137.48,8486.17,0,1,0,251,1.0,DoS Hulk
443,531066.0,4.0,19.0,87.0,33966.0,21.67,1787.69,64121.41,43.31,24139.36,0,0,1,256,5.0,BENIGN
80,2164086.0,3.0,4.0,46.0,5724.0,15.27,1430.92,2666.03,3.23,360681.0,0,0,1,8192,1.0,DDoS
123,37940.0,1.0,2.0,56.0,103.0,55.7,51.38,4176.49,79.07,18970.0,0,0,1,65535,2.0,BENIGN
22,783834.0,5.0,5.0,140.0,745.0,27.91,148.93,1128.05,12.76,87092.67,0,1,0,65535,1.0,BENIGN
123,253598.0,19.0,12.0,813.0,234.0,42.77,19.5,4126.75,122.24,8453.27,0,0,0,29200,1.0,BENIGN
760,22.0,1.0,1.0,1.0,13.0,0.78,13.14,632746.48,90909.09,22.0,0,0,0,0,1.0,PortScan
481,15.0,1.0,1.0,2.0,9.0,2.32,9.14,764024.72,133333.33,15.0,0,0,0,1024,1.0,PortScan
80,210873.0,26.0,11.0,757.0,3316.0,29.1,301.43,19311.67,175.46,5857.58,0,0,1,29200,0.0,Web Attack - Brute Force
8080,1389490.0,1.0,21.0,173.0,16880.0,173.32,803.79,12272.82,15.83,66166.19,0,0,1,256,21.0,BENIGN
1011,25.0,1.0,1.0,1.0,3.0,0.65,3.03,147139.04,80000.0,25.0,1,0,0,0,1.0,PortScan
443,37305.0,18.0,63.0,134.0,16233.0,7.45,257.66,438733.98,2171.29,466.31,0,0,0,-1,4.0,BENIGN
123,14781.0,2.0,25.0,66.0,7730.0,33.13,309.19,527436.38,1826.67,568.5,0,0,1,-1,12.0,BENIGN
80,1009785.0,11.0,3.0,80.0,529.0,7.24,176.46,603.1,13.86,77675.77,0,0,1,8192,0.0,BENIGN
8080,3361139.0,4.0,5.0,73.0,241.0,18.23,48.19,93.39,2.68,420142.38,0,1,0,29200,1.0,BENIGN
8080,90292.0,7.0,10.0,57.0,593.0,8.21,59.33,7207.87,188.28,5643.25,0,0,0,29200,1.0,BENIGN
443,22558.0,6.0,8.0,157.0,455.0,26.17,56.91,27145.89,620.62,1735.23,0,0,0,-1,1.0,BENIGN
443,698.0,2.0,36.0,13.0,4568.0,6.47,126.89,6562976.7,54441.26,18.86,0,0,1,8192,18.0,BENIGN
284,33.0,2.0,1.0,2.0,6.0,1.04,5.9,241641.28,90909.09,16.5,1,0,0,29200,0.0,PortScan
80,2335198.0,4.0,4.0,91.0,80.0,22.7,19.96,73.08,3.43,333599.71,0,0,0,65535,1.0,Bot
80,61654.0,6.0,1.0,125.0,1187.0,20.8,1186.8,21273.1,113.54,10275.67,0,0,0,256,0.0,BENIGN
80,325441.0,5.0,6.0,231.0,373.0,46.29,62.24,1858.57,33.8,32544.1,0,1,1,8192,1.0,Bot
123,38661.0,18.0,12.0,1069.0,1971.0,59.4,164.26,78641.4,775.98,1333.14,0,1,0,29200,1.0,BENIGN
22,45003.0,16.0,1.0,618.0,110.0,38.62,110.06,16175.48,377.75,2812.69,0,0,0,-1,0.0,BENIGN
443,12692.0,24.0,18.0,5221.0,8778.0,217.55,487.65,1102973.75,3309.17,309.56,0,1,0,256,1.0,BENIGN
53,871.0,7.0,3.0,933.0,49.0,133.23,16.43,1127293.5,11481.06,96.78,0,1,1,-1,0.0,BENIGN
22,3359634.0,1.0,6.0,57.0,1649.0,57.39,274.86,507.95,2.08,559939.0,0,0,0,8192,6.0,BENIGN
53,10050.0,18.0,11.0,1607.0,13901.0,89.3,1263.72,1543120.02,2885.57,358.93,0,0,0,8192,1.0,BENIGN
8080,1214.0,6.0,25.0,566.0,710.0,94.39,28.41,1051612.13,25535.42,40.47,0,1,0,8192,4.0,BENIGN
123,7713.0,2.0,4.0,123.0,1852.0,61.54,463.04,256090.19,777.91,1542.6,0,0,0,29200,2.0,BENIGN
443,75267.0,3.0,9.0,59.0,256.0,19.78,28.43,4187.93,159.43,6842.45,0,1,0,29200,3.0,BENIGN
53,44426.0,12.0,8.0,1702.0,147.0,141.81,18.37,41613.33,450.19,2338.21,0,1,1,256,1.0,BENIGN
22,203144.0,6.0,6.0,84.0,242.0,14.05,40.33,1606.07,59.07,18467.64,0,1,1,256,1.0,BENIGN
80,1849246.0,5.0,5.0,12.0,11442.0,2.42,2288.37,6193.85,5.41,205471.78,0,0,0,8192,1.0,DDoS
53,11013.0,14.0,1.0,704.0,175.0,50.27,174.91,79791.68,1362.03,786.64,0,1,0,-1,0.0,BENIGN
8080,7084.0,4.0,12.0,237.0,1245.0,59.21,103.75,209188.04,2258.61,472.27,0,0,0,29200,3.0,BENIGN
80,15444.0,3.0,8.0,35.0,2061.0,11.79,257.65,135750.72,712.25,1544.4,0,1,0,256,3.0,BENIGN
53,17583641.0,13.0,3.0,355.0,1613.0,27.33,537.76,111.95,0.91,1172242.73,1,0,0,256,0.0,BENIGN
22,48206.0,3.0,10.0,133.0,452.0,44.43,45.2,12142.23,269.68,4017.17,0,0,0,8192,3.0,BENIGN
123,138893.0,5.0,7.0,256.0,3490.0,51.25,498.58,26972.42,86.4,12626.64,0,0,0,65535,1.0,BENIGN
443,221877.0,2.0,22.0,278.0,4073.0,139.08,185.15,19611.85,108.17,9646.83,0,0,0,256,11.0,BENIGN
80,2756431.0,8.0,14.0,225.0,191.0,28.14,13.61,150.8,7.98,131258.62,0,1,0,256,2.0,BENIGN
123,10561.0,10.0,6.0,428.0,598.0,42.78,99.67,97135.14,1515.01,704.07,1,1,1,29200,1.0,BENIGN
80,231025.0,3.0,3.0,21.0,6055.0,6.86,2018.42,26299.58,25.97,46205.0,0,0,1,256,1.0,DDoS
22,24236.0,6.0,5.0,797.0,343.0,132.8,68.53,47013.8,453.87,2423.6,0,1,0,-1,1.0,BENIGN
80,5562.0,22.0,3.0,2577.0,79.0,117.13,26.2,477439.14,4494.79,231.75,0,1,0,8192,0.0,BENIGN
53,70894.0,16.0,6.0,6518.0,311.0,407.4,51.9,96339.02,310.32,3375.9,0,0,0,29200,0.0,BENIGN
886,31.0,1.0,2.0,2.0,4.0,1.83,1.99,187671.6,96774.19,15.5,1,0,0,0,2.0,PortScan
480,50.0,2.0,1.0,1.0,17.0,0.7,17.03,368712.51,60000.0,25.0,1,0,0,0,0.0,PortScan
443,472.0,2.0,4.0,22.0,326.0,10.89,81.6,737721.83,12711.86,94.4,0,1,1,29200,2.0,BENIGN
80,408510.0,4.0,1.0,965.0,793.0,241.35,793.0,4304.4,12.24,102127.5,0,1,0,251,0.0,DoS Hulk
80,33751.0,4.0,2.0,259.0,27.0,64.63,13.64,8467.88,177.77,6750.2,0,1,0,-1,0.0,BENIGN
443,4648.0,12.0,18.0,288.0,2709.0,24.01,150.51,644875.58,6454.39,160.28,0,1,1,256,2.0,BENIGN
53,4496.0,13.0,9.0,908.0,15863.0,69.84,1762.53,3730138.54,4893.24,214.1,0,0,1,-1,1.0,BENIGN
443,67769522.0,4.0,11.0,184.0,4440.0,46.0,403.62,68.23,0.22,4840680.14,1,1,0,29200,3.0,BENIGN
80,107919.0,8.0,5.0,4402.0,3722.0,550.31,744.38,75282.3,120.46,8993.25,0,0,0,29200,1.0,DoS Hulk
22,23379719.0,9.0,7.0,693.0,387.0,76.98,55.25,46.18,0.68,1558647.93,0,0,0,-1,1.0,BENIGN
123,158132.0,3.0,38.0,71.0,14406.0,23.8,379.11,91554.69,259.28,3953.3,0,1,0,-1,13.0,BENIGN
53,213058.0,11.0,2.0,1013.0,1184.0,92.08,592.1,10312.14,61.02,17754.83,1,0,1,256,0.0,BENIGN
80,1833911.0,6.0,5.0,903.0,379.0,150.52,75.79,699.09,6.0,183391.1,0,0,0,-1,1.0,BENIGN
80,123932.0,3.0,9.0,2292.0,58055.0,764.07,6450.5,486934.32,96.83,11266.55,0,1,0,29200,3.0,DoS Hulk
8080,28307.0,16.0,5.0,601.0,2429.0,37.58,485.72,107036.67,741.87,1415.35,0,0,0,-1,0.0,BENIGN
80,543745.0,6.0,10.0,2976.0,12961.0,495.99,1296.07,29309.12,29.43,36249.67,0,1,0,29200,2.0,DoS Hulk
80,175339.0,3.0,5.0,545.0,16001.0,181.74,3200.28,94369.22,45.63,25048.43,0,1,0,29200,2.0,DoS Hulk
80,563544.0,3.0,4.0,924.0,2366.0,307.89,591.6,5838.2,12.42,93924.0,0,0,0,29200,1.0,DoS Hulk
418,28.0,1.0,1.0,1.0,22.0,0.84,21.69,804740.13,71428.57,28.0,1,0,0,0,1.0,PortScan
80,5975265.0,5.0,3.0,436.0,369.0,87.15,123.05,134.71,1.34,853609.29,0,1,1,65535,1.0,BENIGN
22,74234.0,4.0,7.0,647.0,5231.0,161.78,747.27,79181.81,148.18,7423.4,0,1,0,8192,2.0,BENIGN
22,491549.0,7.0,10.0,309.0,3021.0,44.11,302.07,6773.47,34.58,30721.81,0,1,0,-1,1.0,BENIGN
8080,5123.0,22.0,4.0,1674.0,467.0,76.11,116.72,417982.15,5075.15,204.92,0,0,1,29200,0.0,BENIGN
80,89779.0,11.0,7.0,4618.0,10685.0,419.85,1526.43,170455.3,200.49,5281.12,0,0,0,251,1.0,DoS Hulk
8080,75770.0,9.0,9.0,577.0,28722.0,64.11,3191.28,386677.35,237.56,4457.06,0,0,0,29200,1.0,BENIGN
80,447845.0,5.0,2.0,482.0,3644.0,96.34,1822.06,9212.61,15.63,74640.83,0,1,0,256,0.0,BENIGN
80,1764.0,8.0,10.0,126.0,66391.0,15.71,6639.13,37708052.03,10204.08,103.76,0,1,0,256,1.0,BENIGN
8080,8050232.0,3.0,50.0,151.0,2305.0,50.26,46.11,305.12,6.58,154812.15,0,0,1,29200,17.0,BENIGN
18,42.0,1.0,2.0,1.0,10.0,1.47,5.1,277924.04,71428.57,21.0,0,0,0,29200,2.0,PortScan
443,39855.0,4.0,0.0,36.0,0.0,9.09,0.0,912.36,100.36,13285.0,0,0,0,-1,0.0,BENIGN
80,78258.0,2.0,19.0,64.0,3897.0,31.88,205.13,50616.71,268.34,3912.9,0,1,0,65535,10.0,BENIGN
80,290570.0,6.0,6.0,74.0,15787.0,12.38,2631.09,54585.23,41.3,26415.45,0,0,1,8192,1.0,DDoS
80,122489.0,4.0,4.0,1587.0,14604.0,396.65,3651.01,132180.16,65.31,17498.43,0,1,0,29200,1.0,DoS Hulk
22,23629.0,3.0,38.0,118.0,4844.0,39.21,127.48,209998.42,1735.16,590.72,0,0,0,65535,13.0,BENIGN
22,68486.0,11.0,3.0,3162.0,11.0,287.5,3.6,46334.68,204.42,5268.15,0,0,1,-1,0.0,BENIGN
53,52897.0,7.0,4.0,221.0,1215.0,31.59,303.73,27147.89,207.95,5289.7,0,1,0,8192,1.0,BENIGN
80,731966.0,3.0,8.0,14.0,32868.0,4.59,4108.52,44922.73,15.03,73196.6,0,0,1,8192,3.0,DDoS
8080,59587.0,9.0,4.0,724.0,137.0,80.43,34.23,14445.41,218.17,4965.58,0,0,0,65535,0.0,BENIGN
22,213245.0,4.0,25.0,947.0,1726.0,236.83,69.03,12535.6,135.99,7615.89,0,1,1,29200,6.0,BENIGN
123,47.0,2.0,12.0,97.0,932.0,48.37,77.67,21889360.68,297872.34,3.62,0,0,1,-1,6.0,BENIGN
80,71311.0,5.0,3.0,181.0,2683.0,36.14,894.49,40164.53,112.18,10187.29,0,1,1,-1,1.0,BENIGN
123,373648.0,4.0,40.0,184.0,5806.0,46.09,145.16,16033.06,117.76,8689.49,0,1,1,29200,10.0,BENIGN
123,22937.0,1.0,6.0,118.0,252.0,117.88,42.05,16139.95,305.18,3822.83,0,0,1,-1,6.0,BENIGN
80,5568.0,8.0,4.0,3003.0,6972.0,375.4,1743.02,1791536.91,2155.17,506.18,0,1,0,29200,0.0,DoS Hulk
123,56345.0,2.0,30.0,88.0,3203.0,43.94,106.78,58412.3,567.93,1817.58,0,1,1,29200,15.0,BENIGN
22,2173.0,3.0,5.0,226.0,2491.0,75.41,498.14,1250305.39,3681.55,310.43,0,0,0,65535,2.0,BENIGN
80,2142122.0,13.0,5.0,793.0,314.0,61.02,62.75,516.77,8.4,126007.18,0,1,0,8192,0.0,Web Attack - Brute Force
443,2397345.0,8.0,206.0,49.0,79176.0,6.11,384.35,33046.72,89.27,11255.14,0,1,0,65535,26.0,BENIGN
123,1347939.0,6.0,85.0,495.0,17583.0,82.52,206.86,13411.49,67.51,14977.1,0,1,0,256,14.0,BENIGN
80,76497.0,12.0,4.0,2010.0,653.0,167.48,163.14,34803.47,209.16,5099.8,0,0,0,29200,0.0,BENIGN
80,92033.0,4.0,23.0,131.0,22529.0,32.7,979.52,246213.76,293.37,3539.73,0,1,0,65535,6.0,BENIGN
80,57734.0,4.0,11.0,1342.0,31279.0,335.4,2843.55,565016.46,259.81,4123.86,0,1,0,251,3.0,DoS Hulk
123,7210957.0,1.0,1.0,10.0,57.0,9.72,57.44,9.31,0.28,7210957.0,0,0,1,-1,1.0,BENIGN
8080,4612.0,6.0,4.0,263.0,4445.0,43.85,1111.34,1020912.55,2168.26,512.44,0,0,1,256,1.0,BENIGN
8080,98.0,15.0,5.0,331.0,495.0,22.04,99.04,8426297.29,204081.63,5.16,0,1,0,29200,0.0,BENIGN
20,34.0,2.0,1.0,5.0,2.0,2.46,1.62,192544.11,88235.29,17.0,0,0,0,1024,0.0,PortScan
123,16164.0,8.0,31.0,103.0,1955.0,12.91,63.08,127360.75,2412.77,425.37,0,0,0,8192,4.0,BENIGN
80,6744588.0,4.0,6.0,13.0,40180.0,3.25,6696.62,5959.25,1.48,749398.67,0,0,0,8192,2.0,DDoS
443,471788.0,5.0,8.0,289.0,478.0,57.74,59.75,1625.15,27.55,39315.67,0,1,1,65535,2.0,BENIGN
53,200778.0,93.0,4.0,8045.0,661.0,86.5,165.23,43359.28,483.12,2091.44,0,1,0,8192,0.0,BENIGN
22,170021.0,13.0,34.0,2697.0,3734.0,207.49,109.83,37828.46,276.44,3696.11,1,1,1,256,3.0,BENIGN
80,994185.0,3.0,8.0,18.0,36252.0,6.16,4531.5,36482.62,11.06,99418.5,0,0,1,256,3.0,DDoS
80,3290145.0,10.0,8.0,686.0,2076.0,68.6,259.52,839.54,5.47,193537.94,0,0,1,8192,1.0,Web Attack - Brute Force
22,275712.0,3.0,7.0,251.0,971.0,83.56,138.7,4430.57,36.27,30634.67,0,0,1,65535,2.0,BENIGN
80,12042.0,2.0,0.0,53.0,0.0,26.46,0.0,4394.03,166.09,12042.0,0,1,0,29200,0.0,BENIGN
22,632171.0,11.0,13.0,813.0,1746.0,73.91,134.34,4048.6,37.96,27485.7,0,1,0,-1,1.0,BENIGN
840,73.0,1.0,1.0,2.0,7.0,1.67,6.96,118221.79,27397.26,73.0,1,0,0,1024,1.0,PortScan
443,793704.0,6.0,4.0,752.0,87.0,125.33,21.66,1056.59,12.6,88189.33,0,1,1,-1,1.0,BENIGN
123,44939.0,4.0,5.0,974.0,62.0,243.59,12.41,23062.64,200.27,5617.38,0,0,0,29200,1.0,BENIGN
8080,16852.0,23.0,12.0,7137.0,2041.0,310.3,170.05,544591.99,2076.9,495.65,0,0,1,65535,1.0,BENIGN
53,66872.0,2.0,31.0,193.0,6844.0,96.3,220.79,105229.95,493.48,2089.75,0,0,0,-1,16.0,BENIGN
466,11.0,1.0,1.0,1.0,3.0,1.36,2.74,373033.55,181818.18,11.0,1,0,0,0,1.0,PortScan
443,168725.0,31.0,14.0,3983.0,662.0,128.49,47.3,27532.2,266.71,3834.66,0,1,0,29200,0.0,BENIGN
80,4000.0,3.0,3.0,125.0,106.0,41.74,35.18,57692.5,1500.0,800.0,0,0,0,8192,1.0,BENIGN
22,391278.0,10.0,2.0,395.0,106.0,39.49,52.85,1279.48,30.67,35570.73,0,0,0,-1,0.0,BENIGN
80,506.0,3.0,10.0,104.0,4982.0,34.56,498.17,10050243.96,25691.7,42.17,0,0,0,256,3.0,BENIGN
22,35358.0,9.0,42.0,1250.0,8556.0,138.84,203.71,277311.96,1442.39,707.16,0,0,0,65535,5.0,BENIGN
123,578.0,18.0,2.0,444.0,74.0,24.67,37.13,896758.77,34602.08,30.42,0,0,1,8192,0.0,BENIGN
80,610779.0,4.0,3.0,47.0,14223.0,11.74,4741.05,23363.8,11.46,101796.5,0,0,1,8192,1.0,DDoS
61,38.0,1.0,2.0,1.0,3.0,1.18,1.56,113468.47,78947.37,19.0,0,0,0,1024,2.0,PortScan
80,176865.0,5.0,5.0,551.0,10653.0,110.17,2130.58,63346.54,56.54,19651.67,0,1,0,251,1.0,DoS Hulk
587,82.0,1.0,1.0,1.0,3.0,0.91,2.7,44061.8,24390.24,82.0,0,0,0,0,1.0,PortScan
80,86535.0,4.0,3.0,142.0,136.0,35.53,45.49,3219.33,80.89,14422.5,0,0,0,65535,1.0,BENIGN
123,12901.0,7.0,16.0,204.0,526.0,29.15,32.89,56605.74,1782.81,586.41,0,0,0,8192,2.0,BENIGN
8080,44629.0,10.0,2.0,258.0,154.0,25.81,77.06,9235.48,268.88,4057.18,0,0,0,256,0.0,BENIGN
443,19141.0,1.0,2.0,144.0,127.0,144.48,63.27,14158.92,156.73,9570.5,0,0,0,65535,2.0,BENIGN
123,723161.0,2.0,13.0,58.0,273.0,29.02,20.96,457.11,20.74,51654.36,0,1,1,65535,6.0,BENIGN
80,44535.0,4.0,4.0,638.0,7206.0,159.54,1801.58,176141.94,179.63,6362.14,0,1,0,251,1.0,DoS Hulk
80,21947.0,6.0,6.0,7298.0,8582.0,1216.3,1430.35,723557.56,546.77,1995.18,0,1,0,29200,1.0,DoS Hulk
22,12330.0,20.0,21.0,379.0,1624.0,18.93,77.35,162435.84,3325.22,308.25,0,1,0,-1,1.0,BENIGN
22,25874.0,6.0,2.0,1202.0,295.0,200.33,147.71,57872.97,309.19,3696.29,0,0,1,65535,0.0,BENIGN
8080,3322117.0,2.0,6.0,996.0,131.0,498.25,21.92,339.54,2.41,474588.14,0,1,0,65535,3.0,Bot
22,71688.0,5.0,13.0,59.0,10722.0,11.86,824.77,150391.81,251.09,4216.94,0,1,0,-1,3.0,BENIGN
123,5381.0,4.0,5.0,230.0,1699.0,57.57,339.87,358597.1,1672.55,672.62,0,1,0,-1,1.0,BENIGN
80,4758136.0,5.0,6.0,360.0,1553.0,71.93,258.82,401.96,2.31,475813.6,0,0,0,8192,1.0,Web Attack - Brute Force
8080,5356937.0,7.0,13.0,1091.0,372.0,155.88,28.65,273.22,3.73,281944.05,0,1,1,8192,2.0,BENIGN
80,26746.0,6.0,3.0,1566.0,5051.0,260.92,1683.54,247370.46,336.5,3343.25,0,1,0,29200,0.0,DoS Hulk
53,1203.0,9.0,19.0,1105.0,7913.0,122.77,416.49,7496402.53,23275.15,44.56,1,0,0,29200,2.0,BENIGN
80,247057.0,4.0,4.0,64.0,9911.0,16.05,2477.83,40377.45,32.38,35293.86,0,0,1,256,1.0,DDoS
766,42.0,1.0,1.0,2.0,4.0,1.56,4.23,137973.96,47619.05,42.0,0,0,0,1024,1.0,PortScan
53,26336.0,17.0,7.0,3089.0,358.0,181.7,51.09,130869.69,911.3,1145.04,0,0,1,8192,0.0,BENIGN
80,1396924.0,2.0,5.0,9.0,8367.0,4.26,1673.45,5995.85,5.01,232820.67,0,0,1,8192,2.0,DDoS
123,497.0,8.0,28.0,621.0,804.0,77.6,28.72,2867156.8,72434.61,14.2,0,0,1,29200,4.0,BENIGN
123,48827.0,10.0,6.0,281.0,1957.0,28.08,326.21,45836.08,327.69,3255.13,0,0,0,65535,1.0,BENIGN
80,86818.0,5.0,5.0,1275.0,1897.0,255.04,379.44,36540.57,115.18,9646.44,0,0,1,65535,1.0,BENIGN
53,816010.0,2.0,4.0,238.0,105.0,119.16,26.3,420.97,7.35,163202.0,0,1,0,65535,2.0,BENIGN
8080,5127.0,3.0,5.0,99.0,1760.0,32.85,352.02,362524.49,1560.37,732.43,0,0,1,65535,2.0,BENIGN
80,695734.0,4.0,5.0,46.0,10197.0,11.38,2039.44,14722.2,12.94,86966.75,0,1,1,8192,1.0,DDoS
80,17250.0,3.0,3.0,609.0,4126.0,203.1,1375.43,274525.55,347.83,3450.0,0,0,0,251,1.0,DoS Hulk
452,25.0,1.0,1.0,2.0,11.0,2.21,11.44,545816.06,80000.0,25.0,1,0,0,29200,1.0,PortScan
80,354219.0,4.0,6.0,1619.0,23507.0,404.76,3917.82,70933.39,28.23,39357.67,0,1,0,251,2.0,DoS Hulk
123,3012.0,6.0,2.0,357.0,236.0,59.43,118.21,196879.24,2656.04,430.29,0,1,1,-1,0.0,BENIGN
80,3847837.0,7.0,4.0,25.0,15668.0,3.52,3916.95,4078.25,2.86,384783.7,0,1,1,256,1.0,DDoS
123,54216.0,13.0,7.0,226.0,2910.0,17.38,415.77,57850.18,368.89,2853.47,0,1,1,65535,1.0,BENIGN
123,549072.0,3.0,12.0,193.0,2082.0,64.34,173.51,4143.64,27.32,39219.43,0,0,0,256,4.0,BENIGN
80,83081.0,13.0,1.0,402.0,177.0,30.92,176.65,6963.84,168.51,6390.85,0,0,1,65535,0.0,BENIGN
53,65443.0,32.0,7.0,3227.0,2186.0,100.85,312.24,82713.09,595.94,1722.18,0,0,0,256,0.0,BENIGN
443,48070.0,2.0,10.0,143.0,2859.0,71.58,285.86,62445.59,249.64,4370.0,0,0,1,29200,5.0,BENIGN
123,85214.0,13.0,15.0,2971.0,9237.0,228.52,615.82,143263.76,328.58,3156.07,0,0,1,65535,1.0,BENIGN
80,16872.0,8.0,7.0,1853.0,6342.0,231.58,905.95,485673.64,889.05,1205.14,0,0,0,29200,1.0,DoS Hulk
123,2089.0,6.0,13.0,43.0,259.0,7.18,19.91,144527.49,9095.26,116.06,0,0,1,256,2.0,BENIGN
280,28.0,2.0,1.0,4.0,3.0,2.16,3.05,263516.78,107142.86,14.0,1,0,0,29200,0.0,PortScan
80,189383.0,4.0,4.0,2502.0,3570.0,625.54,892.43,32061.44,42.24,27054.71,0,1,0,251,1.0,DoS Hulk
53,31890.0,21.0,15.0,445.0,6757.0,21.17,450.5,225842.14,1128.88,911.14,0,0,1,65535,1.0,BENIGN
123,5090859.0,4.0,4.0,250.0,329.0,62.41,82.25,113.66,1.57,727265.57,0,1,0,65535,1.0,BENIGN
443,428783.0,1.0,18.0,77.0,2284.0,77.31,126.89,5507.01,44.31,23821.28,0,1,0,65535,18.0,BENIGN
53,75132.0,3.0,5.0,204.0,1292.0,68.14,258.34,19913.11,106.48,10733.14,0,1,0,8192,2.0,BENIGN
80,2289947.0,5.0,3.0,85.0,8152.0,16.98,2717.38,3597.04,3.49,327135.29,0,0,1,256,1.0,DDoS
963,22.0,1.0,1.0,1.0,13.0,0.79,12.87,620956.24,90909.09,22.0,0,0,0,0,1.0,PortScan
123,12191.0,1.0,6.0,179.0,1230.0,178.91,204.92,115532.44,574.19,2031.83,0,1,0,256,6.0,BENIGN
8080,86170.0,11.0,5.0,1912.0,605.0,173.82,121.01,29210.08,185.68,5744.67,0,0,1,8192,0.0,BENIGN
443,2171121.0,13.0,2.0,417.0,32.0,32.1,16.0,206.94,6.91,155080.07,0,0,1,65535,0.0,BENIGN
80,63326.0,3.0,5.0,2147.0,14861.0,715.71,2972.24,268583.83,126.33,9046.57,0,0,0,29200,2.0,DoS Hulk
8080,5276.0,13.0,14.0,3137.0,1657.0,241.28,118.37,908602.33,5117.51,202.92,0,0,0,-1,1.0,BENIGN
80,1335612.0,8.0,17.0,151.0,4067.0,18.9,239.26,3158.56,18.72,55650.5,0,1,0,-1,2.0,BENIGN
53,306543.0,5.0,31.0,395.0,2879.0,79.06,92.88,10682.29,117.44,8758.37,0,1,0,-1,6.0,BENIGN
80,1652.0,4.0,4.0,592.0,1322.0,148.05,330.52,1158759.45,4842.62,236.0,0,1,0,65535,1.0,Bot
80,90997.0,4.0,9.0,789.0,8449.0,197.27,938.82,101525.32,142.86,7583.08,0,0,0,29200,2.0,DoS Hulk
443,96863.0,2.0,3.0,381.0,635.0,190.29,211.64,10483.8,51.62,24215.75,0,1,0,-1,2.0,BENIGN
22,81581.0,6.0,13.0,1010.0,717.0,168.38,55.15,21171.7,232.9,4532.28,0,0,0,8192,2.0,BENIGN
123,2179143.0,3.0,12.0,158.0,1737.0,52.8,144.72,869.61,6.88,155653.07,0,1,1,8192,4.0,BENIGN
8080,835.0,2.0,1.0,624.0,168.0,311.86,168.25,948454.13,3592.81,417.5,0,1,0,-1,0.0,BENIGN
22,402469.0,4.0,12.0,336.0,2029.0,84.08,169.06,5876.41,39.75,26831.27,0,0,0,29200,3.0,BENIGN
1018,96.0,1.0,1.0,1.0,4.0,0.75,4.35,53189.11,20833.33,96.0,1,0,0,0,1.0,PortScan
80,415603.0,3.0,4.0,51.0,24626.0,17.04,6156.59,59377.56,16.84,69267.17,0,0,1,256,1.0,DDoS
404,89.0,2.0,1.0,3.0,4.0,1.33,4.12,76113.28,33707.87,44.5,1,0,0,1024,0.0,PortScan
123,278083.0,3.0,3.0,296.0,1838.0,98.8,612.57,7674.39,21.58,55616.6,0,1,0,8192,1.0,BENIGN
123,51627.0,4.0,16.0,94.0,2373.0,23.4,148.31,47776.96,387.39,2717.21,0,0,1,65535,4.0,BENIGN
80,2068855.0,4.0,4.0,32.0,14013.0,8.07,3503.33,6789.07,3.87,295550.71,0,0,0,8192,1.0,DDoS
829,310.0,1.0,1.0,1.0,7.0,1.25,6.94,26422.5,6451.61,310.0,0,0,0,29200,1.0,PortScan
443,208313.0,6.0,5.0,77.0,6132.0,12.83,1226.32,29803.94,52.81,20831.3,1,1,0,256,1.0,BENIGN
8080,1567.0,5.0,4.0,35.0,67.0,6.93,16.8,64993.01,5743.46,195.88,0,1,0,8192,1.0,BENIGN
22,538275.0,13.0,6.0,1975.0,268.0,151.93,44.61,4166.54,35.3,29904.17,0,0,1,29200,0.0,BENIGN
443,683203.0,14.0,6.0,378.0,894.0,27.01,149.02,1862.31,29.27,35958.05,0,0,1,256,0.0,BENIGN
53,60174.0,4.0,12.0,81.0,3008.0,20.33,250.66,51338.63,265.9,4011.6,0,1,0,29200,3.0,BENIGN
123,186263.0,11.0,3.0,1223.0,4978.0,111.2,1659.49,33295.0,75.16,14327.92,0,0,1,-1,0.0,BENIGN
22,30473.0,15.0,0.0,2115.0,0.0,141.03,0.0,69418.03,492.24,2176.64,0,1,0,8192,0.0,BENIGN
123,14022.0,24.0,3.0,1856.0,287.0,77.35,95.65,152852.97,1925.55,539.31,0,0,1,29200,0.0,BENIGN
80,710003.0,5.0,10.0,1228.0,15611.0,245.7,1561.09,23717.33,21.13,50714.5,0,0,1,29200,2.0,DoS Hulk
8080,3618.0,3.0,1.0,171.0,77.0,57.1,77.32,68720.44,1105.58,1206.0,0,0,1,65535,0.0,Bot
123,1505784.0,11.0,5.0,927.0,4491.0,84.26,898.17,3597.93,10.63,100385.6,0,1,0,-1,0.0,BENIGN
443,19049.0,17.0,2.0,1262.0,1262.0,74.22,630.92,132476.43,997.43,1058.28,0,0,0,256,0.0,BENIGN
80,20144.0,9.0,4.0,996.0,1921.0,110.64,480.23,144790.81,645.35,1678.67,0,1,0,256,0.0,BENIGN
443,19174.0,20.0,6.0,3294.0,133.0,164.68,22.21,178728.48,1356.0,766.96,0,1,0,-1,0.0,BENIGN
53,23270.0,34.0,2.0,10415.0,998.0,306.31,498.98,490439.6,1547.06,664.86,0,0,1,-1,0.0,BENIGN
53,357179.0,6.0,18.0,473.0,1466.0,78.77,81.45,5427.67,67.19,15529.52,0,1,0,29200,3.0,BENIGN
8080,101585.0,6.0,43.0,2246.0,44121.0,374.36,1026.07,456436.9,482.35,2116.35,0,0,1,65535,7.0,BENIGN
123,2535588.0,8.0,2.0,242.0,99.0,30.28,49.61,134.66,3.94,281732.0,0,1,0,256,0.0,BENIGN
80,11439.0,1.0,6.0,8.0,20300.0,7.6,3383.36,1775310.65,611.94,1906.5,0,0,1,256,6.0,DDoS
443,188414.0,12.0,2.0,382.0,1596.0,31.83,798.24,10500.59,74.3,14493.38,1,0,1,65535,0.0,BENIGN
80,25018.0,6.0,4.0,2050.0,9204.0,341.64,2301.1,449844.0,399.71,2779.78,0,1,0,251,1.0,DoS Hulk
443,34745.0,6.0,3.0,60.0,1328.0,10.07,442.73,39966.85,259.03,4343.12,1,1,0,256,0.0,BENIGN
80,18752.0,10.0,125.0,400.0,7378.0,40.01,59.02,414782.09,7199.23,139.94,0,0,0,256,12.0,BENIGN
443,2399.0,21.0,8.0,909.0,557.0,43.29,69.67,611280.91,12088.37,85.68,0,1,0,8192,0.0,BENIGN
8080,154370.0,9.0,3.0,106.0,132.0,11.82,44.15,1547.42,77.74,14033.64,0,0,1,256,0.0,BENIGN
80,242820.0,7.0,6.0,3337.0,17054.0,476.71,2842.29,83974.51,53.54,20235.0,0,0,0,251,1.0,DoS Hulk
22,61910.0,4.0,1.0,111.0,98.0,27.81,97.57,3372.45,80.76,15477.5,0,1,1,256,0.0,BENIGN
22,40892.0,6.0,4.0,1353.0,3122.0,225.44,780.38,109414.63,244.55,4543.56,0,0,1,8192,1.0,BENIGN
80,4994477.0,5.0,2.0,31.0,4145.0,6.3,2072.45,836.2,1.4,832412.83,0,0,1,256,0.0,DDoS
610,80.0,1.0,1.0,4.0,1.0,4.3,0.8,63789.31,25000.0,80.0,0,0,0,1024,1.0,PortScan
80,26710.0,3.0,15.0,721.0,14890.0,240.28,992.69,584468.73,673.9,1571.18,0,1,0,29200,5.0,DoS Hulk
53,148942.0,4.0,5.0,1006.0,3909.0,251.49,781.8,32999.1,60.43,18617.75,0,1,0,65535,1.0,BENIGN
80,3134.0,11.0,12.0,112.0,16563.0,10.14,1380.29,5320688.11,7338.86,142.45,0,1,0,29200,1.0,BENIGN
22,3385.0,1.0,11.0,137.0,263.0,137.35,23.89,118200.12,3545.05,307.73,0,1,0,-1,11.0,BENIGN
123,102565.0,36.0,14.0,1043.0,5915.0,28.97,422.49,67838.76,487.5,2093.16,1,0,1,65535,0.0,BENIGN
53,7240.0,16.0,20.0,1129.0,1984.0,70.58,99.21,430050.76,4972.38,206.86,0,0,0,65535,1.0,BENIGN
123,19630.0,8.0,9.0,449.0,496.0,56.07,55.09,48111.85,866.02,1226.88,0,1,0,65535,1.0,BENIGN
443,3404213.0,4.0,23.0,100.0,7041.0,25.0,306.12,2097.66,7.93,130931.27,1,0,0,8192,6.0,BENIGN
8080,1978483.0,13.0,12.0,414.0,9298.0,31.84,774.87,4908.96,12.64,82436.79,0,0,0,29200,1.0,BENIGN
53,1789.0,4.0,15.0,284.0,3286.0,71.09,219.05,1995590.75,10620.46,99.39,0,1,0,256,4.0,BENIGN
22,329714.0,31.0,1.0,3184.0,39.0,102.71,39.11,9775.04,97.05,10635.94,0,1,1,-1,0.0,BENIGN
80,573.0,9.0,2.0,711.0,262.0,78.96,130.81,1696753.88,19197.21,57.3,0,0,1,256,0.0,BENIGN
80,268539.0,11.0,2.0,4885.0,11466.0,444.05,5733.23,60888.64,48.41,22378.25,0,0,0,29200,0.0,DoS Hulk
8080,1102.0,3.0,13.0,188.0,22579.0,62.57,1736.87,20659695.42,14519.06,73.47,0,1,1,256,4.0,BENIGN
8080,23382.0,155.0,0.0,1923.0,0.0,12.4,0.0,82221.69,6629.03,151.83,0,1,0,256,0.0,BENIGN
123,82853.0,26.0,5.0,468.0,1956.0,18.0,391.12,29251.44,374.16,2761.77,0,1,0,29200,0.0,BENIGN
8080,1611.0,1.0,102.0,29.0,19037.0,29.47,186.64,11835261.42,63935.44,15.79,0,0,0,8192,102.0,BENIGN
22,37.0,8.0,2.0,298.0,222.0,37.27,111.02,14058547.42,270270.27,4.11,0,0,0,256,0.0,BENIGN
80,316470.0,5.0,4.0,2212.0,5122.0,442.41,1280.58,23175.52,28.44,39558.75,0,1,0,29200,1.0,DoS Hulk
53,4899.0,5.0,3.0,190.0,837.0,38.08,278.93,209676.95,1632.99,699.86,0,1,0,-1,1.0,BENIGN
53,402.0,3.0,3.0,164.0,1253.0,54.63,417.56,3523845.43,14925.37,80.4,0,0,1,-1,1.0,BENIGN
53,15689.0,2.0,1.0,128.0,192.0,63.75,192.12,20372.76,191.22,7844.5,0,0,0,8192,0.0,BENIGN
80,648.0,27.0,3.0,2740.0,285.0,101.48,94.84,4667375.24,46296.3,22.34,0,1,0,65535,0.0,BENIGN
443,322702.0,9.0,1.0,759.0,32.0,84.33,32.37,2452.17,30.99,35855.78,0,0,1,8192,0.0,BENIGN
443,2451712.0,3.0,1.0,102.0,89.0,34.06,88.86,77.92,1.63,817237.33,0,0,1,-1,0.0,BENIGN
80,202285.0,8.0,1.0,1567.0,35.0,195.83,34.72,7916.46,44.49,25285.62,0,1,0,8192,0.0,BENIGN
443,27230.0,2.0,4.0,66.0,2171.0,32.92,542.67,82133.68,220.35,5446.0,0,0,0,8192,2.0,BENIGN
80,167.0,4.0,2.0,105.0,200.0,26.24,100.02,1826238.3,35928.14,33.4,0,0,0,8192,0.0,Bot
80,46.0,7.0,3.0,309.0,1981.0,44.2,660.46,49799500.44,217391.3,5.11,0,0,0,-1,0.0,BENIGN
123,148946.0,4.0,1.0,278.0,253.0,69.54,252.85,3565.13,33.57,37236.5,0,1,0,8192,0.0,BENIGN
443,16207.0,25.0,6.0,257.0,1228.0,10.29,204.65,91642.77,1912.75,540.23,0,1,0,-1,0.0,BENIGN
443,13838.0,11.0,7.0,3542.0,1186.0,322.04,169.48,341727.08,1300.77,814.0,0,1,0,-1,1.0,BENIGN
53,4391.0,19.0,39.0,7978.0,2079.0,419.88,53.31,2290270.83,13208.84,77.04,0,1,1,65535,2.0,BENIGN
80,12096.0,2.0,21.0,90.0,3468.0,44.94,165.15,294144.49,1901.46,549.82,0,0,0,29200,10.0,BENIGN
443,23174.0,5.0,30.0,688.0,942.0,137.62,31.38,70321.36,1510.31,681.59,0,0,1,8192,6.0,BENIGN
80,192343.0,5.0,7.0,991.0,48892.0,198.25,6984.62,259346.93,62.39,17485.73,0,0,0,29200,1.0,DoS Hulk
80,3821.0,13.0,7.0,1349.0,1300.0,103.76,185.76,693350.24,5234.23,201.11,0,0,1,8192,1.0,BENIGN
123,14849.0,6.0,4.0,400.0,652.0,66.67,163.11,70878.88,673.45,1649.89,0,0,0,65535,1.0,BENIGN
80,57592.0,5.0,3.0,31.0,10382.0,6.19,3460.71,180807.42,138.91,8227.43,0,0,1,8192,1.0,DDoS
443,31732.0,10.0,5.0,912.0,315.0,91.16,62.96,38650.59,472.71,2266.57,0,0,0,8192,0.0,BENIGN
80,1544347.0,7.0,2.0,678.0,827.0,96.82,413.63,974.52,5.83,193043.38,0,1,0,256,0.0,BENIGN
80,80926.0,4.0,6.0,2240.0,14381.0,560.03,2396.81,205384.42,123.57,8991.78,0,1,0,29200,2.0,DoS Hulk
774,10.0,2.0,1.0,3.0,2.0,1.68,1.55,490312.62,300000.0,5.0,0,0,0,1024,0.0,PortScan
123,2620.0,11.0,13.0,40.0,18835.0,3.63,1448.84,7204174.73,9160.31,113.91,0,1,0,-1,1.0,BENIGN
8080,40272.0,2.0,9.0,134.0,919.0,67.15,102.16,26164.49,273.14,4027.2,0,1,0,65535,4.0,BENIGN
22,138359.0,4.0,5.0,50.0,3687.0,12.41,737.44,27008.17,65.05,17294.88,0,0,0,8192,1.0,BENIGN
443,153294.0,16.0,4.0,797.0,1201.0,49.81,300.24,13032.9,130.47,8068.11,0,1,0,-1,0.0,BENIGN
443,214217.0,4.0,42.0,159.0,1417.0,39.82,33.74,7358.87,214.74,4760.38,0,1,0,256,10.0,BENIGN
80,2347.0,13.0,8.0,2453.0,82.0,188.72,10.23,1080182.95,8947.59,117.35,0,1,1,65535,1.0,Bot
747,34.0,1.0,1.0,1.0,6.0,0.5,6.26,198854.06,58823.53,34.0,1,0,0,1024,1.0,PortScan
22,446396.0,2.0,7.0,134.0,703.0,66.96,100.39,1874.25,20.16,55799.5,0,0,0,-1,4.0,BENIGN
443,27676.0,3.0,10.0,294.0,573.0,97.84,57.32,31316.03,469.72,2306.33,0,0,1,29200,3.0,BENIGN
8080,6642.0,10.0,3.0,1461.0,581.0,146.1,193.62,307420.74,1957.24,553.5,0,0,0,29200,0.0,BENIGN
182,98.0,1.0,1.0,1.0,18.0,0.66,17.65,186807.64,20408.16,98.0,0,0,0,1024,1.0,PortScan
8080,20270.0,18.0,13.0,264.0,3877.0,14.69,298.23,204306.9,1529.35,675.67,0,0,0,8192,1.0,BENIGN
22,17967627.0,3.0,14.0,787.0,845.0,262.43,60.37,90.86,0.95,1122976.69,0,0,0,256,5.0,BENIGN
443,308.0,2.0,8.0,786.0,409.0,392.94,51.1,3878813.91,32467.53,34.22,0,0,1,29200,4.0,BENIGN
80,152167.0,5.0,7.0,1857.0,21591.0,371.41,3084.45,154095.16,78.86,13833.36,0,0,0,251,1.0,DoS Hulk
80,47670.0,2.0,3.0,11.0,7903.0,5.3,2634.24,166002.15,104.89,11917.5,0,0,1,256,2.0,DDoS
980,60.0,1.0,1.0,1.0,6.0,1.18,5.86,117362.94,33333.33,60.0,0,0,0,0,1.0,PortScan
8080,42045.0,4.0,3.0,111.0,131.0,27.63,43.71,5746.91,166.49,7007.5,0,0,1,8192,1.0,BENIGN
53,108659.0,2.0,3.0,114.0,317.0,57.03,105.75,3969.39,46.02,27164.75,0,0,0,-1,2.0,BENIGN
8080,2898490.0,5.0,5.0,463.0,5375.0,92.61,1074.94,2014.07,3.45,322054.44,0,0,1,29200,1.0,BENIGN
123,43438291.0,6.0,17.0,155.0,199.0,25.83,11.71,8.15,0.53,1974467.77,0,0,0,29200,3.0,BENIGN
53,23541.0,3.0,9.0,183.0,40751.0,61.13,4527.88,1738850.84,509.75,2140.09,0,0,1,256,3.0,BENIGN
22,157097.0,3.0,21.0,134.0,2289.0,44.79,109.02,15427.94,152.77,6830.3,0,1,0,8192,7.0,BENIGN
123,316147.0,2.0,3.0,61.0,936.0,30.63,312.15,3155.82,15.82,79036.75,0,0,0,8192,2.0,BENIGN
80,62528.0,8.0,4.0,6571.0,6228.0,821.32,1556.89,204677.57,191.91,5684.36,0,1,0,251,0.0,DoS Hulk
80,246587.0,7.0,1.0,2480.0,110.0,354.27,110.35,10504.27,32.44,35226.71,0,0,0,-1,0.0,BENIGN
8080,131294.0,2.0,3.0,33.0,282.0,16.33,93.92,2394.72,38.08,32823.5,0,0,1,65535,2.0,BENIGN
80,423436.0,2.0,4.0,17.0,14949.0,8.47,3737.21,35343.62,14.17,84687.2,0,0,1,256,2.0,DDoS
22,521.0,3.0,5.0,93.0,1345.0,31.11,269.07,2761403.86,15355.09,74.43,0,0,0,8192,2.0,BENIGN
80,108124.0,3.0,5.0,3771.0,3273.0,1257.07,654.69,65153.38,73.99,15446.29,0,0,0,29200,2.0,DoS Hulk
22,896165.0,10.0,16.0,567.0,9640.0,56.71,602.5,11389.64,29.01,35846.6,0,0,1,29200,2.0,BENIGN
443,452701.0,4.0,6.0,132.0,1155.0,33.12,192.52,2844.29,22.09,50300.11,0,0,0,256,2.0,BENIGN
873,27.0,1.0,1.0,1.0,1.0,1.01,0.95,72245.55,74074.07,27.0,1,0,1,1024,1.0,PortScan
123,2999.0,7.0,0.0,436.0,0.0,62.27,0.0,145349.07,2334.11,499.83,0,0,0,8192,0.0,BENIGN
443,80489.0,4.0,20.0,154.0,34540.0,38.52,1726.99,431039.8,298.18,3499.52,0,0,1,65535,5.0,BENIGN
8080,3283588.0,2.0,19.0,120.0,1855.0,60.11,97.61,601.42,6.4,164179.4,0,0,0,65535,10.0,BENIGN
22,308.0,4.0,3.0,68.0,379.0,16.97,126.46,1452173.6,22727.27,51.33,0,1,0,-1,1.0,BENIGN
80,13171.0,7.0,2.0,3041.0,2995.0,434.46,1497.58,458311.19,683.32,1646.38,0,1,0,251,0.0,DoS Hulk
8080,764.0,2.0,4.0,219.0,145.0,109.49,36.37,477051.61,7853.4,152.8,0,1,0,256,2.0,BENIGN
53,352.0,4.0,14.0,281.0,248.0,70.3,17.69,1502558.34,51136.36,20.71,0,1,0,65535,4.0,BENIGN
123,36049.0,19.0,5.0,176.0,557.0,9.26,111.41,20331.14,665.76,1567.35,0,1,0,256,0.0,BENIGN
80,26287.0,5.0,4.0,1631.0,12059.0,326.18,3014.87,520804.02,342.37,3285.88,0,0,0,29200,1.0,DoS Hulk
8080,603737.0,15.0,4.0,414.0,214.0,27.61,53.45,1040.12,31.47,33540.94,0,0,0,-1,0.0,BENIGN
443,10504.0,10.0,10.0,1088.0,632.0,108.75,63.22,163715.43,1904.04,552.84,0,0,1,256,1.0,BENIGN
80,663441.0,3.0,3.0,137.0,222.0,45.56,73.93,540.28,9.04,132688.2,0,0,0,29200,1.0,Web Attack - Brute Force
123,3287.0,11.0,3.0,1330.0,3690.0,120.87,1230.09,1527178.73,4259.2,252.85,0,0,0,-1,0.0,BENIGN
53,1018582.0,8.0,67.0,2134.0,27373.0,266.69,408.56,28968.43,73.63,13764.62,0,0,1,-1,8.0,BENIGN
80,1009033.0,13.0,6.0,251.0,972.0,19.28,162.02,1211.77,18.83,56057.39,1,0,0,29200,0.0,Web Attack - Brute Force
123,115099.0,11.0,0.0,562.0,0.0,51.07,0.0,4881.14,95.57,11509.9,0,0,1,65535,0.0,BENIGN
123,2253392.0,21.0,3.0,646.0,776.0,30.76,258.59,630.92,10.65,97973.57,0,1,1,-1,0.0,BENIGN
22,102513.0,8.0,5.0,134.0,138.0,16.75,27.51,2648.48,126.81,8542.75,0,1,1,256,1.0,BENIGN
22,212449.0,1.0,5.0,66.0,663.0,66.35,132.5,3430.82,28.24,42489.8,0,0,0,256,5.0,BENIGN
80,500748.0,2.0,5.0,10.0,15392.0,4.97,3078.38,30757.67,13.98,83458.0,0,0,1,256,2.0,DDoS
443,4974447.0,2.0,8.0,39.0,2781.0,19.39,347.66,566.91,2.01,552716.33,0,1,1,256,4.0,BENIGN
443,3656.0,3.0,24.0,151.0,2595.0,50.43,108.1,751038.54,7385.12,140.62,0,1,0,29200,8.0,BENIGN
8080,819617.0,3.0,4.0,400.0,238.0,133.41,59.48,778.61,8.54,136602.83,0,0,1,256,1.0,Bot
80,1190.0,71.0,4.0,3955.0,2979.0,55.7,744.68,5826349.77,63025.21,16.08,0,1,0,29200,0.0,BENIGN
443,2570.0,10.0,4.0,670.0,585.0,67.03,146.18,488347.74,5447.47,197.69,0,1,0,8192,0.0,BENIGN
80,51364.0,6.0,40.0,179.0,9703.0,29.9,242.59,192407.71,895.57,1141.42,0,0,0,8192,7.0,BENIGN
80,48175.0,3.0,10.0,137.0,1050.0,45.57,104.96,24624.28,269.85,4014.58,0,0,0,65535,3.0,BENIGN
80,670714.0,3.0,3.0,36.0,13050.0,12.14,4349.86,19510.54,8.95,134142.8,0,0,1,8192,1.0,DDoS
80,164560.0,6.0,3.0,1664.0,7948.0,277.36,2649.31,58410.78,54.69,20570.0,0,1,0,29200,0.0,DoS Hulk
123,579637.0,7.0,5.0,39.0,3104.0,5.63,620.79,5422.95,20.7,52694.27,0,1,0,256,1.0,BENIGN
80,11455596.0,17.0,17.0,1149.0,5266.0,67.56,309.78,559.97,2.97,347139.27,0,1,0,8192,1.0,Web Attack - Brute Force
80,118313.0,3.0,2.0,620.0,2413.0,206.78,1206.63,25640.47,42.26,29578.25,0,1,0,251,1.0,DoS Hulk
53,1305707.0,22.0,6.0,977.0,132.0,44.4,21.94,848.84,21.44,48359.52,0,0,1,29200,0.0,BENIGN
443,2884109.0,23.0,14.0,1243.0,2680.0,54.03,191.41,1360.01,12.83,80114.14,0,0,1,-1,1.0,BENIGN
80,1576.0,3.0,8.0,849.0,271.0,283.08,33.83,710561.07,6979.7,157.6,0,1,1,8192,3.0,BENIGN
80,1322070.0,9.0,7.0,2540.0,3798.0,282.26,542.5,4793.86,12.1,88138.0,0,0,0,65535,1.0,BENIGN
80,3057970.0,9.0,3.0,815.0,4248.0,90.54,1415.91,1655.55,3.92,277997.27,0,1,0,8192,0.0,Web Attack - Brute Force
80,881390.0,4.0,7.0,109.0,16293.0,27.27,2327.59,18609.45,12.48,88139.0,0,0,1,8192,2.0,DDoS
443,19272.0,13.0,9.0,834.0,2952.0,64.18,328.0,196468.97,1141.55,917.71,0,0,1,8192,1.0,BENIGN
80,6282604.0,2.0,6.0,37.0,15277.0,18.5,2546.2,2437.55,1.27,897514.86,0,0,1,256,3.0,DDoS
22,5359.0,5.0,1.0,1523.0,144.0,304.55,143.77,310979.14,1119.61,1071.8,0,1,1,29200,0.0,BENIGN
123,292985.0,20.0,27.0,1459.0,12744.0,72.93,472.0,48475.64,160.42,6369.24,0,0,0,8192,1.0,BENIGN
80,102127.0,5.0,4.0,1140.0,3965.0,227.93,991.21,49981.71,88.13,12765.88,0,1,0,251,1.0,DoS Hulk
80,160900.0,8.0,6.0,1170.0,7213.0,146.3,1202.18,52103.96,87.01,12376.92,0,1,0,251,1.0,DoS Hulk
443,1627.0,9.0,18.0,512.0,600.0,56.92,33.35,683821.82,16594.96,62.58,0,0,0,29200,2.0,BENIGN
443,47418.0,3.0,5.0,356.0,1194.0,118.73,238.86,32697.76,168.71,6774.0,0,0,1,29200,2.0,BENIGN
443,180979.0,6.0,33.0,924.0,5762.0,153.98,174.61,36944.01,215.49,4762.61,0,0,1,29200,6.0,BENIGN
123,152918.0,5.0,2.0,134.0,2523.0,26.75,1261.52,17373.82,45.78,25486.33,0,1,1,65535,0.0,BENIGN
80,668590.0,5.0,4.0,135.0,558.0,27.1,139.43,1036.82,13.46,83573.75,0,0,1,65535,1.0,BENIGN
53,129772.0,2.0,13.0,145.0,3208.0,72.35,246.8,25838.73,115.59,9269.43,0,0,0,8192,6.0,BENIGN
8080,59887.0,3.0,56.0,170.0,2516.0,56.61,44.93,44853.44,985.19,1032.53,0,1,0,29200,19.0,BENIGN
53,144.0,13.0,5.0,1413.0,2216.0,108.69,443.12,25198558.55,125000.0,8.47,0,1,0,8192,0.0,BENIGN
8080,47706.0,15.0,6.0,1391.0,165.0,92.74,27.48,32615.62,440.2,2385.3,0,0,1,65535,0.0,BENIGN
80,201371.0,3.0,1.0,62.0,44.0,20.51,44.41,526.12,19.86,67123.67,0,0,0,8192,0.0,BENIGN
123,206964.0,31.0,2.0,3043.0,58.0,98.15,29.2,14982.99,159.45,6467.62,0,1,1,8192,0.0,BENIGN
123,115762.0,2.0,9.0,29.0,316.0,14.73,35.16,2987.94,95.02,11576.2,0,0,1,8192,4.0,BENIGN
8080,124534.0,17.0,1.0,792.0,108.0,46.59,108.48,7231.69,144.54,7325.53,0,0,1,-1,0.0,BENIGN
80,57964.0,6.0,2.0,1882.0,3431.0,313.71,1715.38,91661.1,138.02,8280.57,0,1,0,251,0.0,DoS Hulk
443,4494547.0,2.0,6.0,27.0,983.0,13.62,163.76,224.67,1.78,642078.14,0,1,0,65535,3.0,BENIGN
80,43781.0,4.0,7.0,1088.0,6555.0,272.03,936.45,174579.85,251.25,4378.1,0,1,1,251,2.0,DoS Hulk
80,95662.0,6.0,2.0,3850.0,4107.0,641.63,2053.69,83180.16,83.63,13666.0,0,0,0,251,0.0,DoS Hulk
892,50.0,1.0,1.0,2.0,14.0,2.02,14.46,329753.65,40000.0,50.0,1,0,0,0,1.0,PortScan
80,2652731.0,10.0,13.0,452.0,2122.0,45.24,163.23,970.51,8.67,120578.68,0,1,0,29200,1.0,BENIGN
53,57899.0,9.0,4.0,970.0,898.0,107.75,224.58,32263.52,224.53,4824.92,0,0,0,29200,0.0,BENIGN
80,120047.0,4.0,7.0,1701.0,12855.0,425.28,1836.4,121251.6,91.63,12004.7,0,0,0,251,2.0,DoS Hulk
22,410339.0,7.0,2.0,281.0,11.0,40.14,5.32,710.64,21.93,51292.38,0,0,0,8192,0.0,BENIGN
80,27160.0,2.0,1.0,319.0,692.0,159.47,692.22,37229.64,110.46,13580.0,0,1,0,-1,0.0,BENIGN
53,435116.0,2.0,5.0,200.0,2177.0,100.08,435.34,5462.55,16.09,72519.33,0,0,1,256,2.0,BENIGN
80,57646.0,9.0,6.0,7572.0,6062.0,841.33,1010.3,236508.86,260.21,4117.57,0,0,0,29200,1.0,DoS Hulk
80,366640.0,30.0,17.0,1164.0,48345.0,38.78,2843.83,135033.25,128.19,7970.43,0,1,0,65535,1.0,BENIGN
22,7461.0,12.0,18.0,330.0,3508.0,27.49,194.89,514400.96,4020.91,257.28,0,0,0,65535,2.0,BENIGN
80,142251.0,9.0,9.0,5131.0,39605.0,570.08,4400.54,314483.86,126.54,8367.71,0,1,1,29200,1.0,DoS Hulk
80,1857394.0,6.0,3.0,59.0,13266.0,9.78,4422.15,7174.11,4.85,232174.25,0,0,0,256,0.0,DDoS
53,2859.0,1.0,4.0,34.0,1805.0,34.07,451.29,643316.11,1748.86,714.75,0,0,0,65535,4.0,BENIGN
8080,13311.0,2.0,5.0,75.0,131.0,37.58,26.28,15518.92,525.88,2218.5,0,0,0,65535,2.0,BENIGN
123,29757.0,50.0,7.0,5321.0,273.0,106.42,38.99,187983.49,1915.52,531.38,0,0,0,256,0.0,BENIGN
8080,1169352.0,3.0,46.0,459.0,826.0,152.85,17.95,1098.27,41.9,24361.5,0,0,0,65535,15.0,BENIGN
123,1543.0,5.0,2.0,327.0,27.0,65.43,13.58,229628.07,4536.62,257.17,0,0,1,29200,0.0,BENIGN
22,1399.0,16.0,41.0,1537.0,14852.0,96.07,362.24,11714855.11,40743.39,24.98,0,0,1,256,3.0,BENIGN
443,425799.0,6.0,17.0,199.0,2038.0,33.15,119.88,5253.3,54.02,19354.5,0,0,1,-1,3.0,BENIGN
53,39461.0,8.0,2.0,107.0,360.0,13.39,180.22,11848.01,253.41,4384.56,0,1,1,8192,0.0,BENIGN
22,78410.0,2.0,3.0,102.0,136.0,51.18,45.23,3035.87,63.77,19602.5,0,0,1,256,2.0,BENIGN
80,88374.0,6.0,11.0,1284.0,15829.0,214.01,1439.01,193645.57,192.36,5523.38,0,1,1,251,2.0,DoS Hulk
123,888418.0,4.0,11.0,466.0,18534.0,116.55,1684.94,21386.91,16.88,63458.43,0,0,1,8192,3.0,BENIGN
80,418626.0,3.0,3.0,1459.0,819.0,486.27,273.13,5442.07,14.33,83725.2,0,0,0,251,1.0,DoS Hulk
22,31319.0,7.0,2.0,51.0,26.0,7.22,12.95,2441.32,287.37,3914.88,0,0,0,256,0.0,BENIGN
53,60324.0,16.0,13.0,231.0,1339.0,14.45,103.01,26032.61,480.74,2154.43,0,0,0,8192,1.0,BENIGN
443,2961.0,14.0,33.0,697.0,2599.0,49.82,78.75,1113199.02,15873.02,64.37,0,1,0,8192,2.0,BENIGN
123,26485.0,5.0,16.0,617.0,1822.0,123.43,113.86,92084.46,792.9,1324.25,0,1,0,256,3.0,BENIGN
80,10430.0,24.0,3.0,345.0,703.0,14.36,234.27,100436.97,2588.69,401.15,0,0,1,256,0.0,BENIGN
123,239256.0,13.0,25.0,132.0,2565.0,10.18,102.61,11275.5,158.83,6466.38,1,0,0,65535,2.0,BENIGN
80,159331.0,12.0,8.0,264.0,5521.0,22.01,690.15,36309.89,125.52,8385.84,0,0,0,65535,1.0,BENIGN
53,251050.0,8.0,2.0,292.0,256.0,36.5,128.21,2184.55,39.83,27894.44,0,0,1,65535,0.0,BENIGN
80,620300.0,5.0,1.0,5346.0,4586.0,1069.24,4586.19,16012.27,9.67,124060.0,0,0,0,251,0.0,DoS Hulk
8080,521738.0,4.0,4.0,296.0,44.0,74.04,10.9,651.25,15.33,74534.0,1,1,1,256,1.0,BENIGN
123,14737.0,13.0,1.0,312.0,1194.0,24.0,1194.44,102224.89,949.99,1133.62,0,1,0,29200,0.0,BENIGN
192,70.0,1.0,1.0,2.0,4.0,1.55,3.91,78108.91,28571.43,70.0,1,0,0,0,1.0,PortScan
80,400829.0,4.0,4.0,28.0,5600.0,6.93,1399.98,14040.0,19.96,57261.29,0,0,1,256,1.0,DDoS
22,596336.0,37.0,1.0,886.0,2289.0,23.94,2289.35,5324.37,63.72,16117.19,0,1,0,65535,0.0,BENIGN
443,2993025.0,5.0,5.0,137.0,5306.0,27.38,1061.23,1818.58,3.34,332558.33,0,0,1,29200,1.0,BENIGN
80,142242.0,6.0,2.0,1272.0,723.0,211.98,361.57,14025.65,56.24,20320.29,0,1,0,29200,0.0,DoS Hulk
22,37242.0,3.0,5.0,39.0,92.0,12.98,18.3,3502.24,214.81,5320.29,0,0,1,8192,2.0,BENIGN
8080,264048.0,1.0,20.0,164.0,7179.0,163.93,358.94,27808.44,79.53,13202.4,0,0,0,29200,20.0,BENIGN
8080,2783974.0,4.0,42.0,746.0,1831.0,186.47,43.59,925.51,16.52,61866.09,0,1,1,29200,10.0,BENIGN
53,2687847.0,7.0,13.0,1143.0,743.0,163.27,57.14,701.56,7.44,141465.63,0,0,0,-1,2.0,BENIGN
22,15062.0,12.0,16.0,1543.0,107.0,128.55,6.71,109540.99,1858.98,557.85,0,1,0,8192,1.0,BENIGN
443,274067.0,1.0,5.0,25.0,350.0,24.78,70.06,1368.5,21.89,54813.4,0,0,1,8192,5.0,BENIGN
123,41350.0,8.0,16.0,243.0,1815.0,30.33,113.41,49749.64,580.41,1797.83,0,1,1,-1,2.0,BENIGN
8080,147485.0,3.0,21.0,127.0,771.0,42.43,36.72,6091.2,162.73,6412.39,0,0,1,8192,7.0,BENIGN
80,5439.0,3.0,95.0,196.0,1852.0,65.43,19.5,376602.62,18018.02,56.07,1,1,0,29200,32.0,BENIGN
22,152151.0,25.0,5.0,24777.0,2032.0,991.09,406.34,176198.84,197.17,5246.59,0,1,0,29200,0.0,BENIGN
22,183551.0,32.0,3.0,926.0,61.0,28.94,20.44,5378.64,190.68,5398.56,0,1,0,-1,0.0,BENIGN
22,297294.0,22.0,6.0,1034.0,2210.0,46.98,368.33,10909.98,94.18,11010.89,0,1,1,29200,0.0,BENIGN
80,3750047.0,15.0,7.0,1275.0,887.0,85.03,126.72,576.66,5.87,178573.67,0,0,1,29200,0.0,Web Attack - Brute Force
443,783.0,10.0,10.0,79.0,1452.0,7.87,145.19,1954745.95,25542.78,41.21,0,0,0,-1,1.0,BENIGN
80,166965.0,3.0,4.0,29.0,9037.0,9.64,2259.26,54298.53,41.92,27827.5,0,0,1,256,1.0,DDoS
298,50.0,1.0,1.0,2.0,1.0,2.26,0.68,58781.04,40000.0,50.0,1,0,0,0,1.0,PortScan
80,474363.0,4.0,2.0,53.0,12360.0,13.3,6180.03,26168.29,12.65,94872.6,0,0,1,256,0.0,DDoS
80,103072.0,2.0,6.0,41.0,1424.0,20.57,237.28,14211.43,77.62,14724.57,0,0,0,65535,3.0,BENIGN
8080,17184.0,7.0,9.0,336.0,274.0,47.96,30.49,35505.45,931.1,1145.6,0,0,0,8192,1.0,BENIGN
53,17512.0,7.0,11.0,459.0,237.0,65.51,21.55,39722.78,1027.87,1030.12,0,0,1,65535,2.0,BENIGN
22,170871.0,7.0,6.0,843.0,719.0,120.48,119.88,9145.34,76.08,14239.25,0,0,1,65535,1.0,BENIGN
443,41415.0,3.0,132.0,241.0,3562.0,80.26,26.99,91825.03,3259.69,309.07,1,1,1,-1,44.0,BENIGN
22,14366.0,9.0,1.0,3525.0,99.0,391.7,98.77,252265.51,696.09,1596.22,1,0,0,29200,0.0,BENIGN
123,15155.0,2.0,5.0,227.0,240.0,113.52,48.04,30831.97,461.89,2525.83,0,0,1,-1,2.0,BENIGN
80,206346.0,3.0,6.0,10.0,18582.0,3.21,3096.94,90097.62,43.62,25793.25,0,0,1,8192,2.0,DDoS
123,25413.0,10.0,14.0,1994.0,528.0,199.43,37.73,99262.52,944.4,1104.91,0,0,0,29200,1.0,BENIGN
8080,473164.0,4.0,11.0,219.0,1777.0,54.81,161.53,4218.64,31.7,33797.43,0,0,1,8192,3.0,Bot
80,5193514.0,15.0,34.0,1311.0,10529.0,87.43,309.68,2279.91,9.43,108198.21,0,1,0,65535,2.0,BENIGN
53,37276.0,8.0,2.0,409.0,641.0,51.15,320.35,28164.82,268.27,4141.78,0,0,0,256,0.0,BENIGN
80,11389192.0,15.0,4.0,2248.0,701.0,149.88,175.34,258.98,1.67,632732.89,0,1,0,8192,0.0,Web Attack - Brute Force
53,179462.0,20.0,8.0,616.0,6514.0,30.82,814.24,39732.0,156.02,6646.74,0,0,1,29200,0.0,BENIGN
123,350503.0,10.0,1.0,360.0,191.0,35.97,190.71,1570.44,31.38,35050.3,0,0,1,256,0.0,BENIGN
443,3616023.0,1.0,8.0,54.0,3381.0,54.35,422.64,950.06,2.49,452002.88,0,0,0,29200,8.0,BENIGN
80,82431.0,4.0,11.0,2276.0,22562.0,569.06,2051.08,301319.79,181.97,5887.93,0,0,0,251,3.0,DoS Hulk
443,25948.0,13.0,6.0,572.0,9766.0,43.99,1627.7,398415.88,732.23,1441.56,0,1,1,29200,0.0,BENIGN
123,7580.0,26.0,2.0,820.0,99.0,31.53,49.29,121154.0,3693.93,280.74,0,1,0,29200,0.0,BENIGN
22,4708.0,2.0,10.0,76.0,923.0,38.17,92.34,212355.47,2548.85,428.0,0,1,0,256,5.0,BENIGN
80,115449.0,6.0,9.0,1073.0,16522.0,178.81,1835.8,152405.27,129.93,8246.36,0,1,0,29200,2.0,DoS Hulk
443,6420.0,11.0,6.0,769.0,1912.0,69.95,318.61,417622.0,2647.98,401.25,0,0,0,29200,1.0,BENIGN
443,7405.0,3.0,3.0,75.0,188.0,25.16,62.52,35524.92,810.26,1481.0,0,0,1,29200,1.0,BENIGN
80,4069.0,1.0,6.0,120.0,96.0,120.31,15.96,53101.63,1720.32,678.17,0,1,0,29200,6.0,BENIGN
53,2169452.0,23.0,2.0,4257.0,664.0,185.07,332.14,2268.29,11.52,90393.83,0,0,1,29200,0.0,BENIGN
22,29526.0,4.0,3.0,458.0,1413.0,114.62,471.06,63389.98,237.08,4921.0,0,0,1,65535,1.0,BENIGN
80,1002596.0,4.0,30.0,87.0,3009.0,21.87,100.29,3088.04,33.91,30381.7,0,0,0,-1,8.0,BENIGN
8080,70088.0,1.0,2.0,84.0,537.0,84.15,268.33,8857.63,42.8,35044.0,0,1,0,256,2.0,BENIGN
80,26963.0,13.0,2.0,27.0,131.0,2.09,65.28,5849.34,556.32,1925.93,0,0,0,256,0.0,BENIGN
123,432361.0,18.0,10.0,2842.0,2839.0,157.88,283.92,13139.56,64.76,16013.37,0,1,1,256,1.0,BENIGN
80,487409.0,3.0,4.0,1844.0,6492.0,614.51,1623.07,17102.31,14.36,81234.83,0,0,0,29200,1.0,DoS Hulk
80,2342.0,3.0,10.0,266.0,3505.0,88.82,350.47,1610210.06,5550.81,195.17,0,0,1,65535,3.0,BENIGN
8080,30204.0,3.0,2.0,49.0,658.0,16.32,329.12,23414.57,165.54,7551.0,0,0,0,-1,1.0,BENIGN
80,1317551.0,5.0,3.0,34.0,13782.0,6.72,4593.99,10485.8,6.07,188221.57,0,0,0,8192,1.0,DDoS
8080,2844.0,17.0,5.0,243.0,187.0,14.31,37.34,151180.23,7735.58,135.43,0,0,0,65535,0.0,BENIGN
80,158917.0,3.0,3.0,95.0,967.0,31.62,322.22,6679.76,37.76,31783.4,0,0,1,-1,1.0,BENIGN
53,137678.0,3.0,5.0,106.0,938.0,35.48,187.57,7585.03,58.11,19668.29,0,1,1,-1,2.0,BENIGN
983,19.0,1.0,2.0,1.0,18.0,1.06,9.23,1027321.95,157894.74,9.5,1,0,0,1024,2.0,PortScan
8080,123851.0,1.0,7.0,42.0,3506.0,42.15,500.91,28651.61,64.59,17693.0,0,0,0,256,7.0,BENIGN
80,26428.0,4.0,4.0,2045.0,10586.0,511.18,2646.45,477922.22,302.71,3775.43,0,0,0,29200,1.0,DoS Hulk
22,598.0,1.0,32.0,17.0,3898.0,17.48,121.8,6547212.58,55183.95,18.69,0,0,0,29200,32.0,BENIGN
123,48061.0,2.0,2.0,149.0,378.0,74.6,188.83,10962.24,83.23,16020.33,0,0,1,256,1.0,BENIGN
8080,77159.0,3.0,0.0,108.0,0.0,36.06,0.0,1402.04,38.88,38579.5,0,0,0,29200,0.0,BENIGN
8080,45120.0,3.0,7.0,79.0,486.0,26.48,69.48,12540.39,221.63,5013.33,0,1,0,65535,2.0,BENIGN
53,285062.0,5.0,8.0,102.0,325.0,20.47,40.64,1499.69,45.6,23755.17,0,0,1,29200,2.0,BENIGN
22,119757.0,1.0,4.0,157.0,1351.0,156.65,337.83,12591.95,41.75,29939.25,0,0,0,8192,4.0,BENIGN
443,125624.0,14.0,2.0,198.0,377.0,14.15,188.29,4574.13,127.36,8374.93,0,0,1,65535,0.0,BENIGN
349,37.0,1.0,1.0,1.0,5.0,0.82,5.45,169434.97,54054.05,37.0,1,0,0,1024,1.0,PortScan
1005,44.0,1.0,1.0,1.0,7.0,0.6,6.68,165390.13,45454.55,44.0,1,0,0,29200,1.0,PortScan
443,3038.0,19.0,31.0,317.0,5577.0,16.69,179.89,1940006.7,16458.2,62.0,0,0,1,65535,2.0,BENIGN
80,27551.0,2.0,5.0,234.0,484.0,117.25,96.76,26071.97,254.07,4591.83,0,0,0,8192,2.0,BENIGN
401,36.0,1.0,1.0,1.0,6.0,1.43,5.8,200723.9,55555.56,36.0,0,0,0,29200,1.0,PortScan
123,70712.0,3.0,6.0,91.0,282.0,30.41,46.96,5274.58,127.28,8839.0,0,1,1,29200,2.0,BENIGN
80,1823236.0,4.0,6.0,31.0,13251.0,7.65,2208.57,7284.86,5.48,202581.78,0,0,1,8192,2.0,DDoS
489,60.0,1.0,1.0,1.0,3.0,1.41,2.88,71579.23,33333.33,60.0,0,0,0,0,1.0,PortScan
443,43935.0,5.0,3.0,77.0,807.0,15.44,269.02,20126.1,182.09,6276.43,0,1,0,-1,1.0,BENIGN
22,4421213.0,6.0,3.0,659.0,332.0,109.89,110.76,224.29,2.04,552651.62,0,0,0,256,0.0,BENIGN
80,1385975.0,2.0,8.0,6.0,19976.0,2.95,2496.97,14417.06,7.22,153997.22,1,0,1,8192,4.0,DDoS
8080,35825.0,6.0,8.0,344.0,2173.0,57.39,271.6,70261.57,390.79,2755.77,0,1,1,8192,1.0,BENIGN
22,290.0,6.0,11.0,252.0,274.0,42.08,24.93,1816290.98,58620.69,18.12,0,0,1,-1,2.0,BENIGN
123,772.0,1.0,2.0,204.0,1350.0,203.64,674.85,2012102.95,3886.01,386.0,0,0,1,256,2.0,BENIGN
80,1492329.0,2.0,5.0,38.0,12546.0,18.93,2509.29,8432.68,4.69,248721.5,0,0,1,256,2.0,DDoS
443,54299.0,12.0,1.0,239.0,210.0,19.92,210.5,8277.98,239.42,4524.92,0,0,0,-1,0.0,BENIGN
22,8907532.0,1.0,10.0,63.0,13894.0,63.01,1389.44,1566.92,1.23,890753.2,0,1,0,-1,10.0,BENIGN
807,42.0,1.0,1.0,1.0,2.0,1.23,1.88,74113.07,47619.05,42.0,0,0,0,0,1.0,PortScan
133,53.0,1.0,1.0,1.0,2.0,1.04,1.93,56124.29,37735.85,53.0,1,0,0,0,1.0,PortScan
443,137153.0,10.0,44.0,357.0,2130.0,35.67,48.42,18134.54,393.72,2587.79,0,0,1,8192,4.0,BENIGN
80,1610512.0,8.0,11.0,582.0,3558.0,72.71,323.44,2570.3,11.8,89472.89,0,0,1,29200,1.0,Web Attack - Brute Force
443,110573.0,8.0,13.0,70.0,15062.0,8.77,1158.6,136850.85,189.92,5528.65,0,0,0,-1,2.0,BENIGN
123,186277.0,2.0,9.0,324.0,8424.0,161.85,935.95,46958.49,59.05,18627.7,0,0,0,256,4.0,BENIGN
80,41378.0,4.0,5.0,1318.0,5629.0,329.5,1125.79,167890.44,217.51,5172.25,0,1,0,251,1.0,DoS Hulk
123,148379.0,22.0,1.0,2395.0,507.0,108.84,506.61,19552.37,155.01,6744.5,0,0,1,-1,0.0,BENIGN
53,489212.0,1.0,31.0,165.0,5515.0,165.1,177.92,11611.55,65.41,15781.03,0,1,0,29200,31.0,BENIGN
22,253.0,3.0,1.0,92.0,85.0,30.61,84.55,697081.33,15810.28,84.33,0,0,0,-1,0.0,BENIGN
22,111590.0,1.0,15.0,4.0,243.0,3.61,16.21,2211.91,143.38,7439.33,0,0,0,8192,15.0,BENIGN
471,171.0,1.0,1.0,1.0,7.0,0.94,6.96,46185.72,11695.91,171.0,0,0,0,0,1.0,PortScan
443,64444.0,1.0,10.0,48.0,686.0,47.96,68.57,11384.42,170.69,6444.4,0,1,1,256,10.0,BENIGN
80,2033777.0,5.0,2.0,272.0,422.0,54.45,210.84,341.21,3.44,338962.83,0,1,0,8192,0.0,BENIGN
22,17847.0,7.0,16.0,264.0,762.0,37.68,47.62,57468.14,1288.73,811.23,0,0,0,65535,2.0,BENIGN
80,69631.0,11.0,9.0,417.0,131.0,37.89,14.55,7866.77,287.23,3664.79,0,0,0,65535,1.0,BENIGN
80,211502.0,5.0,4.0,1937.0,11376.0,387.42,2844.08,62947.03,42.55,26437.75,0,0,1,29200,1.0,DoS Hulk
53,8645.0,5.0,3.0,90.0,748.0,17.99,249.3,96915.15,925.39,1235.0,0,1,0,29200,1.0,BENIGN
443,8879.0,2.0,2.0,30.0,302.0,15.06,151.03,37411.89,450.5,2959.67,0,0,0,29200,1.0,BENIGN
80,599646.0,4.0,2.0,43.0,3956.0,10.73,1977.76,6668.01,10.01,119929.2,0,0,1,8192,0.0,DDoS
80,16840.0,2.0,5.0,231.0,2040.0,115.62,408.03,134879.51,415.68,2806.67,0,1,0,-1,2.0,BENIGN
53,111556.0,3.0,5.0,398.0,124.0,132.69,24.73,4676.67,71.71,15936.57,0,0,0,256,2.0,BENIGN
8080,89783.0,5.0,7.0,211.0,17508.0,42.25,2501.18,197359.6,133.66,8162.09,0,1,1,-1,1.0,BENIGN
80,182131.0,4.0,7.0,1154.0,23479.0,288.5,3354.14,135248.68,60.4,18213.1,0,0,0,251,2.0,DoS Hulk
69,30.0,1.0,1.0,1.0,8.0,1.04,7.69,290950.33,66666.67,30.0,0,0,0,29200,1.0,PortScan
80,98115.0,23.0,9.0,360.0,379.0,15.66,42.14,7536.69,326.15,3165.0,0,0,0,8192,0.0,BENIGN
205,35.0,1.0,1.0,1.0,4.0,1.3,4.26,159004.85,57142.86,35.0,1,0,0,1024,1.0,PortScan
80,16046.0,4.0,9.0,270.0,29.0,67.62,3.23,18669.13,810.17,1337.17,0,0,1,29200,2.0,BENIGN
8080,58367.0,6.0,3.0,1080.0,583.0,180.08,194.27,28497.08,154.2,7295.88,0,1,0,29200,0.0,BENIGN
443,11216773.0,13.0,6.0,2191.0,716.0,168.51,119.36,259.15,1.69,623154.06,0,0,1,8192,0.0,BENIGN
8080,3522.0,3.0,9.0,98.0,4286.0,32.72,476.22,1244778.0,3407.16,320.18,0,0,0,29200,3.0,BENIGN
123,1263.0,4.0,2.0,84.0,14.0,20.94,6.94,77304.15,4750.59,252.6,0,1,0,256,0.0,BENIGN
80,346239.0,5.0,2.0,322.0,1082.0,64.46,541.17,4056.88,20.22,57706.5,0,0,1,256,0.0,BENIGN
443,4104.0,3.0,4.0,201.0,796.0,67.16,199.01,243060.65,1705.65,684.0,0,0,0,256,1.0,BENIGN
8080,2914.0,3.0,5.0,137.0,465.0,45.52,93.02,206474.96,2745.37,416.29,1,1,0,65535,2.0,Bot
80,89751.0,25.0,0.0,332.0,0.0,13.27,0.0,3696.2,278.55,3739.62,0,0,1,8192,0.0,BENIGN
443,323405.0,5.0,161.0,171.0,3909.0,34.24,24.28,12615.2,513.29,1960.03,0,1,0,256,32.0,Bot
498,92.0,1.0,2.0,2.0,11.0,1.54,5.5,136258.12,32608.7,46.0,1,0,0,0,2.0,PortScan
123,469443.0,22.0,5.0,3199.0,510.0,145.4,101.94,7899.94,57.51,18055.5,0,1,1,65535,0.0,BENIGN
53,15965898.0,3.0,11.0,65.0,4956.0,21.58,450.51,314.44,0.88,1228146.0,0,0,0,-1,4.0,BENIGN
80,4260.0,5.0,24.0,48.0,480.0,9.57,20.01,123962.3,6807.51,152.14,0,0,0,29200,5.0,BENIGN
80,72896.0,10.0,5.0,6479.0,5817.0,647.87,1163.38,168673.6,205.77,5206.86,0,1,0,29200,0.0,DoS Hulk
53,17933.0,5.0,10.0,943.0,463.0,188.63,46.29,78404.72,836.45,1280.93,0,0,0,8192,2.0,BENIGN
8080,2275281.0,11.0,14.0,600.0,1379.0,54.52,98.48,869.56,10.99,94803.38,0,1,1,8192,1.0,BENIGN
22,400.0,7.0,3.0,121.0,261.0,17.26,87.01,954623.32,25000.0,44.44,0,0,0,256,0.0,BENIGN
123,41584.0,43.0,2.0,403.0,316.0,9.36,157.78,17268.0,1082.15,945.09,0,0,0,8192,0.0,BENIGN
443,146824.0,4.0,19.0,235.0,4401.0,58.73,231.62,31573.71,156.65,6673.82,0,0,0,29200,5.0,BENIGN
22,33179.0,30.0,4.0,1895.0,776.0,63.16,193.96,80494.38,1024.74,1005.42,1,0,0,65535,0.0,BENIGN
131,46.0,1.0,2.0,1.0,10.0,0.82,5.0,235056.48,65217.39,23.0,1,0,0,0,2.0,PortScan
443,1148.0,36.0,19.0,1908.0,1075.0,52.99,56.6,2598279.19,47909.41,21.26,0,0,1,256,1.0,BENIGN
80,8712.0,5.0,8.0,2234.0,13461.0,446.76,1682.57,1801464.41,1492.19,726.0,0,1,0,29200,2.0,DoS Hulk
53,39740.0,11.0,4.0,1099.0,181.0,99.94,45.21,32213.14,377.45,2838.57,0,1,0,-1,0.0,BENIGN
53,2685.0,11.0,15.0,952.0,5248.0,86.51,349.84,2308846.5,9683.43,107.4,0,0,1,256,1.0,BENIGN
53,2819.0,2.0,5.0,228.0,347.0,114.06,69.34,203901.12,2483.15,469.83,0,1,0,29200,2.0,BENIGN
443,3514270.0,13.0,4.0,238.0,853.0,18.27,213.2,310.26,4.84,219641.88,0,0,1,29200,0.0,BENIGN
75,71.0,1.0,1.0,1.0,2.0,1.31,1.72,42603.38,28169.01,71.0,1,0,0,29200,1.0,PortScan
123,6940.0,3.0,4.0,743.0,881.0,247.77,220.29,234069.99,1008.65,1156.67,0,1,1,8192,1.0,BENIGN
123,69898.0,21.0,4.0,1306.0,5630.0,62.18,1407.62,99234.61,357.66,2912.42,0,1,0,-1,0.0,BENIGN
8080,87134.0,3.0,5.0,324.0,771.0,107.93,154.21,12564.89,91.81,12447.71,0,1,0,256,2.0,BENIGN
80,4474276.0,9.0,10.0,610.0,1448.0,67.75,144.75,459.79,4.25,248570.89,0,1,0,8192,1.0,Web Attack - Brute Force
80,661216.0,4.0,8.0,185.0,371.0,46.37,46.42,842.18,18.15,60110.55,0,0,0,-1,2.0,BENIGN
80,94302.0,6.0,6.0,520.0,116.0,86.73,19.28,6745.01,127.25,8572.91,0,1,0,8192,1.0,Bot
443,214927.0,37.0,9.0,550.0,3729.0,14.86,414.28,19906.63,214.03,4776.16,0,1,0,65535,0.0,BENIGN
8080,172.0,3.0,4.0,267.0,516.0,88.98,129.05,4553130.72,40697.67,28.67,0,1,1,8192,1.0,Bot
22,91726.0,4.0,20.0,46.0,1070.0,11.39,53.5,12161.43,261.65,3988.09,1,0,0,65535,5.0,BENIGN
80,23154.0,14.0,2.0,3768.0,2.0,269.11,0.95,162797.38,691.03,1543.6,0,0,0,8192,0.0,BENIGN
53,8770.0,18.0,18.0,866.0,485.0,48.12,26.96,154093.58,4104.9,250.57,0,0,0,8192,1.0,BENIGN
123,240002.0,38.0,6.0,446.0,615.0,11.73,102.52,4420.14,183.33,5581.44,0,0,0,29200,0.0,BENIGN
123,21013.0,6.0,1.0,167.0,169.0,27.87,168.89,15995.58,333.13,3502.17,0,0,1,-1,0.0,BENIGN
80,246810.0,7.0,5.0,2097.0,12853.0,299.54,2570.54,60570.75,48.62,22437.27,0,0,0,251,1.0,DoS Hulk
80,259165.0,4.0,8.0,1046.0,11264.0,261.58,1407.98,47499.4,46.3,23560.45,0,1,1,251,2.0,DoS Hulk
53,23055.0,19.0,2.0,3244.0,83.0,170.71,41.58,144292.91,910.87,1152.75,0,0,1,-1,0.0,BENIGN
80,23500.0,8.0,2.0,1530.0,2575.0,191.22,1287.3,174654.57,425.53,2611.11,0,1,0,251,0.0,DoS Hulk
22,37716.0,1.0,98.0,73.0,9545.0,72.82,97.4,255007.95,2624.88,384.86,0,0,0,-1,98.0,BENIGN
443,204995.0,1.0,17.0,73.0,46573.0,72.75,2739.59,227545.81,87.81,12058.53,0,0,1,65535,17.0,BENIGN
8080,7774.0,4.0,4.0,420.0,376.0,104.97,93.94,102347.31,1029.07,1110.57,0,0,0,8192,1.0,BENIGN
443,279857.0,10.0,2.0,654.0,86.0,65.42,43.12,2645.88,42.88,25441.55,0,0,1,-1,0.0,BENIGN
123,14011.0,5.0,2.0,2734.0,78.0,546.78,38.79,200659.99,499.61,2335.17,0,0,0,65535,0.0,BENIGN
22,802691.0,20.0,6.0,2141.0,91.0,107.04,15.1,2779.8,32.39,32107.64,0,0,0,-1,0.0,BENIGN
443,682938.0,3.0,4.0,478.0,642.0,159.38,160.59,1640.75,10.25,113823.0,0,1,0,-1,1.0,BENIGN
80,7099.0,7.0,21.0,265.0,5160.0,37.8,245.73,764188.28,3944.22,262.93,0,0,1,8192,3.0,BENIGN
80,1345624.0,2.0,6.0,105.0,2302.0,52.26,383.7,1788.53,5.95,192232.0,0,0,1,8192,3.0,BENIGN
53,9298.0,3.0,12.0,66.0,324.0,21.88,27.03,41945.24,1613.25,664.14,0,0,0,256,4.0,BENIGN
80,106671.0,3.0,5.0,762.0,8772.0,253.87,1754.4,89374.15,75.0,15238.71,0,1,0,29200,2.0,DoS Hulk
80,798545.0,7.0,6.0,34.0,15453.0,4.85,2575.57,19394.5,16.28,66545.42,0,0,1,256,1.0,DDoS
80,450233.0,4.0,1.0,197.0,462.0,49.24,461.89,1463.33,11.11,112558.25,1,0,0,29200,0.0,BENIGN
22,22290.0,1.0,53.0,96.0,16704.0,95.92,315.18,753718.81,2422.61,420.57,0,1,0,65535,53.0,BENIGN
80,59736.0,4.0,2.0,900.0,11234.0,225.07,5617.01,203131.73,100.44,11947.2,0,0,0,251,0.0,DoS Hulk
691,45.0,1.0,1.0,1.0,23.0,0.67,23.37,534279.07,44444.44,45.0,1,0,0,0,1.0,PortScan
80,14891681.0,20.0,5.0,632.0,1778.0,31.58,355.68,161.83,1.68,620486.71,0,0,1,8192,0.0,BENIGN
53,34078.0,5.0,3.0,240.0,95.0,47.96,31.72,9830.21,234.76,4868.29,0,0,1,8192,1.0,BENIGN
22,260865.0,5.0,8.0,843.0,10324.0,168.58,1290.47,42806.3,49.83,21738.75,0,0,0,8192,2.0,BENIGN
80,194012.0,3.0,10.0,410.0,27517.0,136.77,2751.73,143947.89,67.01,16167.67,0,1,0,251,3.0,DoS Hulk
80,39.0,15.0,39.0,825.0,303.0,54.99,7.77,28920391.98,1384615.38,0.74,0,1,0,65535,3.0,BENIGN
8080,15212.0,11.0,6.0,608.0,1294.0,55.29,215.74,125071.19,1117.54,950.75,0,1,0,65535,1.0,BENIGN
80,48997.0,2.0,4.0,966.0,12614.0,483.14,3153.56,277170.43,122.46,9799.4,0,1,0,29200,2.0,DoS Hulk
443,2865.0,4.0,52.0,91.0,8755.0,22.8,168.36,3087557.71,19546.25,52.09,0,0,0,29200,13.0,BENIGN
80,23716743.0,7.0,7.0,502.0,2637.0,71.66,376.65,132.32,0.59,1824364.85,0,0,0,65535,1.0,BENIGN
53,432356.0,13.0,23.0,399.0,4580.0,30.66,199.13,11515.1,83.26,12353.03,0,1,0,-1,2.0,BENIGN
80,312945.0,5.0,3.0,74.0,6901.0,14.85,2300.18,22287.5,25.56,44706.43,0,0,1,256,1.0,DDoS
80,21161.0,6.0,5.0,4265.0,5328.0,710.79,1065.59,453319.33,519.82,2116.1,0,1,0,251,1.0,DoS Hulk
80,5220347.0,9.0,6.0,599.0,407.0,66.6,67.85,192.81,2.87,372881.93,0,0,0,29200,1.0,Web Attack - Brute Force
22,123290.0,8.0,3.0,512.0,329.0,64.05,109.61,6823.48,89.22,12329.0,0,0,1,29200,0.0,BENIGN
8080,224928.0,9.0,2.0,278.0,190.0,30.84,94.83,2077.04,48.9,22492.8,0,0,1,29200,0.0,BENIGN
80,40679.0,10.0,25.0,276.0,41333.0,27.57,1653.31,1022845.81,860.39,1196.44,0,1,1,29200,2.0,BENIGN
422,136.0,1.0,1.0,2.0,2.0,2.09,1.94,29612.41,14705.88,136.0,1,0,0,1024,1.0,PortScan
22,44858.0,9.0,10.0,644.0,1315.0,71.61,131.51,43684.25,423.56,2492.11,1,0,0,29200,1.0,BENIGN
22,255747.0,22.0,2.0,5792.0,322.0,263.27,160.93,23905.64,93.84,11119.43,0,1,0,8192,0.0,BENIGN
80,11372.0,9.0,11.0,4238.0,10692.0,470.92,972.04,1312937.75,1758.71,598.53,0,1,1,251,1.0,DoS Hulk
80,65517.0,2.0,5.0,8.0,29431.0,3.87,5886.23,449331.79,106.84,10919.5,0,0,1,256,2.0,DDoS
8080,3711.0,1.0,3.0,39.0,641.0,39.39,213.75,183409.99,1077.88,1237.0,1,0,1,65535,3.0,BENIGN
53,28098.0,36.0,3.0,2890.0,843.0,80.28,281.15,132878.75,1388.0,739.42,0,1,0,29200,0.0,BENIGN
443,771443.0,9.0,3.0,187.0,396.0,20.73,132.14,755.68,15.56,70131.18,0,0,0,8192,0.0,BENIGN
123,70967.0,5.0,12.0,88.0,337.0,17.63,28.05,5984.83,239.55,4435.44,0,1,0,8192,2.0,BENIGN
123,50516.0,1.0,1.0,14.0,585.0,14.43,585.02,11866.62,39.59,50516.0,0,1,0,29200,1.0,BENIGN
22,48600.0,11.0,2.0,148.0,169.0,13.45,84.5,6521.69,267.49,4050.0,0,1,1,29200,0.0,BENIGN
22,1602411.0,12.0,23.0,1709.0,9716.0,142.38,422.45,7129.9,21.84,47129.74,0,0,0,256,2.0,BENIGN
80,742237.0,4.0,4.0,48.0,19409.0,11.88,4852.35,26213.86,10.78,106033.86,0,0,1,8192,1.0,DDoS
123,157.0,2.0,2.0,139.0,2009.0,69.43,1004.57,13681531.76,25477.71,52.33,0,1,0,-1,1.0,BENIGN
123,8826255.0,9.0,1.0,1774.0,227.0,197.11,227.24,226.74,1.13,980695.0,0,1,1,8192,0.0,BENIGN
123,45576.0,1.0,14.0,85.0,1000.0,85.2,71.41,23804.86,329.12,3255.43,0,1,0,29200,14.0,BENIGN
22,23456.0,7.0,6.0,80.0,713.0,11.38,118.78,33778.09,554.23,1954.67,0,0,1,-1,1.0,BENIGN
53,483845.0,2.0,5.0,61.0,2311.0,30.68,462.26,4903.73,14.47,80640.83,0,0,0,8192,2.0,BENIGN
123,26142.0,2.0,3.0,10.0,92.0,4.82,30.56,3875.66,191.26,6535.5,0,0,0,8192,2.0,BENIGN
8080,56994.0,4.0,5.0,225.0,579.0,56.35,115.73,14108.22,157.91,7124.25,0,0,0,65535,1.0,Bot
80,16066.0,4.0,2.0,2112.0,2835.0,528.09,1417.32,307916.62,373.46,3213.2,0,0,0,251,0.0,DoS Hulk
22,27652.0,3.0,3.0,2213.0,342.0,737.57,113.84,92371.52,216.98,5530.4,0,1,0,29200,1.0,BENIGN
80,59887.0,8.0,2.0,5836.0,3986.0,729.49,1993.15,164013.28,166.98,6654.11,0,0,0,29200,0.0,DoS Hulk
22,238635.0,3.0,24.0,134.0,559.0,44.54,23.27,2900.63,113.14,9178.27,0,0,0,65535,8.0,BENIGN
8080,15724.0,35.0,43.0,533.0,7409.0,15.22,172.3,505054.07,4960.57,204.21,0,1,1,-1,1.0,BENIGN
80,1032648.0,3.0,4.0,37.0,14121.0,12.45,3530.3,13710.91,6.78,172108.0,0,0,1,256,1.0,DDoS
8080,652.0,3.0,0.0,425.0,0.0,141.81,0.0,652514.24,4601.23,326.0,0,1,0,-1,0.0,BENIGN
22,29008.0,1.0,4.0,28.0,300.0,27.82,75.12,11317.32,172.37,7252.0,0,0,1,-1,4.0,BENIGN
123,33119.0,38.0,6.0,4670.0,2562.0,122.91,427.05,218385.53,1328.54,770.21,0,0,0,-1,0.0,BENIGN
443,8038.0,1.0,11.0,37.0,1878.0,37.2,170.75,238294.21,1492.91,730.73,0,0,0,8192,11.0,BENIGN
80,310828.0,6.0,22.0,679.0,9997.0,113.23,454.42,34348.99,90.08,11512.15,0,0,0,29200,4.0,BENIGN
80,107863.0,1.0,40.0,20.0,11595.0,20.15,289.87,107681.87,380.11,2696.58,0,1,1,-1,40.0,BENIGN
8080,865580.0,17.0,2.0,341.0,76.0,20.07,37.76,481.39,21.95,48087.78,0,1,0,-1,0.0,BENIGN
80,123932.0,4.0,2.0,1569.0,1315.0,392.23,657.41,23268.77,48.41,24786.4,0,1,0,29200,0.0,DoS Hulk
443,24464.0,3.0,10.0,53.0,382.0,17.54,38.19,17760.7,531.39,2038.67,0,0,0,8192,3.0,BENIGN
443,1914.0,7.0,10.0,1416.0,477.0,202.25,47.67,988729.33,8881.92,119.62,0,1,0,-1,1.0,BENIGN
80,4248412.0,2.0,7.0,15.0,10558.0,7.4,1508.23,2488.56,2.12,531051.5,0,0,1,256,4.0,DDoS
80,9101.0,3.0,1.0,21.0,263.0,6.91,263.33,31211.71,439.51,3033.67,0,1,1,-1,0.0,BENIGN
532,18.0,1.0,1.0,1.0,6.0,1.09,5.81,383124.89,111111.11,18.0,1,0,0,1024,1.0,PortScan
8080,155310.0,15.0,2.0,2313.0,6143.0,154.22,3071.51,54447.5,109.46,9706.88,0,0,0,256,0.0,BENIGN
416,25.0,1.0,1.0,0.0,10.0,0.47,9.9,415074.63,80000.0,25.0,1,0,0,0,1.0,PortScan
939,108.0,1.0,1.0,2.0,2.0,1.72,2.0,34468.97,18518.52,108.0,1,0,0,0,1.0,PortScan
22,206526.0,3.0,6.0,205.0,827.0,68.25,137.77,4993.94,43.58,25815.75,0,0,0,-1,2.0,BENIGN
443,390547.0,3.0,3.0,159.0,312.0,53.02,103.98,1206.02,15.36,78109.4,0,0,0,65535,1.0,BENIGN
123,13916.0,14.0,2.0,1743.0,180.0,124.47,89.91,138142.76,1149.76,927.73,0,1,1,29200,0.0,BENIGN
80,125420.0,15.0,3.0,8090.0,5342.0,539.34,1780.57,107094.94,143.52,7377.65,0,1,0,251,0.0,DoS Hulk
601,95.0,1.0,1.0,1.0,1.0,1.41,1.13,26736.93,21052.63,95.0,1,0,0,1024,1.0,PortScan
80,914178.0,27.0,10.0,5084.0,634.0,188.28,63.38,6254.18,40.47,25393.83,0,1,0,8192,0.0,Web Attack - Brute Force
443,13207.0,2.0,24.0,209.0,313.0,104.72,13.05,39574.49,1968.65,528.28,0,1,0,65535,12.0,BENIGN
123,111985.0,6.0,7.0,59.0,776.0,9.9,110.92,7463.92,116.09,9332.08,0,0,0,256,1.0,BENIGN
80,21688535.0,3.0,2.0,20.0,3823.0,6.54,1911.51,177.17,0.23,5422133.75,0,0,1,256,1.0,DDoS
80,5025.0,21.0,8.0,2135.0,1649.0,101.65,206.16,753035.18,5771.14,179.46,0,0,1,8192,0.0,BENIGN
80,174063.0,4.0,4.0,727.0,8150.0,181.78,2037.54,51000.42,45.96,24866.14,0,0,1,29200,1.0,DoS Hulk
53,18584.0,30.0,11.0,5047.0,5737.0,168.22,521.54,580258.19,2206.2,464.6,0,0,1,8192,0.0,BENIGN
80,232616.0,3.0,5.0,111.0,1613.0,36.95,322.52,7409.02,34.39,33230.86,0,1,1,8192,2.0,BENIGN
80,1764.0,22.0,2.0,191.0,107.0,8.7,53.34,168927.98,13605.44,76.7,0,0,1,29200,0.0,BENIGN
786,36.0,1.0,2.0,2.0,25.0,2.29,12.72,770152.83,83333.33,18.0,1,0,0,29200,2.0,PortScan
80,1548653.0,8.0,3.0,213.0,549.0,26.67,183.08,492.45,7.1,154865.3,0,1,1,256,0.0,BENIGN
80,1414695.0,5.0,5.0,2497.0,5962.0,499.47,1192.39,5979.58,7.07,157188.33,0,0,0,251,1.0,DoS Hulk
22,3920.0,6.0,5.0,205.0,418.0,34.14,83.66,158960.48,2806.12,392.0,0,1,0,29200,1.0,BENIGN
80,114357.0,3.0,15.0,25.0,47533.0,8.45,3168.84,415872.5,157.4,6726.88,1,0,1,256,5.0,DDoS
443,65714.0,10.0,18.0,1039.0,2103.0,103.92,116.83,47814.14,426.09,2433.85,0,0,1,65535,2.0,BENIGN
80,577362.0,6.0,3.0,27.0,15431.0,4.43,5143.69,26772.86,15.59,72170.25,0,0,1,256,0.0,DDoS
616,188.0,1.0,1.0,1.0,1.0,1.01,1.14,11447.37,10638.3,188.0,0,0,0,29200,1.0,PortScan
478,16.0,1.0,1.0,1.0,17.0,0.74,16.61,1084131.43,125000.0,16.0,1,0,0,0,1.0,PortScan
22,202.0,5.0,36.0,93.0,3875.0,18.58,107.64,19643596.66,202970.3,5.05,0,0,0,-1,7.0,BENIGN
224,41.0,2.0,2.0,2.0,2.0,1.01,1.11,103676.43,97560.98,13.67,1,0,0,0,1.0,PortScan
443,10771899.0,16.0,54.0,517.0,3547.0,32.29,65.68,377.2,6.5,156114.48,0,0,0,8192,3.0,BENIGN
80,12639.0,7.0,5.0,300.0,396.0,42.92,79.19,55099.47,949.44,1149.0,0,0,0,65535,1.0,BENIGN
53,11622.0,15.0,13.0,2380.0,1171.0,158.67,90.06,305527.05,2409.22,430.44,0,0,1,8192,1.0,BENIGN
80,4248.0,2.0,32.0,20.0,5338.0,9.9,166.83,1261350.61,8003.77,128.73,0,0,0,8192,16.0,BENIGN
8080,12594.0,2.0,2.0,387.0,436.0,193.68,218.12,65396.64,317.61,4198.0,0,0,0,65535,1.0,BENIGN
8080,7329.0,8.0,21.0,144.0,854.0,18.01,40.66,136170.68,3956.88,261.75,0,0,0,8192,3.0,BENIGN
53,4918.0,18.0,4.0,2363.0,151.0,131.3,37.77,511266.95,4473.36,234.19,0,1,0,-1,0.0,BENIGN
22,376607.0,23.0,10.0,1400.0,1025.0,60.87,102.48,6438.4,87.62,11768.97,0,0,1,-1,0.0,BENIGN
53,25123.0,2.0,6.0,2260.0,772.0,1129.85,128.65,120670.43,318.43,3589.0,0,0,1,256,3.0,BENIGN
80,678641.0,34.0,2.0,1412.0,382.0,41.54,190.77,2643.26,53.05,19389.74,0,0,1,8192,0.0,BENIGN
8080,22469.0,9.0,5.0,495.0,1020.0,54.99,204.03,67429.78,623.08,1728.38,1,1,0,65535,1.0,BENIGN
123,304517.0,7.0,12.0,350.0,2150.0,49.96,179.14,8207.78,62.39,16917.61,1,0,1,-1,2.0,BENIGN
53,537749.0,3.0,3.0,92.0,1159.0,30.8,386.35,2327.22,11.16,107549.8,0,0,0,29200,1.0,BENIGN
80,26867.0,7.0,10.0,303.0,1900.0,43.25,190.0,81986.97,632.75,1679.19,0,0,0,8192,1.0,BENIGN
8080,54073.0,6.0,7.0,160.0,221.0,26.68,31.58,7048.95,240.42,4506.08,0,0,1,65535,1.0,BENIGN
8080,192037.0,3.0,6.0,896.0,3832.0,298.68,638.66,24620.34,46.87,24004.62,0,1,0,-1,2.0,BENIGN
53,318503.0,6.0,6.0,2064.0,3894.0,343.96,648.97,18704.84,37.68,28954.82,1,0,0,256,1.0,BENIGN
52,24.0,1.0,1.0,2.0,9.0,2.25,9.22,477800.51,83333.33,24.0,0,0,0,29200,1.0,PortScan
123,577.0,24.0,1.0,6202.0,634.0,258.42,633.79,11847088.66,43327.56,24.04,0,0,0,65535,0.0,BENIGN
8080,79594.0,3.0,2.0,244.0,120.0,81.2,60.0,4568.28,62.82,19898.5,0,0,0,65535,1.0,BENIGN
80,1514.0,8.0,20.0,1529.0,644.0,191.07,32.19,1434887.79,18494.06,56.07,0,0,0,29200,2.0,BENIGN
22,91516.0,59.0,2.0,5748.0,4753.0,97.43,2376.37,114743.66,666.55,1525.27,0,0,0,65535,0.0,BENIGN
8080,1283479.0,20.0,36.0,967.0,4138.0,48.33,114.94,3976.96,43.63,23335.98,0,0,1,29200,2.0,BENIGN
8080,1519322.0,1.0,33.0,126.0,5476.0,126.17,165.94,3687.28,22.38,46040.06,0,0,0,256,33.0,BENIGN
8080,148544.0,5.0,2.0,150.0,1556.0,30.05,778.24,11489.85,47.12,24757.33,0,0,0,65535,0.0,BENIGN
123,1576340.0,2.0,19.0,310.0,3686.0,155.24,194.02,2535.53,13.32,78817.0,0,1,0,29200,10.0,BENIGN
123,21569.0,1.0,2.0,10.0,144.0,10.15,72.2,7164.94,139.09,10784.5,0,0,0,256,2.0,BENIGN
8080,52681.0,12.0,4.0,124.0,1959.0,10.3,489.68,39527.51,303.71,3512.07,0,0,0,8192,0.0,BENIGN
80,3095.0,43.0,0.0,1433.0,0.0,33.34,0.0,463138.78,13893.38,73.69,0,0,0,29200,0.0,BENIGN
123,390869.0,15.0,12.0,553.0,479.0,36.86,39.92,2640.21,69.08,15033.42,0,1,0,29200,1.0,BENIGN
80,119982.0,3.0,2.0,8.0,5728.0,2.68,2864.02,47807.76,41.67,29995.5,0,0,1,256,1.0,DDoS
80,1332809.0,3.0,5.0,29.0,33530.0,9.76,6706.0,25179.35,6.0,190401.29,0,1,1,256,2.0,DDoS
8080,675018.0,6.0,30.0,8310.0,5414.0,1385.05,180.48,20332.36,53.33,19286.23,0,0,1,8192,5.0,BENIGN
53,694173.0,4.0,24.0,125.0,14900.0,31.33,620.82,21644.27,40.34,25710.11,0,0,0,-1,6.0,BENIGN
443,133536.0,6.0,3.0,308.0,256.0,51.26,85.32,4219.68,67.4,16692.0,0,1,0,-1,0.0,BENIGN
443,2065.0,2.0,2.0,89.0,480.0,44.45,239.79,275290.83,1937.05,688.33,0,0,1,65535,1.0,BENIGN
443,41.0,3.0,7.0,506.0,140.0,168.51,19.94,15734310.29,243902.44,4.56,0,1,1,29200,2.0,BENIGN
22,77251.0,38.0,2.0,578.0,98.0,15.2,48.78,8742.02,517.79,1980.79,0,0,0,65535,0.0,BENIGN
443,1811428.0,3.0,5.0,217.0,482.0,72.48,96.43,386.22,4.42,258775.43,0,1,0,8192,2.0,BENIGN
272,143.0,2.0,1.0,1.0,1.0,0.54,1.16,15701.56,20979.02,71.5,1,0,0,1024,0.0,PortScan
80,26925.0,8.0,12.0,724.0,7738.0,90.45,644.87,314283.25,742.8,1417.11,0,1,0,8192,2.0,BENIGN
443,164486.0,7.0,4.0,620.0,356.0,88.63,89.09,5938.36,66.87,16448.6,0,0,0,8192,1.0,Bot
8080,214176.0,3.0,2.0,85.0,916.0,28.39,458.01,4674.57,23.35,53544.0,0,1,1,8192,1.0,BENIGN
80,407292.0,4.0,10.0,727.0,9249.0,181.67,924.86,24491.72,34.37,31330.15,0,0,0,29200,2.0,DoS Hulk
8080,201389.0,4.0,12.0,1021.0,3466.0,255.31,288.84,22281.78,79.45,13425.93,0,0,1,8192,3.0,BENIGN
80,1104561.0,3.0,8.0,31.0,13289.0,10.22,1661.15,12058.96,9.96,110456.1,0,0,0,8192,3.0,DDoS
80,570.0,6.0,6.0,259.0,1617.0,43.21,269.53,3292014.92,21052.63,51.82,0,1,1,-1,1.0,BENIGN
484,40.0,1.0,1.0,1.0,12.0,1.07,12.44,337837.02,50000.0,40.0,0,0,0,29200,1.0,PortScan
8080,6066.0,50.0,2.0,4856.0,1695.0,97.13,847.68,1080069.39,8572.37,118.94,0,0,0,29200,0.0,BENIGN
80,68795.0,3.0,11.0,22.0,16432.0,7.17,1493.83,239168.63,203.5,5291.92,0,0,1,8192,4.0,DDoS
80,1368795.0,7.0,5.0,1979.0,13731.0,282.73,2746.26,11477.56,8.77,124435.91,0,1,1,251,1.0,DoS Hulk
80,97554.0,8.0,14.0,90.0,11650.0,11.29,832.17,120351.37,225.52,4645.43,0,1,0,29200,2.0,BENIGN
53,154034.0,2.0,3.0,58.0,784.0,29.16,261.26,5466.97,32.46,38508.5,0,0,0,29200,2.0,BENIGN
80,1790582.0,13.0,62.0,618.0,14249.0,47.5,229.82,8302.67,41.89,24197.05,0,0,1,65535,5.0,BENIGN
80,580116.0,5.0,3.0,552.0,714.0,110.5,238.15,2183.96,13.79,82873.71,0,0,0,8192,1.0,BENIGN
8080,23696.0,39.0,7.0,1159.0,235.0,29.72,33.52,58813.88,1941.26,526.58,0,1,1,-1,0.0,BENIGN
53,21572.0,6.0,1.0,557.0,242.0,92.76,242.32,37034.33,324.49,3595.33,0,0,1,256,0.0,BENIGN
443,350225.0,6.0,7.0,317.0,3752.0,52.88,536.07,11620.38,37.12,29185.42,0,0,0,65535,1.0,BENIGN
53,672438.0,6.0,2.0,56.0,255.0,9.41,127.67,463.65,11.9,96062.57,0,1,0,8192,0.0,BENIGN
22,188955.0,14.0,5.0,1279.0,5524.0,91.33,1104.76,36000.45,100.55,10497.5,0,0,1,-1,0.0,BENIGN
22,43020.0,1.0,4.0,21.0,90.0,21.27,22.46,2582.84,116.23,10755.0,1,0,1,65535,4.0,BENIGN
443,21853.0,25.0,16.0,15003.0,1871.0,600.11,116.96,772169.15,1876.17,546.33,0,1,0,8192,1.0,BENIGN
8080,65592.0,1.0,2.0,38.0,2185.0,38.11,1092.64,33897.18,45.74,32796.0,0,0,0,256,2.0,BENIGN
443,8141.0,4.0,3.0,777.0,1323.0,194.19,441.15,257977.77,859.85,1356.83,0,0,0,65535,1.0,BENIGN
80,335881.0,5.0,7.0,1178.0,5527.0,235.61,789.63,19963.83,35.73,30534.64,0,1,0,251,1.0,DoS Hulk
80,1305052.0,6.0,20.0,129.0,12152.0,21.48,607.59,9410.06,19.92,52202.08,0,0,1,8192,3.0,Web Attack - Brute Force
443,5951.0,17.0,22.0,944.0,5551.0,55.51,252.31,1091307.62,6553.52,156.61,0,0,0,65535,1.0,BENIGN
53,45510.0,11.0,4.0,310.0,300.0,28.15,74.96,13391.33,329.6,3250.71,0,0,1,256,0.0,BENIGN
8080,225294.0,17.0,8.0,1465.0,4221.0,86.2,527.65,25240.98,110.97,9387.25,0,1,1,29200,0.0,BENIGN
409,26.0,2.0,1.0,2.0,4.0,0.99,3.57,213628.68,115384.62,13.0,0,0,0,29200,0.0,PortScan
80,824831.0,7.0,18.0,167.0,2355.0,23.87,130.84,3057.9,30.31,34367.96,0,0,0,256,3.0,BENIGN
123,196171.0,27.0,36.0,1311.0,3362.0,48.54,93.38,23817.39,321.15,3164.05,0,0,1,256,1.0,BENIGN
443,2370781.0,15.0,54.0,697.0,10029.0,46.48,185.72,4524.28,29.1,34864.43,0,0,0,-1,4.0,BENIGN
167,14.0,1.0,1.0,4.0,2.0,4.05,2.05,435606.49,142857.14,14.0,0,0,0,1024,1.0,PortScan
443,21197.0,8.0,16.0,202.0,3603.0,25.26,225.16,179486.65,1132.24,921.61,0,1,1,256,2.0,BENIGN
80,92897.0,12.0,13.0,266.0,628.0,22.21,48.28,9624.26,269.12,3870.71,0,0,0,8192,1.0,BENIGN
123,22197.0,3.0,4.0,84.0,1263.0,27.91,315.8,60680.65,315.36,3699.5,0,0,1,8192,1.0,BENIGN
846,90.0,1.0,1.0,1.0,5.0,1.06,4.78,64910.68,22222.22,90.0,0,0,0,29200,1.0,PortScan
53,6960.0,3.0,3.0,127.0,927.0,42.18,308.98,151359.52,862.07,1392.0,0,0,0,29200,1.0,BENIGN
8080,407244.0,4.0,0.0,214.0,0.0,53.58,0.0,526.3,9.82,135748.0,0,0,1,256,0.0,BENIGN
80,497904.0,4.0,3.0,42.0,8412.0,10.42,2804.02,16978.69,14.06,82984.0,0,0,1,8192,1.0,DDoS
22,274280.0,43.0,12.0,4084.0,12321.0,94.97,1026.71,59808.2,200.53,5079.26,0,0,1,256,0.0,BENIGN
123,960226.0,10.0,2.0,4551.0,71.0,455.06,35.47,4812.99,12.5,87293.27,0,0,0,65535,0.0,BENIGN
53,752977.0,6.0,1.0,24.0,35.0,4.03,34.78,78.32,9.3,125496.17,0,1,0,29200,0.0,BENIGN
80,54783.0,5.0,4.0,1487.0,7612.0,297.36,1903.03,166089.88,164.28,6847.88,0,0,0,251,1.0,DoS Hulk
443,71686.0,31.0,12.0,1595.0,385.0,51.44,32.12,27621.0,599.84,1706.81,0,0,0,256,0.0,BENIGN
123,132090.0,7.0,89.0,414.0,119303.0,59.2,1340.48,906329.96,726.78,1390.42,0,0,1,256,13.0,BENIGN
443,181.0,17.0,2.0,713.0,155.0,41.92,77.29,4791077.07,104972.38,10.06,0,1,0,8192,0.0,BENIGN
80,3173514.0,10.0,4.0,1277.0,2034.0,127.66,508.42,1043.11,4.41,244116.46,0,1,0,8192,0.0,Web Attack - Brute Force
123,12275522.0,7.0,29.0,630.0,841.0,89.96,29.0,119.81,2.93,350729.2,1,1,0,29200,4.0,BENIGN
760,106.0,1.0,1.0,1.0,8.0,1.05,7.84,83873.24,18867.92,106.0,1,0,0,1024,1.0,PortScan
53,855660.0,16.0,58.0,1135.0,9147.0,70.93,157.71,12016.35,86.48,11721.37,0,0,0,29200,4.0,BENIGN
80,311362.0,2.0,4.0,303.0,1789.0,151.49,447.16,6717.68,19.27,62272.4,0,0,1,256,2.0,BENIGN
80,336305.0,3.0,2.0,23.0,11382.0,7.83,5690.98,33914.02,14.87,84076.25,0,0,1,256,1.0,DDoS
80,18057.0,4.0,5.0,1957.0,6773.0,489.19,1354.5,483429.71,498.42,2257.12,0,1,0,29200,1.0,DoS Hulk
123,16985.0,4.0,4.0,727.0,19.0,181.64,4.7,43884.26,471.0,2426.43,0,1,0,8192,1.0,BENIGN
443,1173809.0,3.0,17.0,60.0,5184.0,19.99,304.92,4467.22,17.04,61779.42,0,0,1,29200,6.0,BENIGN
80,1566703.0,3.0,7.0,45.0,23785.0,14.96,3397.87,15210.25,6.38,174078.11,0,0,1,8192,2.0,DDoS
80,5921636.0,7.0,10.0,1007.0,4155.0,143.79,415.5,871.63,2.87,370102.25,0,0,0,29200,1.0,Web Attack - Brute Force
8080,75424.0,5.0,132.0,1595.0,61932.0,319.05,469.18,842268.92,1816.4,554.59,0,0,1,65535,26.0,BENIGN
80,92675.0,2.0,4.0,1850.0,9187.0,925.22,2296.79,119100.04,64.74,18535.0,0,1,0,29200,2.0,DoS Hulk
22,23846.0,16.0,18.0,790.0,39807.0,49.4,2211.49,1702469.03,1425.82,722.61,0,0,0,256,1.0,BENIGN
80,40217.0,5.0,4.0,1574.0,868.0,314.81,216.97,60719.15,223.79,5027.12,0,0,0,-1,1.0,BENIGN
22,1043.0,14.0,24.0,279.0,4601.0,19.9,191.73,4678862.11,36433.37,28.19,0,1,0,65535,2.0,BENIGN
80,1136575.0,8.0,36.0,114.0,7972.0,14.22,221.46,7114.52,38.71,26431.98,0,1,0,256,4.0,BENIGN
22,31018.0,13.0,5.0,152.0,1106.0,11.68,221.22,40555.11,580.31,1824.59,0,0,0,65535,0.0,BENIGN
123,13588.0,26.0,18.0,1396.0,3145.0,53.69,174.75,334230.39,3238.15,316.0,0,0,1,256,1.0,BENIGN
443,495083.0,4.0,7.0,114.0,2276.0,28.5,325.15,4827.61,22.22,49508.3,0,0,0,8192,2.0,Bot
123,6987.0,4.0,4.0,161.0,81.0,40.32,20.2,34645.43,1144.98,998.14,0,0,1,29200,1.0,BENIGN
80,1630548.0,4.0,4.0,28.0,18337.0,7.01,4584.16,11262.89,4.91,232935.43,0,0,1,8192,1.0,DDoS
22,19463.0,2.0,26.0,168.0,2144.0,84.08,82.45,118783.19,1438.63,720.85,0,0,0,256,13.0,BENIGN
80,84182.0,7.0,4.0,64.0,6826.0,9.13,1706.5,81845.41,130.67,8418.2,0,0,0,8192,1.0,DDoS
443,4246.0,12.0,6.0,330.0,192.0,27.52,32.01,123001.15,4239.28,249.76,0,0,1,65535,0.0,BENIGN
123,21433.0,5.0,2.0,102.0,1142.0,20.31,571.14,58032.78,326.6,3572.17,0,1,0,29200,0.0,BENIGN
443,7530588.0,11.0,6.0,400.0,89.0,36.33,14.87,64.92,2.26,470661.75,0,1,1,8192,1.0,BENIGN
53,18910.0,14.0,36.0,452.0,32245.0,32.3,895.7,1729099.75,2644.1,385.92,0,1,0,65535,3.0,BENIGN
80,60341.0,4.0,21.0,151.0,19899.0,37.73,947.57,332276.55,414.31,2514.21,0,1,0,65535,5.0,BENIGN
443,584646.0,6.0,6.0,532.0,1690.0,88.71,281.63,3800.73,20.53,53149.64,0,1,0,8192,1.0,Bot
8080,8099.0,4.0,2.0,464.0,369.0,115.9,184.57,102822.05,740.83,1619.8,0,1,0,29200,0.0,BENIGN
537,120.0,1.0,1.0,1.0,4.0,0.87,4.19,42191.4,16666.67,120.0,1,0,0,29200,1.0,PortScan
123,7971.0,2.0,14.0,481.0,2674.0,240.4,191.01,395799.18,2007.28,531.4,0,1,1,-1,7.0,BENIGN
8080,2402.0,3.0,17.0,23.0,1298.0,7.56,76.35,549805.9,8326.39,126.42,0,0,1,65535,6.0,BENIGN
80,97923.0,19.0,6.0,2346.0,873.0,123.48,145.47,32871.31,255.3,4080.12,0,0,1,-1,0.0,BENIGN
443,129839.0,6.0,1.0,781.0,123.0,130.23,122.83,6964.1,53.91,21639.83,0,0,1,-1,0.0,BENIGN
123,178.0,11.0,3.0,403.0,2132.0,36.65,710.64,14242096.44,78651.69,13.69,1,0,0,29200,0.0,BENIGN
22,53848.0,60.0,7.0,14366.0,950.0,239.44,135.77,284440.11,1244.24,815.88,0,0,1,256,0.0,BENIGN
123,2574760.0,9.0,1.0,358.0,87.0,39.79,86.65,172.73,3.88,286084.44,0,1,0,29200,0.0,BENIGN
123,121354.0,9.0,5.0,282.0,618.0,31.28,123.6,7412.55,115.36,9334.92,0,0,1,65535,1.0,BENIGN
123,64686.0,6.0,17.0,97.0,1600.0,16.2,94.12,26237.65,355.56,2940.27,0,1,0,65535,3.0,BENIGN
443,62.0,7.0,7.0,2798.0,240.0,399.69,34.22,48989933.45,225806.45,4.77,0,0,1,65535,1.0,BENIGN
123,131109.0,1.0,10.0,76.0,415.0,75.6,41.52,3743.8,83.9,13110.9,0,0,0,65535,10.0,BENIGN
53,4441.0,40.0,3.0,3243.0,688.0,81.08,229.29,885189.43,9682.5,105.74,0,0,1,29200,0.0,BENIGN
123,64988.0,4.0,1.0,170.0,47.0,42.48,46.53,3330.57,76.94,16247.0,0,0,1,-1,0.0,BENIGN
123,186.0,1.0,1.0,11.0,701.0,11.4,701.42,3832357.19,10752.69,186.0,0,1,0,65535,1.0,BENIGN
80,645280.0,4.0,3.0,47.0,5841.0,11.87,1946.84,9124.74,10.85,107546.67,0,0,0,256,1.0,DDoS
80,616367.0,2.0,3.0,17.0,172.0,8.7,57.4,307.59,8.11,154091.75,0,0,0,-1,2.0,BENIGN
683,28.0,1.0,2.0,2.0,3.0,1.75,1.64,179761.95,107142.86,14.0,1,0,0,1024,2.0,PortScan
22,57866.0,10.0,11.0,941.0,206.0,94.13,18.73,19826.87,362.91,2893.3,0,0,1,65535,1.0,BENIGN
53,325626.0,5.0,13.0,338.0,3874.0,67.69,298.01,12936.97,55.28,19154.47,0,0,0,65535,3.0,BENIGN
443,6350.0,19.0,4.0,430.0,418.0,22.62,104.45,133474.58,3622.05,288.64,0,1,0,65535,0.0,BENIGN
80,462636.0,3.0,2.0,52.0,2556.0,17.24,1277.93,5636.37,10.81,115659.0,0,0,1,256,1.0,DDoS
443,84949.0,8.0,8.0,332.0,458.0,41.46,57.28,9298.28,188.35,5663.27,0,1,0,65535,1.0,BENIGN
776,125.0,1.0,1.0,2.0,5.0,1.83,5.08,55264.33,16000.0,125.0,1,0,0,29200,1.0,PortScan
80,949905.0,4.0,7.0,14.0,12076.0,3.58,1725.12,12727.79,11.58,94990.5,0,0,1,256,2.0,DDoS
123,3359.0,4.0,7.0,1106.0,5077.0,276.58,725.24,1840723.26,3274.78,335.9,0,0,1,8192,2.0,BENIGN
123,423537.0,1.0,19.0,88.0,1188.0,87.51,62.53,3011.63,47.22,22291.42,0,0,0,29200,19.0,BENIGN
22,7578.0,2.0,26.0,336.0,2700.0,168.03,103.86,400684.36,3694.91,280.67,0,0,1,29200,13.0,BENIGN
443,29678.0,1.0,1.0,402.0,267.0,402.21,267.24,22556.92,67.39,29678.0,0,0,0,65535,1.0,BENIGN
443,8831059.0,8.0,11.0,127.0,47372.0,15.89,4306.55,5378.65,2.15,490614.39,0,0,0,29200,1.0,BENIGN
8080,8636.0,16.0,27.0,431.0,2240.0,26.96,82.97,309365.03,4979.16,205.62,0,1,0,256,2.0,BENIGN
175,19.0,1.0,2.0,4.0,2.0,4.36,0.96,330117.39,157894.74,9.5,1,0,0,0,2.0,PortScan
443,1075483.0,10.0,8.0,313.0,403.0,31.29,50.43,666.1,16.74,63263.71,0,1,1,256,1.0,BENIGN
8080,734463.0,3.0,4.0,118.0,2178.0,39.31,544.52,3126.13,9.53,122410.5,0,1,0,65535,1.0,BENIGN
123,174467.0,191.0,1.0,32167.0,457.0,168.42,457.13,186995.71,1100.49,913.44,0,0,0,29200,0.0,BENIGN
80,73090.0,4.0,4.0,70.0,8192.0,17.59,2047.95,113040.59,109.45,10441.43,0,0,1,8192,1.0,DDoS
717,62.0,1.0,1.0,1.0,17.0,0.91,17.37,294992.95,32258.06,62.0,1,0,0,1024,1.0,PortScan
8080,49859.0,7.0,10.0,2008.0,658.0,286.92,65.81,53481.27,340.96,3116.19,0,0,1,65535,1.0,BENIGN
80,108408.0,3.0,7.0,27.0,14426.0,8.98,2060.91,133323.31,92.24,12045.33,0,1,1,8192,2.0,DDoS
8080,742.0,41.0,2.0,1171.0,470.0,28.57,235.24,2212485.54,57951.48,17.67,0,0,0,29200,0.0,BENIGN
443,1035747.0,4.0,2.0,331.0,288.0,82.77,143.81,597.35,5.79,207149.4,0,1,0,29200,0.0,BENIGN
80,1541198.0,1.0,21.0,67.0,18083.0,67.34,861.08,11776.54,14.27,73390.38,1,0,1,-1,21.0,BENIGN
80,309329.0,4.0,3.0,1677.0,3795.0,419.34,1264.93,17690.42,22.63,51554.83,0,1,1,251,1.0,DoS Hulk
8080,182623.0,6.0,12.0,516.0,529.0,86.06,44.06,5722.78,98.56,10742.53,0,0,0,65535,2.0,BENIGN
80,25653.0,6.0,10.0,75.0,718.0,12.56,71.77,30916.11,623.71,1710.2,1,1,1,-1,2.0,BENIGN
22,51995.0,13.0,34.0,404.0,1310.0,31.07,38.53,32962.59,903.93,1130.33,0,1,1,29200,3.0,BENIGN
80,3536168.0,15.0,3.0,1381.0,407.0,92.1,135.8,505.88,5.09,208009.88,0,0,0,29200,0.0,Web Attack - Brute Force
80,184918.0,6.0,5.0,3383.0,7063.0,563.76,1412.61,56487.69,59.49,18491.8,0,0,0,251,1.0,DoS Hulk
80,117056.0,1.0,11.0,62.0,3117.0,62.22,283.34,27157.51,102.52,10641.45,0,0,0,256,11.0,BENIGN
22,232231.0,9.0,5.0,1024.0,106.0,113.79,21.11,4864.25,60.28,17863.92,0,1,1,-1,1.0,BENIGN
123,160023.0,12.0,3.0,4123.0,152.0,343.57,50.75,26715.52,93.74,11430.21,0,1,0,8192,0.0,BENIGN
8080,1682.0,5.0,7.0,370.0,3310.0,73.96,472.83,2187639.23,7134.36,152.91,0,1,1,8192,1.0,BENIGN
80,54132.0,5.0,8.0,1877.0,1810.0,375.37,226.19,68099.67,240.15,4511.0,0,1,0,251,2.0,DoS Hulk
80,32898.0,4.0,5.0,2742.0,4303.0,685.48,860.56,214138.79,273.57,4112.25,0,1,0,251,1.0,DoS Hulk
80,2042014.0,2.0,2.0,44.0,6045.0,21.81,3022.43,2981.61,1.96,680671.33,0,0,1,8192,1.0,DDoS
8080,5503.0,2.0,11.0,99.0,752.0,49.42,68.35,154588.66,2362.35,458.58,0,0,1,29200,6.0,BENIGN
8080,12722528.0,3.0,8.0,225.0,909.0,74.86,113.68,89.13,0.86,1272252.8,0,0,0,256,3.0,Bot
8080,239873.0,4.0,1.0,254.0,99.0,63.57,98.95,1472.65,20.84,59968.25,0,1,1,65535,0.0,BENIGN
123,20720.0,2.0,6.0,261.0,970.0,130.45,161.6,59385.45,386.1,2960.0,0,1,0,65535,3.0,BENIGN
80,209076.0,4.0,7.0,31.0,21142.0,7.79,3020.27,101269.68,52.61,20907.6,0,0,1,256,2.0,DDoS
22,52221.0,6.0,1.0,349.0,207.0,58.21,207.03,10652.7,134.05,8703.5,0,0,0,256,0.0,BENIGN
443,2154429.0,13.0,1.0,661.0,140.0,50.83,140.01,371.71,6.5,165725.31,0,0,1,256,0.0,BENIGN
80,59306.0,4.0,10.0,840.0,18401.0,210.1,1840.07,324437.53,236.06,4562.0,0,0,0,29200,2.0,DoS Hulk
80,294048.0,5.0,2.0,9.0,5420.0,1.82,2709.85,18462.31,23.81,49008.0,0,0,1,256,0.0,DDoS
123,12392.0,8.0,4.0,414.0,883.0,51.76,220.84,104701.93,968.37,1126.55,0,0,0,-1,0.0,BENIGN
80,47296966.0,3.0,4.0,8.0,18962.0,2.67,4740.4,401.07,0.15,7882827.67,0,0,1,8192,1.0,DDoS
80,57742.0,2.0,4.0,27.0,7806.0,13.38,1951.38,135642.86,103.91,11548.4,0,0,1,8192,2.0,DDoS
80,50888.0,3.0,3.0,1796.0,8084.0,598.75,2694.69,194158.04,117.91,10177.6,0,1,1,29200,1.0,DoS Hulk
80,80174.0,6.0,7.0,1600.0,24576.0,266.63,3510.82,326484.53,162.15,6681.17,0,0,1,251,1.0,DoS Hulk
80,30804.0,4.0,11.0,1153.0,263.0,288.33,23.88,45969.35,486.95,2200.29,0,1,1,29200,3.0,BENIGN
8080,507650.0,9.0,14.0,2635.0,1138.0,292.73,81.32,7432.41,45.31,23075.0,0,1,0,65535,2.0,BENIGN
443,15376.0,4.0,9.0,238.0,77.0,59.4,8.53,20445.22,845.47,1281.33,0,0,1,-1,2.0,BENIGN
443,4949.0,7.0,4.0,2849.0,212.0,406.95,52.96,618409.68,2222.67,494.9,0,0,1,256,1.0,BENIGN
8080,117623.0,6.0,7.0,342.0,1172.0,56.92,167.48,12870.51,110.52,9801.92,0,0,1,29200,1.0,BENIGN
80,521943.0,6.0,6.0,2182.0,3567.0,363.66,594.47,11014.2,22.99,47449.36,0,1,0,251,1.0,DoS Hulk
91,73.0,1.0,1.0,2.0,4.0,1.65,4.43,83335.28,27397.26,73.0,1,0,0,0,1.0,PortScan
329,17.0,1.0,1.0,1.0,2.0,1.4,2.15,208667.97,117647.06,17.0,0,0,0,29200,1.0,PortScan
123,13269.0,4.0,6.0,615.0,4850.0,153.81,808.33,411879.63,753.64,1474.33,1,0,0,256,2.0,BENIGN
8080,45645.0,7.0,3.0,209.0,2383.0,29.85,794.48,56795.4,219.08,5071.67,0,1,0,29200,0.0,BENIGN
8080,860226.0,13.0,3.0,781.0,895.0,60.12,298.38,1949.05,18.6,57348.4,0,1,0,256,0.0,BENIGN
123,168019.0,1.0,13.0,306.0,3535.0,305.95,271.92,22860.22,83.32,12924.54,0,0,1,8192,13.0,BENIGN
22,70890.0,4.0,10.0,282.0,675.0,70.6,67.5,13505.41,197.49,5453.08,0,0,0,65535,2.0,BENIGN
80,663817.0,5.0,3.0,36.0,6442.0,7.2,2147.45,9759.22,12.05,94831.0,0,0,1,8192,1.0,DDoS
443,647021.0,5.0,7.0,801.0,4383.0,160.16,626.09,8011.23,18.55,58820.09,0,0,1,-1,1.0,BENIGN
8080,1358504.0,9.0,2.0,620.0,133.0,68.92,66.7,554.75,8.1,135850.4,0,0,0,-1,0.0,BENIGN
80,367.0,3.0,20.0,16.0,1072.0,5.22,53.6,2963653.51,62670.3,16.68,0,0,0,8192,7.0,BENIGN
80,252332.0,5.0,4.0,42.0,12435.0,8.33,3108.74,49445.14,35.67,31541.5,0,0,0,8192,1.0,DDoS
123,4151.0,2.0,15.0,91.0,113857.0,45.47,7590.46,27450687.23,4095.4,259.44,0,0,0,8192,8.0,BENIGN
8080,32447.0,23.0,3.0,1985.0,508.0,86.31,169.38,76838.62,801.31,1297.88,0,1,1,8192,0.0,BENIGN
123,776308.0,2.0,3.0,75.0,177.0,37.29,59.12,324.52,6.44,194077.0,0,0,0,65535,2.0,BENIGN
80,71215.0,4.0,5.0,1510.0,277.0,377.59,55.38,25096.88,126.38,8901.88,0,1,1,256,1.0,BENIGN
8080,601150.0,7.0,4.0,710.0,378.0,101.5,94.6,1811.29,18.3,60115.0,0,0,0,8192,1.0,BENIGN
412,18.0,1.0,2.0,2.0,8.0,2.26,4.14,585304.82,166666.67,9.0,1,0,0,1024,2.0,PortScan
443,149617.0,11.0,4.0,704.0,32.0,64.01,8.03,4921.02,100.26,10686.93,0,0,1,8192,0.0,BENIGN
80,229828.0,6.0,3.0,61.0,447.0,10.13,149.07,2210.36,39.16,28728.5,0,1,0,-1,0.0,BENIGN
53,156745.0,3.0,37.0,169.0,4962.0,56.34,134.11,32734.16,255.19,4019.1,1,0,0,8192,12.0,BENIGN
443,183420.0,29.0,29.0,1737.0,10498.0,59.89,362.01,66704.91,316.21,3217.89,0,0,1,65535,1.0,BENIGN
80,13110.0,2.0,3.0,801.0,1844.0,400.55,614.58,201742.09,381.39,3277.5,0,0,0,29200,2.0,DoS Hulk
36,28.0,1.0,1.0,2.0,5.0,1.59,4.82,228720.74,71428.57,28.0,1,0,0,0,1.0,PortScan
443,315127.0,8.0,10.0,387.0,1023.0,48.42,102.26,4474.45,57.12,18536.88,0,0,0,29200,1.0,BENIGN
443,402173.0,1.0,11.0,54.0,4717.0,54.13,428.86,11864.59,29.84,36561.18,0,0,0,-1,11.0,BENIGN
22,7379.0,4.0,7.0,23.0,6956.0,5.8,993.7,945805.61,1490.72,737.9,0,0,0,29200,2.0,BENIGN
53,26637.0,1.0,2.0,14.0,46.0,14.28,22.84,2251.4,112.63,13318.5,0,0,0,8192,2.0,BENIGN
80,3569.0,1.0,7.0,22.0,688.0,22.12,98.22,198833.02,2241.52,509.86,0,0,0,29200,7.0,BENIGN
80,19211.0,7.0,6.0,2234.0,22492.0,319.13,3748.63,1287060.39,676.7,1600.92,0,1,0,251,1.0,DoS Hulk
80,57270.0,5.0,8.0,1571.0,16530.0,314.12,2066.29,316063.14,226.99,4772.5,0,1,0,251,2.0,DoS Hulk
123,2383376.0,3.0,1.0,26.0,465.0,8.76,464.8,206.04,1.68,794458.67,0,0,0,8192,0.0,BENIGN
443,192827.0,20.0,3.0,724.0,1308.0,36.2,435.91,10536.88,119.28,8764.86,0,0,0,8192,0.0,BENIGN
443,68135.0,3.0,2.0,104.0,25.0,34.64,12.29,1885.68,73.38,17033.75,0,0,0,29200,1.0,BENIGN
80,81955.0,6.0,10.0,3317.0,10384.0,552.77,1038.44,167178.01,195.23,5463.67,1,1,0,29200,2.0,DoS Hulk
80,3835.0,2.0,1.0,217.0,75.0,108.39,75.29,76159.1,782.27,1917.5,0,1,1,8192,0.0,Bot
80,1753466.0,4.0,10.0,18.0,28324.0,4.39,2832.43,16163.34,7.98,134882.0,0,0,1,8192,2.0,DDoS
80,136169.0,3.0,6.0,58.0,11034.0,19.37,1838.92,81454.89,66.09,17021.12,0,0,1,256,2.0,BENIGN
123,2802.0,5.0,1.0,121.0,34.0,24.14,33.77,55124.93,2141.33,560.4,0,1,0,65535,0.0,BENIGN
80,327.0,7.0,27.0,1561.0,4318.0,222.99,159.92,17977621.49,103975.54,9.91,0,1,0,256,4.0,BENIGN
80,331938.0,5.0,4.0,43.0,14358.0,8.51,3589.43,43382.45,27.11,41492.25,0,0,1,8192,1.0,DDoS
8080,31960.0,4.0,2.0,376.0,275.0,93.92,137.36,20350.35,187.73,6392.0,0,1,0,-1,0.0,BENIGN
123,279.0,7.0,17.0,475.0,4881.0,67.81,287.12,19195983.62,86021.51,12.13,0,0,0,256,2.0,BENIGN
443,5296.0,1.0,55.0,96.0,1690.0,96.05,30.72,337211.78,10574.02,96.29,0,1,1,29200,55.0,BENIGN
22,88903.0,2.0,1.0,91.0,15.0,45.69,15.23,1199.28,33.74,44451.5,0,1,1,-1,0.0,BENIGN
706,48.0,1.0,1.0,1.0,2.0,1.0,2.38,70518.8,41666.67,48.0,1,0,0,29200,1.0,PortScan
22,1987135.0,13.0,42.0,855.0,16991.0,65.76,404.56,8980.93,27.68,36798.8,0,0,1,65535,3.0,BENIGN
53,5684462.0,3.0,1.0,105.0,99.0,34.87,98.68,35.76,0.7,1894820.67,0,1,0,8192,0.0,BENIGN
443,394209.0,38.0,10.0,2008.0,3156.0,52.85,315.58,13100.43,121.76,8387.43,0,0,1,8192,0.0,BENIGN
53,3958.0,4.0,14.0,266.0,32871.0,66.5,2347.96,8372260.31,4547.75,232.82,0,1,1,65535,4.0,BENIGN
53,140017.0,9.0,11.0,187.0,645.0,20.82,58.67,5947.27,142.84,7369.32,0,1,1,8192,1.0,BENIGN
80,2106008.0,4.0,4.0,26.0,9246.0,6.5,2311.38,4402.42,3.8,300858.29,0,0,1,256,1.0,DDoS
1020,35.0,1.0,1.0,1.0,11.0,1.46,11.23,362491.07,57142.86,35.0,1,0,0,29200,1.0,PortScan
123,12638.0,10.0,7.0,291.0,1082.0,29.1,154.63,108674.01,1345.15,789.88,0,0,1,29200,1.0,BENIGN
80,367315.0,2.0,5.0,6.0,12986.0,2.98,2597.1,35368.74,19.06,61219.17,0,1,0,8192,2.0,DDoS
123,34715.0,4.0,7.0,859.0,537.0,214.78,76.66,40206.65,316.87,3471.5,0,1,0,29200,2.0,BENIGN
80,126471.0,6.0,3.0,3308.0,8755.0,551.32,2918.39,95382.46,71.16,15808.88,0,1,1,29200,0.0,DoS Hulk
80,91165.0,3.0,7.0,335.0,257.0,111.77,36.73,6498.27,109.69,10129.44,0,0,0,8192,2.0,Bot
443,1509928.0,5.0,2.0,472.0,59.0,94.43,29.71,352.05,4.64,251654.67,0,0,0,29200,0.0,BENIGN
80,64095.0,8.0,7.0,2221.0,39932.0,277.65,5704.57,657667.34,234.03,4578.21,0,1,0,29200,1.0,DoS Hulk
80,614779.0,3.0,3.0,7.0,8862.0,2.5,2954.05,14427.38,9.76,122955.8,0,0,1,256,1.0,DDoS
80,147602.0,5.0,5.0,1726.0,11846.0,345.22,2369.29,91953.73,67.75,16400.22,0,1,1,29200,1.0,DoS Hulk
8080,6146.0,5.0,1.0,457.0,96.0,91.41,95.75,89943.11,976.24,1229.2,0,0,0,29200,0.0,BENIGN
80,920709.0,6.0,4.0,42.0,30114.0,7.08,7528.47,32753.37,10.86,102301.0,0,0,1,8192,1.0,DDoS
53,613598.0,3.0,22.0,297.0,3217.0,99.08,146.22,5726.91,40.74,25566.58,0,0,1,-1,7.0,BENIGN
8080,8070.0,6.0,5.0,83.0,1416.0,13.8,283.16,185698.14,1363.07,807.0,0,1,0,29200,1.0,BENIGN
22,60676.0,17.0,7.0,12684.0,903.0,746.14,128.98,223930.55,395.54,2638.09,0,0,0,-1,0.0,BENIGN
123,48279.0,7.0,3.0,639.0,488.0,91.29,162.81,23352.5,207.13,5364.33,0,0,1,256,0.0,BENIGN
53,11444.0,15.0,49.0,901.0,4375.0,60.09,89.28,461036.27,5592.45,181.65,0,0,1,256,3.0,BENIGN
123,58.0,26.0,6.0,704.0,629.0,27.07,104.88,22984095.01,551724.14,1.87,0,0,1,29200,0.0,BENIGN
80,1057072.0,4.0,2.0,11.0,11896.0,2.76,5948.18,11264.53,5.68,211414.4,0,0,1,8192,0.0,DDoS
8080,706807.0,3.0,1.0,341.0,215.0,113.75,214.66,786.52,5.66,235602.33,1,1,1,-1,0.0,BENIGN
564,18.0,1.0,1.0,4.0,2.0,3.52,2.43,330069.9,111111.11,18.0,1,0,0,29200,1.0,PortScan
294,15.0,1.0,1.0,2.0,13.0,1.65,12.5,943478.11,133333.33,15.0,1,0,0,29200,1.0,PortScan
80,61706.0,3.0,3.0,1731.0,479.0,576.98,159.71,35815.75,97.24,12341.2,0,0,1,29200,1.0,BENIGN
123,16388.0,9.0,7.0,150.0,1197.0,16.68,171.05,82221.36,976.32,1092.53,0,0,1,-1,1.0,BENIGN
123,149661.0,5.0,12.0,215.0,2819.0,42.9,234.95,20272.05,113.59,9353.81,0,1,1,29200,2.0,BENIGN
53,11331.0,10.0,1.0,188.0,46.0,18.82,45.52,20629.57,970.79,1133.1,0,1,0,65535,0.0,BENIGN
22,1203525.0,11.0,19.0,310.0,7706.0,28.2,405.55,6660.21,24.93,41500.86,0,0,0,8192,2.0,BENIGN
22,3277.0,3.0,0.0,202.0,0.0,67.25,0.0,61565.51,915.47,1638.5,0,0,0,29200,0.0,BENIGN
8080,4062.0,5.0,9.0,74.0,19890.0,14.81,2210.0,4914837.75,3446.58,312.46,0,0,1,8192,2.0,BENIGN
123,61541.0,13.0,11.0,625.0,2817.0,48.09,256.07,55930.08,389.98,2675.7,0,0,1,29200,1.0,BENIGN
8080,103617.0,28.0,1.0,2060.0,286.0,73.58,285.55,22639.81,279.88,3700.61,0,0,1,-1,0.0,BENIGN
443,487099.0,6.0,4.0,98.0,87.0,16.31,21.77,379.64,20.53,54122.11,0,0,0,-1,1.0,BENIGN
53,37386.0,7.0,9.0,675.0,3270.0,96.48,363.38,105542.35,427.97,2492.4,0,0,1,29200,1.0,BENIGN
443,143192.0,6.0,4.0,520.0,1168.0,86.74,292.02,11792.13,69.84,15910.22,0,1,0,29200,1.0,BENIGN
123,278201.0,8.0,10.0,714.0,5905.0,89.28,590.51,23793.43,64.7,16364.76,0,0,0,-1,1.0,BENIGN
443,447497.0,11.0,3.0,1394.0,885.0,126.72,294.95,5092.18,31.29,34422.85,0,1,0,256,0.0,BENIGN
80,30358.0,68.0,4.0,1290.0,971.0,18.97,242.85,74481.84,2371.7,427.58,0,0,0,29200,0.0,BENIGN
812,24.0,1.0,1.0,1.0,12.0,1.07,11.98,543532.69,83333.33,24.0,0,0,0,1024,1.0,PortScan
123,56495.0,1.0,2.0,7.0,58.0,7.07,28.88,1147.71,53.1,28247.5,0,1,0,256,2.0,BENIGN
123,50646.0,9.0,16.0,253.0,3875.0,28.15,242.16,81506.54,493.62,2110.25,0,0,0,256,2.0,BENIGN
80,948.0,14.0,2.0,520.0,454.0,37.12,227.01,1027137.63,16877.64,63.2,0,0,0,29200,0.0,BENIGN
8080,459682.0,10.0,23.0,373.0,3163.0,37.29,137.52,7692.32,71.79,14365.06,0,1,1,-1,2.0,BENIGN
670,23.0,2.0,1.0,5.0,5.0,2.6,4.99,442963.11,130434.78,11.5,0,0,0,1024,0.0,PortScan
80,3724.0,3.0,2.0,189.0,4025.0,62.96,2012.44,1131514.14,1342.64,931.0,0,0,1,29200,1.0,BENIGN
443,160082.0,3.0,3.0,365.0,335.0,121.77,111.52,4372.08,37.48,32016.4,0,1,0,8192,1.0,BENIGN
123,4684812.0,30.0,11.0,5317.0,826.0,177.23,75.05,1311.17,8.75,117120.3,0,1,1,65535,0.0,BENIGN
53,3571.0,3.0,5.0,1180.0,1398.0,393.21,279.67,721919.54,2240.27,510.14,0,1,0,-1,2.0,BENIGN
53,17757.0,15.0,19.0,1580.0,6798.0,105.31,357.8,471804.79,1914.74,538.09,0,0,1,65535,1.0,BENIGN
80,41773.0,7.0,2.0,5237.0,2006.0,748.18,1002.94,173392.29,215.45,5221.62,0,1,0,251,0.0,DoS Hulk
22,36635.0,6.0,7.0,208.0,513.0,34.61,73.28,19669.34,354.85,3052.92,0,0,0,8192,1.0,BENIGN
53,8127.0,4.0,32.0,250.0,44895.0,62.48,1402.97,5554937.14,4429.68,232.2,0,1,1,-1,8.0,BENIGN
22,20221.0,8.0,9.0,391.0,3892.0,48.91,432.45,211827.69,840.71,1263.81,0,1,1,256,1.0,BENIGN
80,149737.0,10.0,8.0,600.0,241.0,59.98,30.12,5615.06,120.21,8808.06,0,1,0,65535,1.0,Bot
8080,244821.0,1.0,19.0,69.0,1733.0,69.03,91.21,7360.32,81.69,12885.32,0,1,0,-1,19.0,BENIGN
443,161535.0,7.0,13.0,1257.0,5140.0,179.62,395.41,39605.27,123.81,8501.84,0,1,0,29200,2.0,BENIGN
53,65992.0,24.0,13.0,455.0,314.0,18.95,24.13,11644.91,560.67,1833.11,0,1,1,8192,1.0,BENIGN
443,18473.0,3.0,3.0,124.0,684.0,41.34,228.04,43745.74,324.8,3694.6,0,0,0,65535,1.0,BENIGN
80,3888.0,1.0,0.0,53.0,0.0,52.7,0.0,13555.2,257.2,3888.0,0,0,0,65535,0.0,BENIGN
80,278915.0,5.0,3.0,65.0,8771.0,13.0,2923.65,31679.65,28.68,39845.0,0,1,1,256,1.0,DDoS
80,297643.0,8.0,1.0,4196.0,1483.0,524.5,1483.42,19081.45,30.24,37205.38,0,1,1,29200,0.0,DoS Hulk
80,17440.0,18.0,3.0,352.0,251.0,19.56,83.61,34574.17,1204.13,872.0,0,0,1,65535,0.0,BENIGN
8080,5654.0,11.0,2.0,1648.0,32.0,149.81,16.19,297193.4,2299.26,471.17,0,1,0,256,0.0,BENIGN
903,63.0,2.0,1.0,4.0,3.0,2.08,3.11,115351.22,47619.05,31.5,1,0,0,0,0.0,PortScan
80,136981.0,6.0,8.0,164.0,315.0,27.28,39.31,3491.03,102.2,10537.0,0,1,0,29200,1.0,BENIGN
80,131179.0,6.0,2.0,1079.0,4697.0,179.81,2348.52,44030.68,60.99,18739.86,0,1,0,29200,0.0,DoS Hulk
492,45.0,1.0,1.0,1.0,3.0,0.69,3.44,91887.2,44444.44,45.0,1,0,0,1024,1.0,PortScan
80,557.0,22.0,13.0,1113.0,1560.0,50.6,120.02,4799776.87,62836.62,16.38,0,1,0,-1,1.0,BENIGN
8080,2442.0,10.0,2.0,1695.0,305.0,169.48,152.27,818752.08,4914.0,222.0,0,0,0,8192,0.0,BENIGN
5,36.0,2.0,1.0,6.0,1.0,2.77,1.12,184756.93,83333.33,18.0,1,0,0,29200,0.0,PortScan
80,18420.0,13.0,33.0,896.0,820.0,68.89,24.84,93109.32,2497.29,409.33,0,1,1,8192,3.0,BENIGN
80,498878.0,5.0,3.0,433.0,3867.0,86.59,1288.94,8618.86,16.04,71268.29,0,0,0,29200,1.0,Web Attack - Brute Force
8080,1890.0,11.0,15.0,101.0,495.0,9.19,33.0,315375.39,13756.61,75.6,0,0,0,8192,1.0,BENIGN
123,114908.0,6.0,16.0,287.0,2124.0,47.86,132.78,20987.51,191.46,5471.81,1,0,0,-1,3.0,BENIGN
443,6077.0,2.0,3.0,287.0,1238.0,143.66,412.64,250987.59,822.77,1519.25,0,0,0,8192,2.0,BENIGN
53,200.0,4.0,7.0,114.0,1471.0,28.58,210.19,7928293.82,55000.0,20.0,0,0,0,8192,2.0,BENIGN
53,185243.0,3.0,2.0,248.0,114.0,82.7,56.88,1953.47,26.99,46310.75,0,0,0,29200,1.0,BENIGN
80,56251.0,2.0,4.0,218.0,11859.0,109.19,2964.69,214700.67,106.66,11250.2,0,1,0,29200,2.0,DoS Hulk
53,84585.0,2.0,2.0,284.0,2333.0,142.02,1166.63,30942.88,47.29,28195.0,0,0,1,256,1.0,BENIGN
53,17908.0,4.0,6.0,204.0,170.0,51.06,28.26,20873.81,558.41,1989.78,0,1,0,-1,2.0,BENIGN
8,38.0,1.0,1.0,0.0,3.0,0.38,2.82,84364.21,52631.58,38.0,1,0,0,1024,1.0,PortScan
80,32878.0,3.0,14.0,79.0,24.0,26.36,1.69,3123.26,517.06,2054.88,0,0,0,256,5.0,BENIGN
53,1176.0,6.0,5.0,1215.0,3804.0,202.54,760.87,4268360.01,9353.74,117.6,0,0,0,256,1.0,BENIGN
443,473512.0,2.0,2.0,47.0,229.0,23.51,114.41,582.55,8.45,157837.33,0,0,0,-1,1.0,BENIGN
53,39671.0,64.0,2.0,1825.0,1786.0,28.52,892.92,91021.63,1663.68,610.32,0,1,0,65535,0.0,BENIGN
8080,1002880.0,17.0,26.0,180.0,1809.0,10.6,69.59,1983.88,42.88,23878.1,0,1,1,65535,2.0,BENIGN
123,1817.0,2.0,15.0,42.0,865.0,21.04,57.67,499248.33,9356.08,113.56,0,0,1,29200,8.0,BENIGN
80,125555.0,3.0,5.0,1326.0,3577.0,442.01,715.45,39052.78,63.72,17936.43,0,1,0,251,2.0,DoS Hulk
80,128145.0,125.0,1.0,6880.0,551.0,55.04,551.33,57993.58,983.26,1025.16,0,1,1,8192,0.0,BENIGN
123,42109.0,9.0,1.0,4353.0,95.0,483.66,95.14,105631.83,237.48,4678.78,0,0,0,8192,0.0,BENIGN
80,725179.0,4.0,7.0,1134.0,65837.0,283.62,9405.34,92352.17,15.17,72517.9,0,0,0,29200,2.0,DoS Hulk
8080,8213.0,2.0,4.0,91.0,755.0,45.62,188.68,103001.98,730.55,1642.6,0,0,0,29200,2.0,BENIGN
123,10217.0,24.0,4.0,4795.0,2148.0,199.8,537.05,679585.61,2740.53,378.41,0,1,1,8192,0.0,BENIGN
123,31584.0,15.0,22.0,1750.0,3303.0,116.66,150.12,159975.87,1171.48,877.33,0,1,1,8192,1.0,BENIGN
80,6149687.0,6.0,3.0,32.0,11306.0,5.37,3768.6,1843.67,1.46,768710.88,0,0,0,8192,0.0,DDoS
123,271571.0,9.0,1.0,342.0,111.0,37.96,111.16,1667.34,36.82,30174.56,1,0,0,8192,0.0,BENIGN
8080,57302.0,1.0,10.0,196.0,2470.0,195.89,247.0,46523.62,191.97,5730.2,0,0,0,256,10.0,BENIGN
123,21244.0,5.0,12.0,160.0,18464.0,31.99,1538.71,876691.3,800.23,1327.75,0,0,1,8192,2.0,BENIGN
443,45542.0,7.0,3.0,497.0,593.0,71.04,197.59,23933.98,219.58,5060.22,0,0,0,65535,0.0,Bot
80,495823.0,3.0,3.0,7.0,4292.0,2.22,1430.8,8670.54,12.1,99164.6,0,0,1,8192,1.0,DDoS
80,55884.0,4.0,3.0,895.0,6265.0,223.72,2088.37,128122.32,125.26,9314.0,0,1,0,29200,1.0,DoS Hulk
443,6707226.0,3.0,17.0,74.0,814.0,24.8,47.9,132.49,2.98,353011.89,0,0,1,8192,6.0,Bot
123,1027.0,2.0,3.0,310.0,554.0,155.17,184.68,841652.78,4868.55,256.75,0,1,0,8192,2.0,BENIGN
925,232.0,2.0,1.0,6.0,5.0,2.8,5.28,46890.82,12931.03,116.0,0,0,0,0,0.0,PortScan
8080,46351.0,57.0,12.0,3468.0,3926.0,60.84,327.15,159512.88,1488.64,681.63,0,0,1,65535,0.0,BENIGN
8080,159024.0,1.0,2.0,136.0,57.0,135.74,28.43,1211.13,18.87,79512.0,0,0,0,256,2.0,BENIGN
53,20521.0,6.0,4.0,310.0,9937.0,51.72,2484.36,499377.52,487.31,2280.11,0,0,0,29200,1.0,BENIGN
798,82.0,1.0,1.0,1.0,28.0,0.52,27.6,342946.91,24390.24,82.0,1,0,0,0,1.0,PortScan
443,10665.0,25.0,5.0,399.0,116.0,15.96,23.14,48263.19,2812.94,367.76,0,0,0,29200,0.0,BENIGN
123,22380.0,5.0,4.0,799.0,8129.0,159.83,2032.2,398925.32,402.14,2797.5,0,1,1,65535,1.0,BENIGN
80,79492.0,6.0,5.0,1561.0,8400.0,260.21,1679.94,125308.06,138.38,7949.2,0,0,0,251,1.0,DoS Hulk
80,447.0,44.0,2.0,7243.0,5725.0,164.62,2862.65,29012871.15,102908.28,9.93,0,1,0,65535,0.0,BENIGN
73,85.0,1.0,0.0,2.0,0.0,1.71,0.0,20126.69,11764.71,85.0,0,0,0,1024,0.0,PortScan
22,628269.0,3.0,5.0,109.0,563.0,36.25,112.68,1069.79,12.73,89752.71,0,1,0,65535,2.0,BENIGN
123,6512.0,25.0,3.0,8788.0,315.0,351.54,105.11,1398005.86,4299.75,241.19,0,0,1,256,0.0,BENIGN
80,73397.0,4.0,5.0,10.0,20719.0,2.56,4143.79,282425.51,122.62,9174.62,0,0,1,256,1.0,DDoS
80,2507281.0,8.0,10.0,275.0,1097.0,34.33,109.69,547.01,7.18,147487.12,0,1,0,8192,1.0,Web Attack - Brute Force
8080,8223.0,2.0,11.0,167.0,3747.0,83.52,340.65,476007.05,1580.93,685.25,0,0,1,65535,6.0,BENIGN
80,8126.0,5.0,5.0,2498.0,7593.0,499.51,1518.66,1241795.3,1230.62,902.89,0,0,0,251,1.0,DoS Hulk
80,3877986.0,4.0,4.0,60.0,8276.0,15.02,2068.92,2149.5,2.06,553998.0,0,0,1,8192,1.0,DDoS
80,23430.0,3.0,2.0,1046.0,3966.0,348.52,1982.85,213882.74,213.4,5857.5,0,1,0,29200,1.0,DoS Hulk
123,1038930.0,10.0,4.0,296.0,574.0,29.6,143.52,837.46,13.48,79917.69,0,1,0,29200,0.0,BENIGN
80,351235.0,3.0,2.0,13.0,8173.0,4.45,4086.68,23308.36,14.24,87808.75,0,0,1,256,1.0,DDoS
53,3371.0,4.0,2.0,235.0,342.0,58.85,170.79,171159.3,1779.89,674.2,0,1,1,65535,0.0,BENIGN
80,2121796.0,6.0,4.0,185.0,6003.0,30.82,1500.85,2916.55,4.71,235755.11,0,0,0,8192,1.0,DDoS
80,3032798.0,6.0,1.0,570.0,70.0,94.96,70.43,211.09,2.31,505466.33,0,1,0,8192,0.0,BENIGN
8080,206293.0,1.0,3.0,208.0,391.0,207.9,130.38,2903.88,19.39,68764.33,0,1,0,65535,3.0,Bot
443,535716.0,9.0,7.0,145.0,9640.0,16.13,1377.16,18265.83,29.87,35714.4,0,0,1,256,1.0,BENIGN
443,2048.0,4.0,10.0,251.0,6161.0,62.79,616.08,3130859.96,6835.94,157.54,0,0,0,8192,2.0,BENIGN
80,261416.0,4.0,29.0,32.0,1540.0,7.88,53.11,6012.06,126.24,8169.25,0,1,0,-1,7.0,BENIGN
22,279453.0,15.0,34.0,2357.0,2768.0,157.13,81.4,18337.53,175.34,5821.94,0,0,1,256,2.0,BENIGN
22,40170.0,6.0,13.0,234.0,1612.0,39.04,124.01,45964.48,472.99,2231.67,1,0,1,256,2.0,BENIGN
123,196383.0,7.0,4.0,679.0,277.0,96.98,69.25,4867.17,56.01,19638.3,0,0,1,65535,1.0,BENIGN
80,1689525.0,3.0,4.0,10.0,15224.0,3.25,3805.93,9016.43,4.14,281587.5,0,0,0,256,1.0,DDoS
80,1633541.0,1.0,2.0,3.0,24.0,3.07,12.16,16.76,1.84,816770.5,0,1,0,-1,2.0,BENIGN
8080,68435.0,2.0,10.0,21.0,1180.0,10.67,118.02,17556.91,175.35,6221.36,0,1,1,29200,5.0,BENIGN
80,2422727.0,3.0,6.0,32.0,22279.0,10.5,3713.24,9209.03,3.71,302840.88,0,0,0,8192,2.0,DDoS
53,118730.0,8.0,3.0,289.0,538.0,36.14,179.19,6962.51,92.65,11873.0,0,0,0,29200,0.0,BENIGN
8080,30415.0,19.0,5.0,733.0,1619.0,38.59,323.8,77334.58,789.08,1322.39,0,0,1,8192,0.0,BENIGN
80,23920.0,3.0,5.0,727.0,5620.0,242.47,1123.96,265350.64,334.45,3417.14,0,0,0,251,2.0,DoS Hulk
443,956.0,5.0,6.0,60.0,1038.0,11.96,173.03,1148501.66,11506.28,95.6,0,0,0,65535,1.0,BENIGN
8080,522073.0,8.0,12.0,205.0,450.0,25.66,37.46,1254.33,38.31,27477.53,0,1,0,29200,2.0,BENIGN
80,71444.0,6.0,5.0,1272.0,8650.0,212.04,1730.05,138885.49,153.97,7144.4,0,1,0,29200,1.0,DoS Hulk
80,2322738.0,13.0,1.0,673.0,96.0,51.77,95.69,330.95,6.03,178672.15,0,0,0,65535,0.0,BENIGN
22,32506.0,1.0,7.0,76.0,1678.0,75.71,239.65,53936.41,246.11,4643.71,0,1,1,29200,7.0,BENIGN
123,9598.0,44.0,14.0,1076.0,482.0,24.45,34.42,162311.97,6042.93,168.39,0,1,1,256,0.0,BENIGN
123,107173.0,3.0,7.0,101.0,188.0,33.79,26.79,2695.77,93.31,11908.11,0,0,0,29200,2.0,BENIGN
53,44622.0,2.0,2.0,48.0,11652.0,24.11,5825.81,262198.8,89.64,14874.0,0,0,0,65535,1.0,BENIGN
443,35974.0,2.0,4.0,120.0,444.0,59.96,110.99,15674.11,166.79,7194.8,0,0,0,8192,2.0,BENIGN
80,152660.0,38.0,5.0,5090.0,5220.0,133.94,1043.93,67531.51,281.67,3634.76,0,1,0,65535,0.0,BENIGN
123,9132183.0,4.0,4.0,158.0,2013.0,39.39,503.35,237.72,0.88,1304597.57,0,1,1,29200,1.0,BENIGN
80,234942.0,4.0,9.0,17.0,27175.0,4.14,3019.45,115737.3,55.33,19578.5,0,0,1,8192,2.0,DDoS
53,380496.0,14.0,1.0,336.0,79.0,23.99,78.54,1089.17,39.42,27178.29,0,0,1,29200,0.0,BENIGN
443,729096.0,11.0,35.0,1788.0,3799.0,162.59,108.53,7662.97,63.09,16202.13,0,0,1,65535,3.0,BENIGN
22,389899.0,2.0,25.0,209.0,2709.0,104.51,108.37,7484.65,69.25,14996.12,0,0,0,-1,12.0,BENIGN
22,344.0,9.0,1.0,58.0,228.0,6.43,227.64,829967.07,29069.77,38.22,0,1,1,29200,0.0,BENIGN
22,6235.0,10.0,5.0,234.0,1096.0,23.37,219.27,213319.25,2405.77,445.36,0,0,1,-1,0.0,BENIGN
80,510636.0,7.0,4.0,61.0,15282.0,8.71,3820.38,30045.88,21.54,51063.6,0,0,0,8192,1.0,DDoS
22,345988.0,2.0,23.0,251.0,3104.0,125.38,134.97,9697.08,72.26,14416.17,0,1,1,-1,12.0,BENIGN
80,156365.0,4.0,6.0,786.0,14034.0,196.38,2339.02,94775.81,63.95,17373.89,0,1,0,29200,2.0,DoS Hulk
109,68.0,1.0,1.0,1.0,1.0,1.23,1.17,35218.29,29411.76,68.0,1,0,0,0,1.0,PortScan
22,539552.0,3.0,17.0,361.0,3726.0,120.24,219.17,7574.15,37.07,28397.47,0,0,1,256,6.0,BENIGN
80,188278.0,5.0,8.0,42.0,17249.0,8.3,2156.14,91835.69,69.05,15689.83,0,0,1,256,2.0,DDoS
8080,70035.0,1.0,25.0,59.0,4623.0,58.55,184.94,66851.29,371.24,2801.4,0,0,1,256,25.0,BENIGN
53,254398.0,8.0,2.0,570.0,424.0,71.29,212.05,3908.96,39.31,28266.44,1,1,0,-1,0.0,BENIGN
22,159239.0,9.0,6.0,496.0,517.0,55.14,86.24,6366.27,94.2,11374.21,1,1,0,65535,1.0,BENIGN
225,27.0,1.0,1.0,1.0,2.0,0.7,1.6,84955.6,74074.07,27.0,1,0,0,29200,1.0,PortScan
443,32891.0,8.0,21.0,593.0,3356.0,74.19,159.79,120063.12,881.7,1174.68,0,0,0,65535,3.0,BENIGN
8080,882.0,3.0,12.0,108.0,9749.0,36.12,812.44,11176420.47,17006.8,63.0,0,0,1,65535,4.0,BENIGN
80,5905.0,4.0,1.0,381.0,63.0,95.22,63.07,75179.68,846.74,1476.25,0,0,1,-1,0.0,BENIGN
80,32988.0,6.0,10.0,652.0,760.0,108.68,76.04,42817.08,485.02,2199.2,0,0,0,-1,2.0,BENIGN
80,22347.0,3.0,5.0,1603.0,10198.0,534.33,2039.67,528095.31,357.99,3192.43,0,1,0,251,2.0,DoS Hulk
443,42514.0,21.0,2.0,2594.0,367.0,123.53,183.33,69642.96,541.0,1932.45,0,0,0,8192,0.0,Bot
80,36774.0,5.0,4.0,24.0,808.0,4.73,201.96,22610.86,244.74,4596.75,0,1,1,-1,1.0,BENIGN
8080,14966.0,13.0,17.0,1376.0,3168.0,105.87,186.33,303616.74,2004.54,516.07,0,0,1,29200,1.0,BENIGN
80,55448.0,3.0,4.0,2078.0,2544.0,692.68,636.05,83361.77,126.24,9241.33,0,1,0,29200,1.0,DoS Hulk
80,263524.0,6.0,3.0,3483.0,3500.0,580.43,1166.58,26495.92,34.15,32940.5,0,1,0,29200,0.0,DoS Hulk
53,6919.0,57.0,1.0,2411.0,367.0,42.29,367.03,401461.78,8382.71,121.39,0,1,0,256,0.0,BENIGN
80,1410681.0,4.0,2.0,41.0,5755.0,10.24,2877.51,4108.65,4.25,282136.2,0,0,1,256,0.0,DDoS
123,88706.0,15.0,10.0,626.0,1084.0,41.72,108.44,19279.19,281.83,3696.08,0,0,0,65535,1.0,BENIGN
123,392186.0,3.0,28.0,73.0,1805.0,24.3,64.48,4789.39,79.04,13072.87,0,1,1,65535,9.0,BENIGN
8080,318321.0,5.0,1.0,483.0,64.0,96.56,63.53,1716.31,18.85,63664.2,0,1,0,29200,0.0,BENIGN
123,813709.0,6.0,3.0,2419.0,594.0,403.18,197.86,3702.38,11.06,101713.62,0,0,1,256,0.0,BENIGN
443,40496.0,3.0,4.0,141.0,1999.0,47.06,499.83,52857.31,172.86,6749.33,0,0,1,256,1.0,BENIGN
80,631898.0,1.0,3.0,64.0,1980.0,64.24,660.08,3235.45,6.33,210632.67,0,1,1,256,3.0,BENIGN
8080,3437228.0,4.0,4.0,452.0,491.0,113.02,122.83,274.47,2.33,491032.57,0,0,0,256,1.0,BENIGN
80,1770.0,4.0,3.0,198.0,283.0,49.57,94.38,271988.4,3954.8,295.0,0,0,0,65535,1.0,Bot
22,805.0,5.0,6.0,1338.0,432.0,267.69,71.96,2199031.88,13664.6,80.5,0,1,1,8192,1.0,BENIGN
443,184572.0,8.0,32.0,246.0,2963.0,30.72,92.6,17386.14,216.72,4732.62,0,0,0,65535,4.0,BENIGN
80,122667.0,20.0,1.0,8364.0,4836.0,418.22,4835.68,107609.76,171.2,6133.35,0,1,0,256,0.0,BENIGN
53,892820.0,8.0,1.0,396.0,106.0,49.47,106.07,562.07,10.08,111602.5,0,1,1,256,0.0,BENIGN
80,1765536.0,16.0,5.0,197.0,809.0,12.32,161.87,570.05,11.89,88276.8,0,1,0,-1,0.0,BENIGN
8080,80665.0,15.0,20.0,199.0,5022.0,13.26,251.11,64724.99,433.89,2372.5,0,0,0,256,1.0,BENIGN
80,144602.0,9.0,5.0,1619.0,12529.0,179.89,2505.74,97839.23,96.82,11123.23,0,1,0,251,1.0,DoS Hulk
443,3447.0,1.0,2.0,14.0,359.0,14.16,179.67,108352.66,870.32,1723.5,0,1,0,29200,2.0,BENIGN
8080,377789.0,3.0,6.0,84.0,319.0,27.91,53.09,1064.8,23.82,47223.62,0,0,0,-1,2.0,BENIGN
80,21639.0,6.0,1.0,1687.0,2732.0,281.12,2732.24,204212.02,323.49,3606.5,0,1,0,251,0.0,DoS Hulk
123,1892.0,3.0,5.0,202.0,340.0,67.18,68.05,286347.95,4228.33,270.29,0,0,0,-1,2.0,BENIGN
80,153064.0,4.0,3.0,344.0,322.0,86.04,107.17,4349.03,45.73,25510.67,0,1,0,8192,1.0,Bot
443,997103.0,2.0,17.0,138.0,74294.0,68.8,4370.21,74647.42,19.06,55394.61,0,1,1,256,8.0,BENIGN
8080,2039658.0,13.0,1.0,377.0,147.0,29.02,146.99,257.01,6.86,156896.77,0,0,0,29200,0.0,BENIGN
53,171196.0,8.0,5.0,1008.0,90.0,125.99,18.01,6413.63,75.94,14266.33,0,1,0,256,1.0,BENIGN
22,721327.0,3.0,8.0,250.0,307.0,83.34,38.32,771.61,15.25,72132.7,0,0,1,29200,3.0,BENIGN
443,1763276.0,3.0,11.0,680.0,535.0,226.74,48.66,689.35,7.94,135636.62,0,1,0,-1,4.0,BENIGN
8080,10439.0,3.0,10.0,1731.0,211.0,576.92,21.1,186008.22,1245.33,869.92,0,1,0,65535,3.0,BENIGN
795,16.0,1.0,1.0,2.0,4.0,1.89,3.66,346742.92,125000.0,16.0,0,0,0,29200,1.0,PortScan
53,33204.0,7.0,0.0,570.0,0.0,81.48,0.0,17176.52,210.82,5534.0,0,1,0,-1,0.0,BENIGN
22,372775.0,3.0,7.0,283.0,399.0,94.19,57.01,1828.59,26.83,41419.44,0,1,0,29200,2.0,BENIGN
123,17978.0,8.0,6.0,290.0,1208.0,36.26,201.34,83330.16,778.73,1382.92,0,1,1,256,1.0,BENIGN
123,47627.0,14.0,2.0,1116.0,110.0,79.72,55.06,25745.37,335.94,3175.13,0,0,0,65535,0.0,BENIGN
80,2126.0,2.0,3.0,173.0,351.0,86.5,117.15,246685.72,2351.83,531.5,0,1,0,256,2.0,Bot
53,38991.0,5.0,0.0,69.0,0.0,13.8,0.0,1769.99,128.23,9747.75,0,0,0,8192,0.0,BENIGN
80,736175.0,3.0,4.0,31.0,24677.0,10.19,6169.13,33561.43,9.51,122695.83,0,0,1,256,1.0,DDoS
443,49666.0,1.0,17.0,24.0,2710.0,23.72,159.4,55039.57,362.42,2921.53,0,0,1,256,17.0,BENIGN
681,45.0,1.0,1.0,1.0,2.0,1.24,2.01,72241.31,44444.44,45.0,0,0,0,0,1.0,PortScan
80,367782.0,1.0,4.0,9.0,487.0,9.31,121.8,1349.97,13.6,91945.5,0,0,0,29200,4.0,BENIGN
80,34907864.0,8.0,8.0,77.0,13046.0,9.61,1630.72,375.92,0.46,2327190.93,0,1,1,8192,1.0,DDoS
8080,15613.0,6.0,3.0,138.0,256.0,23.07,85.4,25273.22,576.44,1951.62,0,0,0,-1,0.0,BENIGN
123,1208.0,5.0,5.0,200.0,92.0,40.08,18.31,241643.28,8278.15,134.22,0,0,0,65535,1.0,BENIGN
443,62338.0,3.0,28.0,25.0,1062.0,8.41,37.95,17448.94,497.29,2077.93,0,0,1,65535,9.0,BENIGN
80,2425.0,6.0,4.0,268.0,544.0,44.72,135.92,334847.6,4123.71,269.44,0,0,0,256,1.0,BENIGN
123,1462.0,3.0,4.0,259.0,469.0,86.47,117.28,498292.39,4787.96,243.67,0,0,1,8192,1.0,BENIGN
80,123369.0,4.0,3.0,122.0,1073.0,30.57,357.83,9692.55,56.74,20561.5,0,0,0,8192,1.0,Bot
80,12690.0,2.0,3.0,102.0,168.0,50.95,56.04,21277.97,394.01,3172.5,1,0,0,256,2.0,Bot
80,666491.0,6.0,10.0,1051.0,860.0,175.22,86.02,2868.09,24.01,44432.73,0,1,1,8192,2.0,Bot
443,111562.0,8.0,20.0,179.0,629.0,22.41,31.45,7244.83,250.98,4131.93,0,1,0,8192,2.0,BENIGN
80,1368032.0,5.0,2.0,95.0,12649.0,18.98,6324.46,9315.44,5.12,228005.33,0,0,1,256,0.0,DDoS
53,2349.0,8.0,1.0,279.0,141.0,34.92,141.47,179141.4,3831.42,293.62,0,0,0,29200,0.0,BENIGN
80,2962498.0,9.0,9.0,398.0,520.0,44.22,57.82,310.0,6.08,174264.59,0,1,0,29200,1.0,Web Attack - Brute Force
80,1917.0,14.0,6.0,1588.0,110.0,113.45,18.39,886127.8,10432.97,100.89,0,1,1,29200,0.0,BENIGN
80,284989.0,7.0,7.0,2795.0,26174.0,399.27,3739.13,101649.0,49.12,21922.23,0,0,1,251,1.0,DoS Hulk
22,88996.0,4.0,9.0,1686.0,3749.0,421.56,416.53,61069.86,146.07,7416.33,0,0,0,8192,2.0,BENIGN
22,1085308.0,46.0,6.0,3291.0,368.0,71.54,61.26,3370.92,47.91,21280.55,0,0,0,-1,0.0,BENIGN
22,5960.0,2.0,8.0,39.0,957.0,19.5,119.57,167042.66,1677.85,662.22,0,0,0,8192,4.0,BENIGN
22,246139.0,3.0,1.0,313.0,113.0,104.38,113.46,1733.19,16.25,82046.33,0,0,0,8192,0.0,BENIGN
80,106746.0,16.0,2.0,611.0,318.0,38.21,158.93,8704.15,168.62,6279.18,0,0,1,8192,0.0,BENIGN
80,9975.0,3.0,4.0,256.0,63.0,85.2,15.65,31901.82,701.75,1662.5,0,1,0,256,1.0,Bot
80,77547.0,4.0,2.0,3912.0,1681.0,977.9,840.37,72115.61,77.37,15509.4,0,1,0,29200,0.0,DoS Hulk
80,54356.0,2.0,5.0,15.0,13796.0,7.34,2759.24,254081.66,128.78,9059.33,0,0,1,8192,2.0,DDoS
123,164742.0,7.0,2.0,238.0,414.0,33.98,207.25,3959.68,54.63,20592.75,0,1,0,8192,0.0,BENIGN
22,10617.0,6.0,9.0,479.0,583.0,79.9,64.76,100047.45,1412.83,758.36,0,0,0,29200,2.0,BENIGN
443,1174125.0,3.0,1.0,173.0,377.0,57.51,376.95,468.0,3.41,391375.0,0,1,0,65535,0.0,BENIGN
8080,146883.0,4.0,3.0,16.0,625.0,3.93,208.25,4360.48,47.66,24480.5,0,0,1,-1,1.0,BENIGN
8080,15219.0,2.0,4.0,170.0,454.0,85.09,113.44,40996.32,394.24,3043.8,0,0,1,256,2.0,Bot
80,8980285.0,3.0,2.0,67.0,2211.0,22.47,1105.35,253.68,0.56,2245071.25,0,0,1,8192,1.0,DDoS
443,753688.0,7.0,3.0,584.0,265.0,83.44,88.46,1127.06,13.27,83743.11,0,1,0,8192,0.0,Bot
123,20158423.0,1.0,6.0,10.0,1160.0,9.71,193.38,58.04,0.35,3359737.17,0,1,0,256,6.0,BENIGN
8080,18498.0,3.0,3.0,40.0,42.0,13.3,13.96,4422.22,324.36,3699.6,0,1,1,8192,1.0,BENIGN
22,4749.0,3.0,6.0,141.0,1893.0,47.16,315.48,428385.24,1895.14,593.62,0,0,0,65535,2.0,BENIGN
80,48060.0,8.0,2.0,1944.0,2234.0,242.98,1117.21,86938.63,208.07,5340.0,0,1,1,251,0.0,DoS Hulk
20,29.0,1.0,1.0,1.0,4.0,1.29,4.23,190475.48,68965.52,29.0,1,0,0,0,1.0,PortScan
443,2422348.0,3.0,2.0,101.0,1185.0,33.58,592.69,530.94,2.06,605587.0,0,0,1,256,1.0,BENIGN
53,27422.0,6.0,3.0,751.0,154.0,125.1,51.42,32998.69,328.2,3427.75,0,0,1,256,0.0,BENIGN
8080,144363.0,8.0,1.0,483.0,43.0,60.34,42.68,3639.22,62.34,18045.38,0,0,1,256,0.0,BENIGN
230,59.0,2.0,1.0,2.0,14.0,1.21,13.54,270690.49,50847.46,29.5,0,0,0,29200,0.0,PortScan
53,257.0,6.0,3.0,81.0,306.0,13.42,102.06,1504803.38,35019.46,32.12,0,0,0,29200,0.0,BENIGN
80,93192.0,6.0,2.0,2424.0,5726.0,403.97,2863.18,87455.52,85.84,13313.14,0,0,1,251,0.0,DoS Hulk
53,211316.0,50.0,41.0,1672.0,2955.0,33.44,72.07,21895.15,430.63,2347.96,0,0,0,256,1.0,BENIGN
80,185204.0,3.0,4.0,38.0,11752.0,12.61,2938.02,63659.05,37.8,30867.33,0,0,1,256,1.0,DDoS
53,179419.0,8.0,3.0,131.0,432.0,16.43,143.97,3139.67,61.31,17941.9,0,0,1,29200,0.0,BENIGN
53,423317.0,8.0,5.0,98.0,732.0,12.2,146.49,1960.84,30.71,35276.42,0,1,1,65535,1.0,BENIGN
443,8951.0,24.0,2.0,1075.0,68.0,44.79,34.0,127698.06,2904.7,358.04,0,0,0,8192,0.0,BENIGN
80,3657012.0,8.0,4.0,71.0,12875.0,8.85,3218.72,3539.96,3.28,332455.64,0,0,1,256,0.0,DDoS
8080,1608.0,1.0,3.0,86.0,102.0,86.4,34.07,117299.55,2487.56,536.0,0,0,0,65535,3.0,BENIGN
8080,1460.0,15.0,28.0,1095.0,2203.0,73.0,78.68,2258863.05,29452.05,34.76,0,1,0,8192,2.0,BENIGN
22,184435.0,15.0,10.0,142.0,2120.0,9.48,211.98,12264.46,135.55,7684.79,0,0,1,65535,1.0,BENIGN
8080,2780.0,5.0,4.0,1342.0,1495.0,268.3,373.77,1020365.94,3237.41,347.5,0,0,0,8192,1.0,BENIGN
53,33010.0,20.0,23.0,756.0,696.0,37.78,30.25,43965.62,1302.64,785.95,0,0,1,65535,1.0,BENIGN
80,44391.0,2.0,6.0,693.0,21179.0,346.43,3529.9,492718.9,180.22,6341.57,0,1,0,251,3.0,DoS Hulk
8080,125052.0,9.0,8.0,310.0,192.0,34.43,23.97,4011.07,135.94,7815.75,0,0,1,256,1.0,BENIGN
80,20704.0,5.0,2.0,57.0,4584.0,11.34,2292.19,224164.59,338.1,3450.67,0,1,0,8192,0.0,BENIGN
80,77372.0,2.0,30.0,43.0,4238.0,21.26,141.26,55321.57,413.59,2495.87,0,1,1,256,15.0,BENIGN
123,7560538.0,15.0,11.0,97.0,646.0,6.45,58.72,98.23,3.44,302421.52,0,0,1,65535,1.0,BENIGN
123,245950.0,4.0,8.0,102.0,109.0,25.38,13.6,855.33,48.79,22359.09,0,1,0,65535,2.0,BENIGN
8080,8813782.0,4.0,1.0,733.0,113.0,183.22,113.16,95.99,0.57,2203445.5,0,0,1,256,0.0,BENIGN
8080,777136.0,4.0,5.0,236.0,49.0,58.9,9.73,365.71,11.58,97142.0,0,0,0,256,1.0,BENIGN
443,6699.0,3.0,5.0,32.0,436.0,10.64,87.19,69840.89,1194.21,957.0,0,0,1,8192,2.0,BENIGN
22,57968.0,36.0,4.0,231.0,4018.0,6.43,1004.46,73301.29,690.04,1486.36,0,1,1,-1,0.0,BENIGN
8080,3147.0,2.0,4.0,115.0,3156.0,57.74,789.02,1039581.84,1906.58,629.4,0,0,0,29200,2.0,BENIGN
53,3792.0,12.0,3.0,1046.0,603.0,87.14,201.08,434852.9,3955.7,270.86,0,1,0,65535,0.0,BENIGN
80,496709.0,1.0,4.0,47.0,57.0,46.56,14.14,207.65,10.07,124177.25,0,0,0,8192,4.0,BENIGN
80,271273.0,3.0,6.0,1736.0,17489.0,578.59,2914.91,70870.37,33.18,33909.12,0,0,0,29200,2.0,DoS Hulk
22,2667.0,2.0,2.0,91.0,235.0,45.6,117.7,122462.56,1499.81,889.0,0,0,0,256,1.0,BENIGN
443,18563.0,8.0,12.0,157.0,12558.0,19.68,1046.48,684977.0,1077.41,977.0,0,0,1,-1,2.0,BENIGN
53,13557.0,6.0,9.0,238.0,586.0,39.61,65.13,60764.31,1106.44,968.36,1,0,0,8192,2.0,BENIGN
53,5694.0,6.0,7.0,79.0,763.0,13.22,108.99,147922.94,2283.11,474.5,0,0,1,256,1.0,BENIGN
443,75074.0,5.0,1.0,91.0,210.0,18.15,209.54,3999.69,79.92,15014.8,0,0,0,-1,0.0,BENIGN
22,1420.0,1.0,3.0,87.0,625.0,87.38,208.49,502006.1,2816.9,473.33,0,0,0,-1,3.0,BENIGN
80,20070.0,3.0,2.0,77.0,3264.0,25.51,1632.0,166443.79,249.13,5017.5,0,0,1,256,1.0,DDoS
80,1878025.0,7.0,6.0,603.0,1924.0,86.09,320.68,1345.39,6.92,156502.08,0,1,0,8192,1.0,Web Attack - Brute Force
443,1004.0,25.0,4.0,1127.0,9323.0,45.09,2330.78,10408746.36,28884.46,35.86,0,0,0,256,0.0,BENIGN
123,3211601.0,2.0,12.0,106.0,276.0,52.77,23.01,118.83,4.36,247046.23,0,0,0,65535,6.0,BENIGN
80,37418.0,4.0,4.0,1105.0,1852.0,276.31,462.91,79023.18,213.8,5345.43,0,1,0,29200,1.0,DoS Hulk
80,1782406.0,19.0,6.0,852.0,665.0,44.82,110.89,851.02,14.03,74266.92,1,0,0,29200,0.0,Web Attack - Brute Force
80,5195461.0,27.0,31.0,684.0,1340.0,25.35,43.22,389.61,11.16,91148.44,0,0,0,256,1.0,BENIGN
622,54.0,1.0,1.0,1.0,3.0,1.44,2.6,74862.83,37037.04,54.0,0,0,0,0,1.0,PortScan
80,15775.0,9.0,16.0,197.0,25485.0,21.86,1592.8,1627992.31,1584.79,657.29,1,0,0,-1,2.0,BENIGN
8080,169291764.0,25.0,36.0,1082.0,4227.0,43.27,117.42,31.36,0.36,2821529.4,0,0,0,256,1.0,BENIGN
443,2311970.0,66.0,21.0,2942.0,999.0,44.57,47.57,1704.53,37.63,26883.37,0,1,1,8192,0.0,BENIGN
8080,708839.0,3.0,34.0,310.0,3475.0,103.25,102.2,5339.32,52.2,19689.97,0,1,1,65535,11.0,BENIGN
8080,10854.0,2.0,3.0,112.0,5437.0,56.07,1812.42,511276.41,460.66,2713.5,0,1,1,8192,2.0,BENIGN
8080,138635.0,1.0,6.0,25.0,826.0,25.33,137.75,6144.34,50.49,23105.83,0,0,0,65535,6.0,BENIGN
443,8308.0,3.0,5.0,87.0,5028.0,28.91,1005.56,615616.68,962.93,1186.86,0,1,1,8192,2.0,BENIGN
443,45680.0,8.0,5.0,345.0,655.0,43.11,130.93,21880.61,284.59,3806.67,0,1,0,65535,1.0,BENIGN
443,886121.0,1.0,17.0,91.0,5171.0,91.48,304.15,5938.28,20.31,52124.76,0,1,0,29200,17.0,BENIGN
123,63236.0,38.0,4.0,2082.0,77.0,54.78,19.33,34139.76,664.18,1542.34,0,0,0,-1,0.0,BENIGN
443,41982.0,4.0,24.0,181.0,2038.0,45.31,84.92,52866.87,666.95,1554.89,0,0,1,256,6.0,BENIGN
8080,529578.0,1.0,7.0,33.0,563.0,33.18,80.36,1124.84,15.11,75654.0,0,1,1,65535,7.0,BENIGN
123,628701.0,2.0,9.0,205.0,298.0,102.71,33.12,800.83,17.5,62870.1,0,1,0,29200,4.0,BENIGN
123,85482.0,7.0,4.0,469.0,507.0,67.03,126.8,11422.59,128.68,8548.2,0,1,0,29200,1.0,BENIGN
22,288367.0,31.0,2.0,4761.0,71.0,153.58,35.66,16756.97,114.44,9011.47,0,0,1,256,0.0,BENIGN
8080,7595586.0,6.0,13.0,801.0,1301.0,133.44,100.05,276.64,2.5,421977.0,0,0,0,65535,2.0,BENIGN
123,2309.0,7.0,2.0,804.0,442.0,114.88,221.09,539781.66,3897.79,288.62,0,0,1,256,0.0,BENIGN
443,21368.0,5.0,4.0,75.0,223.0,15.06,55.86,13982.08,421.19,2671.0,0,0,1,65535,1.0,BENIGN
22,543.0,8.0,8.0,40.0,1726.0,4.97,215.81,3252736.73,29465.93,36.2,0,0,1,256,1.0,BENIGN
123,7656.0,11.0,3.0,1018.0,3440.0,92.54,1146.57,582238.85,1828.63,588.92,0,1,0,65535,0.0,BENIGN
8080,7093.0,3.0,4.0,136.0,304.0,45.35,76.09,62091.93,986.89,1182.17,0,0,0,65535,1.0,BENIGN
80,1015190.0,31.0,5.0,9646.0,599.0,311.15,119.73,10090.93,35.46,29005.43,0,0,0,8192,0.0,BENIGN
53,7457.0,30.0,12.0,3114.0,206.0,103.81,17.19,445300.14,5632.29,181.88,0,1,0,65535,0.0,BENIGN
22,739.0,2.0,6.0,61.0,248.0,30.45,41.37,418342.86,10825.44,105.57,0,1,0,65535,3.0,BENIGN
80,20656.0,6.0,5.0,87.0,21727.0,14.54,4345.36,1056062.65,532.53,2065.6,0,0,0,256,1.0,DDoS
8080,3079.0,22.0,16.0,1359.0,3016.0,61.76,188.51,1420875.71,12341.67,83.22,0,1,1,256,1.0,BENIGN
80,591485.0,4.0,8.0,1311.0,3134.0,327.79,391.8,7515.98,20.29,53771.36,0,0,0,29200,2.0,DoS Hulk
80,582594.0,4.0,8.0,15.0,34962.0,3.77,4370.26,60036.9,20.6,52963.09,0,0,1,8192,2.0,DDoS
80,7458970.0,4.0,5.0,57.0,19344.0,14.16,3868.71,2600.92,1.21,932371.25,0,0,1,8192,1.0,DDoS
8080,4016651.0,4.0,13.0,1111.0,13529.0,277.64,1040.69,3644.7,4.23,251040.69,0,0,1,8192,3.0,BENIGN
80,2169366.0,4.0,10.0,148.0,1856.0,36.9,185.6,923.58,6.45,166874.31,0,1,0,8192,2.0,BENIGN
8080,1198162.0,17.0,4.0,651.0,7571.0,38.31,1892.82,6862.58,17.53,59908.1,0,0,1,-1,0.0,BENIGN
123,1785667.0,22.0,2.0,1283.0,54.0,58.3,26.96,748.47,13.44,77637.7,0,1,1,8192,0.0,BENIGN
841,83.0,1.0,1.0,1.0,4.0,1.2,4.17,64737.6,24096.39,83.0,0,0,0,29200,1.0,PortScan
80,2222718.0,9.0,8.0,388.0,2620.0,43.13,327.53,1353.5,7.65,138919.88,0,1,0,29200,1.0,Web Attack - Brute Force
123,45099.0,9.0,6.0,1734.0,1022.0,192.65,170.31,61103.43,332.6,3221.36,0,0,0,-1,1.0,BENIGN
735,105.0,1.0,2.0,1.0,4.0,1.12,2.15,51649.62,28571.43,52.5,1,0,0,29200,2.0,PortScan
80,2195122.0,15.0,15.0,1150.0,2743.0,76.69,182.84,1773.46,13.67,75693.86,0,0,1,29200,1.0,Web Attack - Brute Force
123,1997.0,11.0,53.0,1323.0,25409.0,120.25,479.42,13386055.84,32048.07,31.7,0,0,1,29200,5.0,BENIGN
80,548655.0,2.0,5.0,11.0,9109.0,5.29,1821.73,16621.05,12.76,91442.5,0,0,1,8192,2.0,DDoS
53,24818.0,30.0,58.0,2350.0,13926.0,78.34,240.1,655823.44,3545.81,285.26,0,1,1,-1,2.0,BENIGN
443,410299.0,12.0,5.0,1234.0,200.0,102.82,39.93,3493.9,41.43,25643.69,0,0,0,-1,0.0,BENIGN
8080,8570.0,3.0,4.0,80.0,323.0,26.63,80.75,47013.3,816.8,1428.33,0,1,0,256,1.0,BENIGN
123,121.0,13.0,14.0,922.0,919.0,70.9,65.61,15208311.06,223140.5,4.65,0,0,1,8192,1.0,BENIGN
80,1943843.0,2.0,32.0,164.0,4034.0,82.12,126.06,2159.64,17.49,58904.33,0,1,0,-1,16.0,BENIGN
123,488848.0,19.0,15.0,462.0,11813.0,24.31,787.54,25110.1,69.55,14813.58,0,0,1,8192,1.0,BENIGN
80,146887.0,5.0,1.0,15.0,3570.0,3.07,3569.8,24407.36,40.85,29377.4,0,0,1,256,0.0,DDoS
443,135858.0,3.0,1.0,132.0,42.0,44.01,41.73,1278.94,29.44,45286.0,0,0,1,29200,0.0,BENIGN
443,5306.0,13.0,9.0,1850.0,88.0,142.28,9.83,365272.8,4146.25,252.67,0,1,1,29200,1.0,BENIGN
80,324168.0,8.0,4.0,249.0,1149.0,31.16,287.25,4313.56,37.02,29469.82,0,1,1,8192,0.0,BENIGN
443,117276.0,18.0,6.0,8283.0,140.0,460.17,23.31,71822.01,204.65,5098.96,0,0,0,256,0.0,BENIGN
80,9953.0,4.0,5.0,1270.0,39713.0,317.62,7942.52,4117658.67,904.25,1244.12,0,0,0,29200,1.0,DoS Hulk
8080,4108.0,22.0,3.0,1297.0,84.0,58.97,28.09,336302.47,6085.69,171.17,0,1,0,-1,0.0,BENIGN
8080,177382.0,4.0,16.0,68.0,4297.0,16.9,268.55,24604.79,112.75,9335.89,0,0,1,256,4.0,BENIGN
80,28.0,6.0,13.0,46.0,640.0,7.64,49.23,24496338.35,678571.43,1.56,0,1,0,65535,2.0,BENIGN
80,41534.0,6.0,6.0,1085.0,45770.0,180.89,7628.27,1128111.52,288.92,3775.82,0,1,0,251,1.0,DoS Hulk
443,24126.0,2.0,1.0,85.0,391.0,42.63,390.72,19729.13,124.35,12063.0,0,1,1,-1,0.0,BENIGN
80,61170.0,3.0,6.0,4.0,22350.0,1.44,3724.97,365442.79,147.13,7646.25,0,0,1,8192,2.0,DDoS
53,131796.0,2.0,8.0,52.0,695.0,25.82,86.86,5664.06,75.87,14644.0,1,0,0,65535,4.0,BENIGN
123,25039.0,10.0,9.0,248.0,146.0,24.82,16.18,15727.6,758.82,1391.06,1,1,0,-1,1.0,BENIGN
562,261.0,1.0,1.0,1.0,4.0,1.18,3.9,19439.05,7662.84,261.0,0,0,0,1024,1.0,PortScan
80,427.0,2.0,19.0,346.0,3582.0,173.19,188.52,9199553.28,49180.33,21.35,0,0,1,-1,10.0,BENIGN
53,4925.0,3.0,5.0,594.0,462.0,197.84,92.43,214350.26,1624.37,703.57,0,0,1,-1,2.0,BENIGN
53,15570.0,5.0,2.0,53.0,782.0,10.58,391.24,53654.33,449.58,2595.0,0,0,1,65535,0.0,BENIGN
80,45392.0,4.0,2.0,2159.0,3113.0,539.73,1556.44,116138.99,132.18,9078.4,0,0,1,29200,0.0,DoS Hulk
8080,146119.0,15.0,7.0,592.0,2588.0,39.48,369.73,21765.32,150.56,6958.05,0,0,1,29200,0.0,BENIGN
8080,134622.0,10.0,2.0,65.0,2334.0,6.53,1166.83,17819.7,89.14,12238.36,0,0,0,29200,0.0,BENIGN
8080,9765.0,11.0,4.0,5709.0,176.0,519.0,44.12,602712.79,1536.1,697.5,0,0,1,29200,0.0,BENIGN
80,1206490.0,5.0,4.0,29.0,7390.0,5.74,1847.44,6148.8,7.46,150811.25,0,0,0,256,1.0,DDoS
123,527.0,3.0,5.0,216.0,860.0,71.85,172.09,2041726.86,15180.27,75.29,0,0,0,8192,2.0,BENIGN
80,902081.0,4.0,5.0,20.0,12646.0,5.12,2529.17,14041.26,9.98,112760.12,0,0,1,256,1.0,DDoS
80,49460.0,4.0,4.0,872.0,20130.0,217.95,5032.53,424624.01,161.75,7065.71,0,1,1,29200,1.0,DoS Hulk
80,2403.0,4.0,1.0,158.0,102.0,39.38,102.01,107995.07,2080.73,600.75,0,0,1,-1,0.0,BENIGN
80,51950.0,3.0,2.0,268.0,25.0,89.41,12.66,5651.07,96.25,12987.5,0,1,1,29200,1.0,BENIGN
123,33153.0,11.0,7.0,1639.0,1756.0,148.96,250.82,102381.2,542.94,1950.18,0,0,0,256,1.0,BENIGN
443,1664858.0,4.0,13.0,221.0,5333.0,55.13,410.26,3335.99,10.21,104053.62,0,0,1,256,3.0,Bot
304,122.0,2.0,1.0,1.0,3.0,0.52,2.59,29717.61,24590.16,61.0,0,0,0,29200,0.0,PortScan
80,1356923.0,5.0,3.0,64.0,8468.0,12.87,2822.56,6287.76,5.9,193846.14,0,0,1,256,1.0,DDoS
80,152344.0,7.0,6.0,2725.0,11218.0,389.22,1869.71,91521.78,85.33,12695.33,0,1,0,29200,1.0,DoS Hulk
130,20.0,1.0,1.0,2.0,7.0,1.51,6.58,404855.26,100000.0,20.0,1,0,0,1024,1.0,PortScan
123,983381.0,17.0,5.0,2737.0,100.0,161.01,20.02,2885.26,22.37,46827.67,0,1,0,8192,0.0,BENIGN
53,6294.0,9.0,9.0,625.0,1162.0,69.4,129.15,283920.24,2859.87,370.24,0,0,0,65535,1.0,BENIGN
163,24.0,1.0,1.0,1.0,1.0,1.41,0.64,85500.83,83333.33,24.0,1,0,0,29200,1.0,PortScan
123,1809519.0,10.0,10.0,1031.0,3797.0,103.11,379.7,2668.18,11.05,95237.84,0,1,1,65535,1.0,BENIGN
443,44448.0,9.0,1.0,1409.0,183.0,156.52,183.15,35813.07,224.98,4938.67,0,0,0,29200,0.0,BENIGN
22,257.0,14.0,11.0,358.0,1362.0,25.55,123.81,6691489.0,97276.26,10.71,0,0,0,65535,1.0,BENIGN
443,1165996.0,2.0,9.0,46.0,784.0,22.77,87.07,711.12,9.43,116599.6,0,0,1,256,4.0,BENIGN
80,3723.0,7.0,4.0,648.0,345.0,92.52,86.3,266680.69,2954.61,372.3,0,1,1,65535,1.0,BENIGN
53,6254033.0,3.0,4.0,37.0,1037.0,12.31,259.13,171.64,1.12,1042338.83,0,0,0,256,1.0,BENIGN
80,818420.0,34.0,1.0,468.0,96.0,13.75,96.22,688.88,42.77,24071.18,0,0,0,65535,0.0,BENIGN
80,24781.0,9.0,4.0,1772.0,16548.0,196.85,4137.07,739273.76,524.6,2065.08,0,0,0,29200,0.0,DoS Hulk
8080,3462.0,3.0,2.0,69.0,8617.0,23.16,4308.65,2509182.05,1444.25,865.5,0,0,0,-1,1.0,BENIGN
22,43804.0,3.0,49.0,669.0,4632.0,222.89,94.54,121015.89,1187.11,858.9,0,0,1,65535,16.0,BENIGN
80,97047.0,19.0,36.0,2027.0,468.0,106.71,12.99,25709.14,566.74,1797.17,0,1,1,65535,2.0,BENIGN
80,149285.0,41.0,0.0,2536.0,0.0,61.84,0.0,16984.8,274.64,3732.12,0,0,0,29200,0.0,BENIGN
22,95160.0,4.0,8.0,378.0,7400.0,94.61,924.96,81737.15,126.1,8650.91,0,1,0,65535,2.0,BENIGN
123,19804.0,8.0,1.0,871.0,5.0,108.89,5.27,44253.14,454.45,2475.5,0,1,0,-1,0.0,BENIGN
8080,2310437.0,29.0,102.0,2384.0,352334.0,82.21,3454.25,153528.41,56.7,17772.59,0,1,1,65535,4.0,BENIGN
443,12122.0,29.0,5.0,2202.0,1242.0,75.94,248.39,284136.89,2804.82,367.33,0,0,0,29200,0.0,BENIGN
443,254970.0,5.0,2.0,101.0,50.0,20.26,25.19,594.91,27.45,42495.0,0,1,0,-1,0.0,BENIGN
22,518954.0,13.0,5.0,716.0,653.0,55.1,130.69,2639.56,34.69,30526.71,0,0,1,29200,0.0,BENIGN
443,631.0,23.0,3.0,326.0,116.0,14.19,38.52,700217.35,41204.44,25.24,0,0,0,8192,0.0,BENIGN
80,346128.0,5.0,4.0,44.0,14234.0,8.74,3558.53,41250.18,26.0,43266.0,0,0,1,8192,1.0,DDoS
8080,13368.0,1.0,2.0,83.0,86.0,83.47,42.89,12661.06,224.42,6684.0,0,1,0,65535,2.0,BENIGN
80,2650584.0,8.0,2.0,42.0,6750.0,5.2,3375.17,2562.42,3.77,294509.33,0,0,1,256,0.0,DDoS
8080,194433.0,101.0,6.0,17436.0,621.0,172.63,103.43,92865.42,550.32,1834.27,0,1,0,-1,0.0,BENIGN
8080,257241.0,20.0,3.0,654.0,114.0,32.71,37.88,2984.73,89.41,11692.77,0,0,0,8192,0.0,BENIGN
80,1183571.0,18.0,1.0,831.0,263.0,46.18,262.87,924.44,16.05,65753.94,0,0,0,8192,0.0,BENIGN
80,38475.0,3.0,3.0,1234.0,3068.0,411.43,1022.54,111811.2,155.95,7695.0,0,1,0,29200,1.0,DoS Hulk
123,178757.0,3.0,1.0,68.0,55.0,22.51,54.85,684.69,22.38,59585.67,0,0,1,-1,0.0,BENIGN
80,11183.0,21.0,2.0,2527.0,337.0,120.35,168.44,256130.26,2056.69,508.32,0,0,1,65535,0.0,BENIGN
22,104714.0,3.0,2.0,339.0,60.0,113.08,29.88,3810.2,47.75,26178.5,0,0,0,29200,1.0,BENIGN
80,129721.0,10.0,7.0,5108.0,22453.0,510.82,3207.62,212467.83,131.05,8107.56,0,1,0,29200,1.0,DoS Hulk
443,5569.0,19.0,18.0,775.0,1652.0,40.77,91.78,435746.74,6643.92,154.69,0,0,0,65535,1.0,BENIGN
443,37864.0,2.0,1.0,43.0,263.0,21.58,262.95,8084.31,79.23,18932.0,0,1,0,8192,0.0,BENIGN
22,2165692.0,8.0,43.0,951.0,71274.0,118.86,1657.53,33349.38,23.55,43313.84,0,1,1,256,5.0,BENIGN
53,342395.0,2.0,3.0,25.0,138.0,12.74,45.99,477.36,14.6,85598.75,0,0,0,256,2.0,BENIGN
8080,8417.0,13.0,2.0,196.0,1225.0,15.1,612.27,168801.67,1782.11,601.21,0,0,1,-1,0.0,BENIGN
22,62089.0,21.0,11.0,656.0,133.0,31.25,12.11,12713.08,515.39,2002.87,0,1,0,29200,1.0,BENIGN
80,268126.0,4.0,5.0,1049.0,12345.0,262.32,2469.06,49956.33,33.57,33515.75,0,1,0,251,1.0,DoS Hulk
123,37180448.0,18.0,1.0,1671.0,295.0,92.86,294.52,52.88,0.51,2065580.44,0,1,0,-1,0.0,BENIGN
80,155929.0,7.0,3.0,3199.0,4944.0,457.07,1647.89,52223.49,64.13,17325.44,0,1,0,251,0.0,DoS Hulk
53,103669.0,1.0,20.0,66.0,315.0,66.37,15.77,3681.79,202.57,5183.45,0,1,1,29200,20.0,BENIGN
22,14558.0,9.0,6.0,1058.0,1790.0,117.61,298.27,195638.55,1030.36,1039.86,0,1,0,29200,1.0,BENIGN
80,277964.0,12.0,41.0,308.0,105154.0,25.66,2564.72,379406.99,190.67,5345.46,0,0,0,-1,3.0,BENIGN
53,20412.0,1.0,24.0,268.0,3117.0,268.46,129.86,165839.16,1224.77,850.5,0,0,0,29200,24.0,BENIGN
80,122785.0,4.0,2.0,1374.0,1380.0,343.6,690.21,22436.08,48.87,24557.0,0,0,0,29200,0.0,DoS Hulk
740,67.0,1.0,1.0,1.0,5.0,0.66,5.13,86496.98,29850.75,67.0,0,0,0,0,1.0,PortScan
8080,37110.0,13.0,5.0,970.0,206.0,74.59,41.19,31681.08,485.04,2182.94,1,0,1,-1,0.0,BENIGN
80,1313385.0,2.0,3.0,75.0,345.0,37.61,114.96,319.87,3.81,328346.25,0,1,0,8192,2.0,BENIGN
80,51108.0,5.0,4.0,256.0,1343.0,51.16,335.75,31282.77,176.1,6388.5,0,1,0,-1,1.0,BENIGN
80,37775.0,6.0,4.0,1394.0,2473.0,232.31,618.16,102356.92,264.73,4197.22,0,0,0,251,1.0,DoS Hulk
22,307629.0,3.0,5.0,39.0,2263.0,13.15,452.58,7484.12,26.01,43947.0,0,0,0,256,2.0,BENIGN
443,673334.0,3.0,1.0,143.0,53.0,47.69,52.88,291.02,5.94,224444.67,0,0,1,29200,0.0,BENIGN
80,47464.0,4.0,14.0,36.0,36914.0,9.02,2636.68,778477.42,379.23,2792.0,0,1,1,8192,4.0,DDoS
123,12469.0,17.0,5.0,295.0,505.0,17.36,100.95,64146.49,1764.38,593.76,0,0,0,-1,0.0,BENIGN
22,93606.0,9.0,6.0,232.0,307.0,25.82,51.16,5761.3,160.25,6686.14,0,0,1,256,1.0,BENIGN
80,18794.0,5.0,7.0,1195.0,9665.0,239.03,1380.67,577834.23,638.5,1708.55,0,0,0,251,1.0,DoS Hulk
80,551856.0,3.0,3.0,17.0,11255.0,5.69,3751.65,20425.63,10.87,110371.2,0,0,1,8192,1.0,DDoS
80,891.0,1.0,9.0,32.0,692.0,32.03,76.85,812244.83,11223.34,99.0,0,1,1,8192,9.0,BENIGN
103,32.0,2.0,1.0,4.0,2.0,1.9,2.33,191668.19,93750.0,16.0,1,0,0,0,0.0,PortScan
123,118294.0,4.0,1.0,15.0,91.0,3.85,90.97,899.3,42.27,29573.5,0,1,1,29200,0.0,BENIGN
22,20780.0,6.0,4.0,518.0,125.0,86.34,31.26,30944.79,481.23,2308.89,0,1,0,8192,1.0,BENIGN
22,1055.0,24.0,10.0,3238.0,5680.0,134.93,567.99,8453243.7,32227.49,31.97,0,0,0,65535,0.0,BENIGN
8080,98626.0,1.0,17.0,89.0,7263.0,89.5,427.26,74552.94,182.51,5801.53,1,0,1,65535,17.0,BENIGN
53,198860.0,4.0,21.0,254.0,10188.0,63.62,485.15,52512.68,125.72,8285.83,1,0,1,65535,5.0,BENIGN
22,2109.0,1.0,4.0,83.0,202.0,82.76,50.51,135036.09,2370.79,527.25,0,0,0,8192,4.0,BENIGN
80,254600.0,5.0,2.0,1539.0,2322.0,307.78,1160.8,15163.02,27.49,42433.33,0,0,0,251,0.0,DoS Hulk
123,41406.0,3.0,24.0,82.0,1611.0,27.38,67.14,40902.27,652.08,1592.54,0,0,1,8192,8.0,BENIGN
53,1288.0,2.0,70.0,194.0,3788.0,97.0,54.11,3091470.81,55900.62,18.14,0,0,0,256,35.0,BENIGN
53,3303763.0,6.0,10.0,185.0,912.0,30.79,91.16,331.83,4.84,220250.87,0,0,1,29200,2.0,BENIGN
123,74583.0,19.0,6.0,1775.0,362.0,93.41,60.28,28646.98,335.2,3107.62,0,0,0,65535,0.0,BENIGN
80,709208.0,10.0,4.0,476.0,511.0,47.59,127.72,1391.45,19.74,54554.46,0,0,0,8192,0.0,Web Attack - Brute Force
80,142791.0,4.0,7.0,1850.0,16693.0,462.44,2384.67,129857.37,77.04,14279.1,0,0,0,251,2.0,DoS Hulk
53,1361589.0,12.0,20.0,314.0,1367.0,26.21,68.35,1234.98,23.5,43922.23,0,0,0,256,2.0,BENIGN
80,325694.0,11.0,3.0,724.0,567.0,65.8,188.94,3962.5,42.99,25053.38,0,1,1,256,0.0,BENIGN
80,1565301.0,3.0,3.0,28.0,7695.0,9.5,2565.05,4934.28,3.83,313060.2,0,0,1,256,1.0,DDoS
123,11342.0,11.0,13.0,2595.0,2093.0,235.87,160.98,413272.19,2116.03,493.13,0,0,0,65535,1.0,BENIGN
8080,2860.0,1.0,19.0,63.0,5694.0,62.91,299.67,2012776.37,6993.01,150.53,0,0,0,65535,19.0,BENIGN
80,356.0,5.0,4.0,872.0,1083.0,174.5,270.65,5491814.96,25280.9,44.5,0,1,1,8192,1.0,BENIGN
8080,210.0,38.0,6.0,1274.0,1628.0,33.52,271.38,13818634.51,209523.81,4.88,0,1,0,-1,0.0,BENIGN
443,113737.0,1.0,3.0,90.0,20836.0,90.17,6945.4,183989.11,35.17,37912.33,0,1,0,256,3.0,BENIGN
80,355931.0,3.0,3.0,260.0,1150.0,86.82,383.48,3963.99,16.86,71186.2,0,0,0,29200,1.0,BENIGN
8080,511417.0,6.0,3.0,333.0,23.0,55.47,7.63,695.47,17.6,63927.12,0,0,0,-1,0.0,BENIGN
443,620.0,23.0,12.0,4954.0,10961.0,215.39,913.44,25669659.85,56451.61,18.24,0,1,0,256,1.0,BENIGN
80,93562.0,5.0,10.0,2133.0,10974.0,426.63,1097.42,140091.92,160.32,6683.0,0,0,0,251,2.0,DoS Hulk
928,19.0,1.0,1.0,3.0,2.0,2.56,1.7,224227.35,105263.16,19.0,1,0,0,1024,1.0,PortScan
8080,4048.0,14.0,62.0,178.0,16621.0,12.71,268.08,4149843.02,18774.7,53.97,0,0,0,256,4.0,BENIGN
22,486658.0,25.0,13.0,10379.0,9165.0,415.15,705.03,40160.16,78.08,13152.92,0,1,0,8192,1.0,BENIGN
80,11565.0,3.0,2.0,792.0,3466.0,263.91,1733.05,368166.59,432.34,2891.25,0,1,1,29200,1.0,DoS Hulk
8080,721620.0,4.0,22.0,54.0,2761.0,13.57,125.51,3901.77,36.03,28864.8,0,1,0,8192,6.0,BENIGN
80,12029331.0,11.0,8.0,1074.0,1533.0,97.6,191.57,216.65,1.58,668296.17,0,0,0,29200,1.0,BENIGN
8080,172081.0,27.0,12.0,1630.0,1151.0,60.36,95.94,16160.68,226.64,4528.45,0,1,0,29200,0.0,BENIGN
123,296282.0,11.0,21.0,322.0,128729.0,29.24,6129.95,435567.19,108.01,9557.48,0,0,1,65535,2.0,BENIGN
8080,7589.0,13.0,9.0,660.0,3742.0,50.79,415.77,580077.99,2898.93,361.38,0,0,0,29200,1.0,BENIGN
22,281885.0,4.0,3.0,347.0,112.0,86.69,37.33,1627.41,24.83,46980.83,0,1,0,-1,1.0,BENIGN
80,186601.0,4.0,4.0,1000.0,10166.0,250.12,2541.43,59839.94,42.87,26657.29,0,1,0,251,1.0,DoS Hulk
8080,6265.0,1.0,7.0,22.0,767.0,22.3,109.5,125908.13,1276.94,895.0,0,0,1,256,7.0,BENIGN
123,85383883.0,15.0,11.0,519.0,122.0,34.59,11.09,7.51,0.3,3415355.32,0,1,0,8192,1.0,BENIGN
8080,4077.0,3.0,15.0,179.0,3427.0,59.56,228.46,884377.8,4415.01,239.82,0,0,0,-1,5.0,BENIGN
53,11490.0,5.0,15.0,197.0,1303.0,39.39,86.88,130567.08,1740.64,604.74,0,1,1,8192,3.0,BENIGN
80,862902.0,3.0,16.0,141.0,2459.0,46.84,153.7,3012.76,22.02,47939.0,0,1,1,8192,5.0,BENIGN
22,103115.0,2.0,23.0,223.0,378.0,111.54,16.45,5831.7,242.45,4296.46,0,1,0,8192,12.0,BENIGN
80,29615.0,6.0,5.0,2317.0,6325.0,386.11,1265.07,291812.62,371.43,2961.5,0,1,1,29200,1.0,DoS Hulk
53,21464.0,17.0,3.0,7012.0,775.0,412.48,258.38,362809.74,931.79,1129.68,0,1,1,65535,0.0,BENIGN
80,25635.0,2.0,11.0,929.0,7851.0,464.61,713.7,342498.69,507.12,2136.25,0,1,0,251,6.0,DoS Hulk
80,10555.0,40.0,5.0,803.0,743.0,20.08,148.66,146525.32,4263.38,239.89,1,0,0,8192,0.0,BENIGN
443,382725.0,2.0,8.0,1129.0,4700.0,564.53,587.5,15230.34,26.13,42525.0,0,1,0,29200,4.0,BENIGN
80,2061515.0,15.0,4.0,970.0,484.0,64.66,121.11,705.48,9.22,114528.61,0,0,0,8192,0.0,Web Attack - Brute Force
53,75824.0,7.0,9.0,348.0,262.0,49.71,29.08,8040.42,211.01,5054.93,0,1,1,-1,1.0,BENIGN
80,106426.0,1.0,3.0,45.0,604.0,45.27,201.24,6098.09,37.58,35475.33,0,0,0,8192,3.0,Bot
22,51084.0,19.0,3.0,400.0,1536.0,21.07,512.08,37911.21,430.66,2432.57,0,0,0,256,0.0,BENIGN
53,609712.0,4.0,4.0,69.0,2692.0,17.17,672.98,4527.67,13.12,87101.71,0,0,0,65535,1.0,BENIGN
80,7920.0,7.0,11.0,554.0,2173.0,79.09,197.58,344318.73,2272.73,465.88,0,0,0,29200,2.0,BENIGN
22,1355763.0,5.0,6.0,336.0,747.0,67.18,124.51,798.77,8.11,135576.3,0,0,0,-1,1.0,BENIGN
80,103975.0,4.0,4.0,3877.0,4878.0,969.23,1219.62,84206.96,76.94,14853.57,0,1,0,251,1.0,DoS Hulk
80,1768036.0,4.0,7.0,1686.0,6854.0,421.42,979.19,4830.22,6.22,176803.6,0,1,0,29200,2.0,DoS Hulk
80,20248.0,6.0,3.0,3298.0,11686.0,549.7,3895.19,740012.76,444.49,2531.0,0,1,1,29200,0.0,DoS Hulk
8080,12161.0,5.0,5.0,544.0,723.0,108.88,144.51,104178.74,822.3,1351.22,0,0,1,256,1.0,Bot
991,50.0,1.0,1.0,2.0,7.0,2.29,6.62,178172.2,40000.0,50.0,0,0,0,0,1.0,PortScan
8080,409386.0,8.0,20.0,535.0,415.0,66.88,20.76,2321.03,68.4,15162.44,0,1,1,-1,2.0,BENIGN
53,22894.0,7.0,21.0,97.0,2696.0,13.85,128.39,122001.68,1223.03,847.93,0,1,0,256,3.0,BENIGN
8080,380802.0,2.0,5.0,375.0,4050.0,187.42,809.99,11619.74,18.38,63467.0,0,1,1,8192,2.0,BENIGN
80,240654.0,6.0,4.0,1802.0,3702.0,300.41,925.56,22873.99,41.55,26739.33,0,1,1,251,1.0,DoS Hulk
443,119454.0,4.0,7.0,56.0,6324.0,13.97,903.38,53406.08,92.09,11945.4,0,1,1,-1,2.0,BENIGN
8080,11668.0,10.0,1.0,684.0,753.0,68.4,752.95,123150.45,942.75,1166.8,0,0,1,-1,0.0,BENIGN
80,979886.0,2.0,6.0,13.0,19203.0,6.72,3200.48,19610.79,8.16,139983.71,0,0,1,256,3.0,DDoS
22,8392.0,6.0,21.0,209.0,3080.0,34.77,146.66,391866.17,3217.35,322.77,0,0,1,-1,4.0,BENIGN
8080,144263.0,9.0,26.0,825.0,270.0,91.64,10.38,7588.43,242.61,4243.03,0,0,0,29200,3.0,BENIGN
123,4513071.0,12.0,12.0,227.0,2408.0,18.95,200.67,583.96,5.32,196220.48,0,0,1,29200,1.0,BENIGN
8080,1353262.0,7.0,6.0,218.0,1008.0,31.21,167.98,906.18,9.61,112771.83,0,0,0,8192,1.0,BENIGN
22,4128.0,13.0,11.0,469.0,149.0,36.1,13.56,149833.51,5813.95,179.48,0,1,1,8192,1.0,BENIGN
8080,2226.0,10.0,183.0,1576.0,374017.0,157.56,2043.81,168730026.42,86702.61,11.59,1,0,0,29200,18.0,BENIGN
80,3201.0,25.0,6.0,1043.0,425.0,41.73,70.84,458672.38,9684.47,106.7,1,0,1,29200,0.0,BENIGN
53,38478.0,4.0,18.0,70.0,313.0,17.6,17.41,9973.79,571.76,1832.29,0,1,1,-1,4.0,BENIGN
22,1581.0,15.0,33.0,706.0,2539.0,47.08,76.95,2052816.46,30360.53,33.64,0,0,0,256,2.0,BENIGN
443,51648038.0,5.0,1.0,244.0,244.0,48.86,244.04,9.46,0.12,10329607.6,0,0,0,65535,0.0,BENIGN
443,157573.0,8.0,11.0,592.0,254.0,73.98,23.08,5366.63,120.58,8754.06,0,1,0,256,1.0,BENIGN
80,148784.0,3.0,3.0,18.0,4435.0,5.9,1478.21,29924.77,40.33,29756.8,0,0,1,256,1.0,DDoS
80,2222337.0,5.0,3.0,52.0,9559.0,10.48,3186.38,4324.97,3.6,317476.71,0,0,0,256,1.0,DDoS
443,49409.0,2.0,3.0,199.0,229.0,99.49,76.49,8671.6,101.2,12352.25,1,0,1,65535,2.0,Bot
22,971388.0,14.0,15.0,1130.0,352.0,80.71,23.44,1525.14,29.85,34692.43,0,1,0,29200,1.0,BENIGN
22,721.0,5.0,10.0,82.0,1074.0,16.39,107.36,1602709.78,20804.44,51.5,0,0,0,-1,2.0,BENIGN
22,1201.0,9.0,6.0,131.0,522.0,14.58,86.97,543748.19,12489.59,85.79,0,0,0,256,1.0,BENIGN
80,35405.0,3.0,3.0,696.0,9015.0,232.05,3005.07,274293.16,169.47,7081.0,0,0,0,29200,1.0,DoS Hulk
80,92732.0,5.0,5.0,26.0,11844.0,5.2,2368.75,128000.62,107.84,10303.56,0,0,1,256,1.0,DDoS
53,77315.0,3.0,5.0,335.0,624.0,111.8,124.75,12406.09,103.47,11045.0,0,0,0,65535,2.0,BENIGN
443,871753.0,4.0,1.0,769.0,9.0,192.28,9.25,892.9,5.74,217938.25,0,1,0,65535,0.0,BENIGN
80,2909510.0,3.0,3.0,29.0,14828.0,9.7,4942.81,5106.54,2.06,581902.0,0,0,1,8192,1.0,DDoS
443,21389.0,3.0,42.0,309.0,1508.0,103.08,35.91,84971.43,2103.89,486.11,0,0,0,29200,14.0,BENIGN
123,24158.0,13.0,4.0,862.0,502.0,66.3,125.5,56458.99,703.7,1509.88,0,1,0,-1,0.0,BENIGN
80,181704.0,3.0,8.0,16.0,26413.0,5.35,3301.62,145450.69,60.54,18170.4,0,0,1,256,3.0,DDoS
443,13857.0,5.0,3.0,288.0,412.0,57.58,137.25,50491.41,577.33,1979.57,0,1,0,65535,1.0,BENIGN
80,4605635.0,5.0,5.0,2135.0,7515.0,427.09,1503.08,2095.44,2.17,511737.22,0,1,1,251,1.0,DoS Hulk
8080,664906.0,8.0,19.0,508.0,19757.0,63.51,1039.85,30478.43,40.61,25573.31,0,0,1,29200,2.0,BENIGN
80,144789.0,3.0,10.0,1891.0,13103.0,630.39,1310.29,103558.17,89.79,12065.75,0,0,0,29200,3.0,DoS Hulk
22,273.0,3.0,1.0,126.0,238.0,42.03,238.24,1334566.51,14652.01,91.0,0,1,1,8192,0.0,BENIGN
80,121163.0,68.0,47.0,4327.0,6538.0,63.64,139.12,89678.45,949.13,1062.83,0,0,0,-1,1.0,BENIGN
443,295640.0,8.0,1.0,131.0,109.0,16.39,108.62,810.99,30.44,36955.0,0,1,0,65535,0.0,BENIGN
80,19344.0,6.0,8.0,68.0,159.0,11.35,19.83,11721.35,723.74,1488.0,0,0,1,65535,1.0,BENIGN
8080,25639.0,2.0,0.0,39.0,0.0,19.43,0.0,1515.45,78.01,25639.0,0,1,0,256,0.0,BENIGN
123,10711.0,3.0,2.0,280.0,3568.0,93.48,1783.78,359257.92,466.81,2677.75,1,0,1,8192,1.0,BENIGN
381,6.0,3.0,1.0,5.0,4.0,1.75,3.75,1500003.03,666666.67,2.0,1,0,1,29200,0.0,PortScan
53,220338.0,9.0,0.0,1526.0,0.0,169.58,0.0,6926.64,40.85,27542.25,0,0,0,-1,0.0,BENIGN
8080,1093.0,12.0,0.0,474.0,0.0,39.5,0.0,433700.93,10978.96,99.36,0,0,1,-1,0.0,BENIGN
80,937791.0,2.0,2.0,28.0,4968.0,13.75,2483.9,5326.67,4.27,312597.0,0,0,1,8192,1.0,DDoS
443,7209.0,6.0,1.0,432.0,33.0,71.92,33.39,64491.68,971.01,1201.5,0,1,1,8192,0.0,BENIGN
53,57377.0,9.0,3.0,3964.0,1094.0,440.41,364.56,88143.51,209.14,5216.09,0,0,1,65535,0.0,BENIGN
80,241.0,5.0,3.0,1844.0,223.0,368.84,74.3,8577228.02,33195.02,34.43,0,0,0,65535,1.0,Bot
53,19013.0,7.0,7.0,70.0,1142.0,9.93,163.09,63699.93,736.34,1462.54,0,0,0,256,1.0,BENIGN
80,346152.0,3.0,3.0,7.0,10451.0,2.37,3483.82,30213.81,17.33,69230.4,0,0,1,256,1.0,DDoS
80,10660.0,8.0,7.0,2865.0,14684.0,358.12,2097.71,1646240.44,1407.13,761.43,0,1,0,251,1.0,DoS Hulk
80,1457819.0,7.0,43.0,387.0,1022.0,55.22,23.76,966.12,34.3,29751.41,0,1,0,29200,6.0,BENIGN
80,89939.0,3.0,5.0,43.0,995.0,14.25,199.04,11540.32,88.95,12848.43,0,1,0,29200,2.0,BENIGN
80,580418.0,14.0,4.0,1435.0,17689.0,102.49,4422.23,32948.32,31.01,34142.24,0,0,1,29200,0.0,BENIGN
225,7.0,1.0,1.0,1.0,6.0,1.2,5.58,969343.34,285714.29,7.0,1,0,0,0,1.0,PortScan
80,3304499.0,8.0,7.0,133.0,33057.0,16.69,4722.44,10044.06,4.54,236035.64,0,1,1,8192,1.0,DDoS
443,437768.0,3.0,33.0,124.0,7195.0,41.48,218.04,16720.34,82.24,12507.66,0,0,0,29200,11.0,BENIGN
22,3980.0,3.0,5.0,370.0,127.0,123.5,25.49,125113.65,2010.05,568.57,0,0,0,29200,2.0,BENIGN
443,65645.0,3.0,4.0,292.0,384.0,97.17,96.09,10295.86,106.63,10940.83,0,0,1,29200,1.0,BENIGN
443,491172.0,6.0,6.0,73.0,24631.0,12.23,4105.18,50296.96,24.43,44652.0,0,1,1,8192,1.0,BENIGN
8080,6640.0,38.0,8.0,1495.0,1030.0,39.34,128.72,380219.42,6927.71,147.56,0,0,0,65535,0.0,BENIGN
80,65266.0,4.0,5.0,98.0,6759.0,24.51,1351.88,105069.45,137.9,8158.25,0,0,1,256,1.0,DDoS
8080,126409.0,2.0,7.0,139.0,778.0,69.63,111.1,7254.06,71.2,15801.12,0,0,1,8192,4.0,Bot
80,14454449.0,6.0,4.0,24.0,7599.0,4.02,1899.69,527.37,0.69,1606049.89,0,0,1,8192,1.0,DDoS
270,78.0,1.0,1.0,3.0,72.0,3.45,72.33,971490.93,25641.03,78.0,1,0,0,0,1.0,PortScan
80,14822.0,5.0,4.0,2992.0,3825.0,598.44,956.34,459960.86,607.21,1852.75,0,0,0,251,1.0,DoS Hulk
8080,7097.0,2.0,10.0,100.0,5269.0,50.01,526.94,756584.17,1690.86,645.18,0,0,1,8192,5.0,BENIGN
80,249.0,6.0,3.0,253.0,414.0,42.12,137.97,2677281.77,36144.58,31.12,0,1,0,65535,0.0,BENIGN
443,23175.0,5.0,1.0,228.0,44.0,45.57,43.99,11730.19,258.9,4635.0,0,0,1,-1,0.0,BENIGN
53,2411350.0,4.0,3.0,371.0,319.0,92.75,106.41,286.23,2.9,401891.67,1,1,0,29200,1.0,BENIGN
80,34412.0,10.0,24.0,650.0,2605.0,65.05,108.56,94617.76,988.03,1042.79,0,0,0,-1,2.0,BENIGN
53,418045.0,2.0,4.0,126.0,433.0,62.75,108.22,1335.76,14.35,83609.0,0,0,1,65535,2.0,BENIGN
80,422093.0,5.0,3.0,866.0,9089.0,173.22,3029.77,23585.86,18.95,60299.0,0,1,0,29200,1.0,DoS Hulk
8080,705.0,8.0,4.0,1079.0,254.0,134.84,63.45,1890078.33,17021.28,64.09,0,0,0,256,0.0,BENIGN
123,1751.0,2.0,4.0,77.0,130994.0,38.49,32748.55,74855026.24,3426.61,350.2,0,0,0,8192,2.0,BENIGN
443,40841.0,8.0,9.0,1483.0,1472.0,185.43,163.61,72377.08,416.25,2552.56,0,0,0,256,1.0,BENIGN
80,73338.0,5.0,2.0,2528.0,1708.0,505.51,853.93,57752.13,95.45,12223.0,0,0,0,29200,0.0,DoS Hulk
53,39522.0,5.0,8.0,2391.0,831.0,478.25,103.85,81524.2,328.93,3293.5,0,1,0,65535,2.0,BENIGN
503,31.0,1.0,1.0,2.0,5.0,1.8,5.08,221871.83,64516.13,31.0,1,0,0,1024,1.0,PortScan
80,31023.0,8.0,3.0,2512.0,4580.0,314.04,1526.62,228609.91,354.58,3102.3,0,0,0,29200,0.0,DoS Hulk
22,575589.0,23.0,0.0,1065.0,0.0,46.29,0.0,1849.62,39.96,26163.14,0,0,0,8192,0.0,BENIGN
443,18838.0,1.0,44.0,24.0,9573.0,24.38,217.57,509471.33,2388.79,428.14,1,0,0,29200,44.0,BENIGN
80,35618.0,6.0,5.0,782.0,13929.0,130.32,2785.71,413006.49,308.83,3561.8,0,0,0,29200,1.0,DoS Hulk
8080,6297.0,2.0,8.0,99.0,1500.0,49.53,187.55,254009.72,1588.06,699.67,1,0,0,29200,4.0,BENIGN
80,204072.0,4.0,3.0,2004.0,5200.0,500.95,1733.29,35299.65,34.3,34012.0,0,0,1,29200,1.0,DoS Hulk
53,208871.0,6.0,12.0,353.0,10599.0,58.78,883.26,52433.45,86.18,12286.53,0,1,1,256,2.0,BENIGN
123,9133.0,13.0,8.0,268.0,283.0,20.59,35.43,60340.39,2299.35,456.65,0,1,0,29200,1.0,BENIGN
22,217.0,3.0,6.0,26.0,6772.0,8.57,1128.62,31324441.12,41474.65,27.12,0,1,0,-1,2.0,BENIGN
443,383899.0,5.0,4.0,102.0,402.0,20.35,100.47,1311.84,23.44,47987.38,0,0,1,-1,1.0,BENIGN
123,13875.0,1.0,105.0,18.0,7411.0,17.56,70.59,535424.78,7639.64,132.14,0,1,1,65535,105.0,BENIGN
53,4783.0,17.0,50.0,748.0,741.0,44.0,14.83,311367.6,14007.94,72.47,0,0,0,65535,3.0,BENIGN
53,8380.0,1.0,30.0,17.0,6153.0,16.88,205.11,736287.76,3699.28,279.33,0,0,1,-1,30.0,BENIGN
8080,1088414.0,32.0,17.0,819.0,2192.0,25.59,128.96,2766.67,45.02,22675.29,0,0,1,8192,1.0,BENIGN
80,529514.0,3.0,5.0,28.0,19213.0,9.17,3842.6,36336.24,15.11,75644.86,0,0,1,256,2.0,DDoS
443,93818.0,14.0,13.0,371.0,12070.0,26.49,928.47,132607.43,287.79,3608.38,0,0,0,256,1.0,BENIGN
443,475824.0,11.0,29.0,1960.0,7400.0,178.17,255.18,19671.31,84.06,12200.62,1,0,0,-1,3.0,BENIGN
53,336133.0,6.0,9.0,877.0,4350.0,146.24,483.35,15552.25,44.63,24009.5,0,1,1,29200,2.0,BENIGN
443,99403.0,52.0,4.0,1076.0,2157.0,20.69,539.26,32521.44,563.36,1807.33,0,0,0,65535,0.0,BENIGN
443,509908.0,16.0,5.0,713.0,206.0,44.56,41.14,1801.78,41.18,25495.4,0,0,0,65535,0.0,BENIGN
123,199819.0,1.0,21.0,248.0,2130.0,247.87,101.45,11902.5,110.1,9515.19,0,0,0,-1,21.0,BENIGN
80,35294.0,5.0,10.0,2856.0,35702.0,571.29,3570.18,1092485.99,425.0,2521.0,0,0,0,29200,2.0,DoS Hulk
22,117696.0,5.0,14.0,920.0,1156.0,183.95,82.58,17637.67,161.43,6538.67,0,0,0,256,3.0,BENIGN
53,9363.0,9.0,2.0,1870.0,403.0,207.77,201.52,242765.8,1174.84,936.3,0,0,0,256,0.0,BENIGN
80,524971.0,4.0,4.0,2234.0,13559.0,558.47,3389.8,30083.71,15.24,74995.86,0,0,0,29200,1.0,DoS Hulk
80,860221.0,2.0,3.0,81.0,70.0,40.56,23.48,176.2,5.81,215055.25,1,1,1,65535,2.0,BENIGN
8080,144577.0,3.0,13.0,312.0,27022.0,104.03,2078.65,189065.45,110.67,9638.47,0,0,0,8192,4.0,BENIGN
80,59666.0,8.0,5.0,200.0,391.0,24.95,78.23,9901.29,217.88,4972.17,0,0,0,256,1.0,BENIGN
80,25073.0,3.0,5.0,883.0,17276.0,294.48,3455.19,724260.93,319.07,3581.86,0,1,0,29200,2.0,DoS Hulk
443,142810.0,18.0,2.0,4174.0,219.0,231.9,109.41,30761.53,140.05,7516.32,0,0,1,-1,0.0,BENIGN
588,116.0,1.0,1.0,2.0,3.0,1.55,3.02,39418.79,17241.38,116.0,1,0,0,29200,1.0,PortScan
443,270123.0,8.0,4.0,780.0,471.0,97.5,117.7,4630.41,44.42,24556.64,0,0,1,29200,0.0,BENIGN
80,13270849.0,9.0,4.0,1017.0,378.0,112.97,94.56,105.12,0.98,1105904.08,0,1,0,29200,0.0,Web Attack - Brute Force
22,160938.0,10.0,10.0,348.0,139.0,34.77,13.95,3027.11,124.27,8470.42,0,1,0,8192,1.0,BENIGN
53,415084.0,14.0,2.0,480.0,68.0,34.32,34.02,1321.39,38.55,27672.27,1,1,1,-1,0.0,BENIGN
53,75848.0,3.0,15.0,295.0,25661.0,98.25,1710.75,342211.21,237.32,4461.65,0,1,0,29200,5.0,BENIGN
53,12445.0,3.0,15.0,927.0,1007.0,309.06,67.15,155437.75,1446.36,732.06,0,0,0,-1,5.0,BENIGN
80,18400682.0,5.0,6.0,27.0,25931.0,5.37,4321.84,1410.7,0.6,1840068.2,0,0,1,256,1.0,DDoS
22,672158.0,15.0,23.0,4126.0,1098.0,275.04,47.72,7770.79,56.53,18166.43,0,0,1,8192,2.0,BENIGN
123,99616.0,4.0,7.0,124.0,816.0,31.05,116.62,9441.45,110.42,9961.6,0,0,0,29200,2.0,BENIGN
8080,8166.0,9.0,6.0,1028.0,704.0,114.19,117.33,212065.43,1836.88,583.29,0,0,1,-1,1.0,BENIGN
175,33.0,1.0,1.0,2.0,8.0,1.96,8.42,314545.62,60606.06,33.0,1,0,0,1024,1.0,PortScan
569,47.0,1.0,1.0,1.0,3.0,1.24,2.57,81007.69,42553.19,47.0,0,0,0,0,1.0,PortScan
80,86811.0,4.0,4.0,944.0,6446.0,236.04,1611.45,85127.4,92.15,12401.57,0,1,1,29200,1.0,DoS Hulk
22,27629.0,9.0,15.0,506.0,12633.0,56.25,842.18,475549.46,868.65,1201.26,0,0,0,-1,2.0,BENIGN
53,44703.0,8.0,6.0,343.0,1784.0,42.84,297.26,47565.15,313.18,3438.69,0,0,0,-1,1.0,BENIGN
53,12454.0,1.0,1.0,13.0,34.0,13.3,33.86,3786.79,160.59,12454.0,0,1,0,-1,1.0,BENIGN
443,28329.0,9.0,14.0,3121.0,499.0,346.81,35.66,127804.14,811.89,1287.68,0,0,0,65535,2.0,BENIGN
53,75486.0,3.0,6.0,92.0,887.0,30.55,147.87,12967.85,119.23,9435.75,0,0,0,65535,2.0,BENIGN
22,3964.0,2.0,11.0,139.0,805.0,69.64,73.16,238142.09,3279.52,330.33,0,1,0,65535,6.0,BENIGN
80,2517108.0,3.0,3.0,33.0,8267.0,10.84,2755.74,3297.33,2.38,503421.6,0,0,1,256,1.0,DDoS
443,16645.0,21.0,4.0,2366.0,803.0,112.68,200.7,190387.11,1501.95,693.54,0,1,0,8192,0.0,BENIGN
8080,34353.0,17.0,6.0,1127.0,937.0,66.28,156.2,60078.54,669.52,1561.5,0,1,1,29200,0.0,BENIGN
80,4399439.0,7.0,1.0,178.0,57.0,25.4,57.22,53.42,1.82,628491.29,0,0,0,65535,0.0,BENIGN
80,3680227.0,4.0,34.0,136.0,2615.0,34.09,76.9,747.54,10.33,99465.59,0,1,1,29200,8.0,BENIGN
53,33501.0,8.0,24.0,68.0,3765.0,8.48,156.86,114396.62,955.2,1080.68,0,1,1,8192,3.0,BENIGN
80,301.0,17.0,8.0,370.0,4752.0,21.76,593.99,17015915.48,83056.48,12.54,0,0,1,-1,0.0,BENIGN
123,129765.0,2.0,7.0,208.0,150.0,104.04,21.49,2762.97,69.36,16220.62,0,0,1,65535,4.0,BENIGN
123,79.0,7.0,8.0,1376.0,273.0,196.62,34.13,20878831.58,189873.42,5.64,0,0,0,29200,1.0,BENIGN
22,36.0,133.0,8.0,36877.0,2347.0,277.27,293.39,1089550145.37,3916666.67,0.26,0,0,1,8192,0.0,BENIGN
80,1753148.0,33.0,3.0,1795.0,966.0,54.39,321.95,1574.65,20.53,50089.94,0,0,1,29200,0.0,Web Attack - Brute Force
8080,3296.0,15.0,3.0,238.0,516.0,15.87,172.03,228790.92,5461.17,193.88,1,1,0,65535,0.0,BENIGN
22,127975.0,9.0,6.0,778.0,102.0,86.44,17.0,6876.17,117.21,9141.07,0,1,1,-1,1.0,BENIGN
22,32645.0,3.0,15.0,14.0,1227.0,4.8,81.8,38028.28,551.39,1920.29,0,1,0,256,5.0,BENIGN
80,28650.0,6.0,3.0,4726.0,7041.0,787.72,2346.92,410718.0,314.14,3581.25,0,0,0,29200,0.0,DoS Hulk
123,29263.0,2.0,4.0,305.0,663.0,152.59,165.71,33080.0,205.04,5852.6,0,1,1,8192,2.0,BENIGN
123,750.0,6.0,2.0,2159.0,539.0,359.85,269.34,3597043.51,10666.67,107.14,0,0,1,256,0.0,BENIGN
53,27464.0,22.0,7.0,392.0,1721.0,17.81,245.93,76948.99,1055.93,980.86,0,0,1,256,0.0,BENIGN
123,1246032.0,21.0,24.0,363.0,730.0,17.29,30.43,877.55,36.11,28318.91,0,0,0,29200,1.0,BENIGN
80,2311356.0,38.0,4.0,2578.0,1892.0,67.84,473.12,1934.08,18.17,56374.54,0,0,0,8192,0.0,Web Attack - Brute Force
443,664.0,3.0,3.0,61.0,327.0,20.36,108.85,583792.28,9036.14,132.8,0,1,0,256,1.0,BENIGN
443,1291161.0,8.0,6.0,498.0,953.0,62.27,158.76,1123.54,10.84,99320.08,0,0,1,8192,1.0,BENIGN
80,3116995.0,4.0,3.0,25.0,6270.0,6.13,2090.05,2019.47,2.25,519499.17,0,0,1,8192,1.0,DDoS
774,17.0,1.0,1.0,1.0,8.0,1.04,8.46,559057.88,117647.06,17.0,0,0,0,0,1.0,PortScan
80,1024984.0,4.0,8.0,56.0,23985.0,14.02,2998.07,23454.64,11.71,93180.36,0,0,1,256,2.0,DDoS
443,3873694.0,42.0,18.0,896.0,828.0,21.32,46.02,445.04,15.49,65655.83,0,0,0,65535,0.0,BENIGN
80,19198.0,6.0,6.0,46.0,161.0,7.63,26.89,10790.48,625.07,1745.27,0,0,1,29200,1.0,BENIGN
80,245049.0,3.0,5.0,1052.0,20625.0,350.7,4125.1,88462.22,32.65,35007.0,0,0,0,251,2.0,DoS Hulk
80,7622.0,20.0,9.0,2901.0,125.0,145.04,13.89,396976.63,3804.78,272.21,0,0,0,-1,0.0,BENIGN
80,28677.0,10.0,1.0,1646.0,239.0,164.57,239.39,65735.47,383.58,2867.7,0,0,0,256,0.0,Bot
80,58092.0,18.0,11.0,726.0,1039.0,40.32,94.44,30376.2,499.21,2074.71,0,0,0,-1,1.0,BENIGN
8080,315989.0,3.0,44.0,216.0,77373.0,71.94,1758.48,245543.37,148.74,6869.33,0,1,0,65535,15.0,BENIGN
80,2475522.0,11.0,8.0,739.0,3250.0,67.2,406.22,1611.36,7.68,137529.0,0,1,1,8192,1.0,Web Attack - Brute Force
53,11097.0,4.0,4.0,454.0,523.0,113.44,130.69,87996.66,720.92,1585.29,1,0,0,8192,1.0,BENIGN
80,543538.0,4.0,4.0,1345.0,5090.0,336.3,1272.48,11839.3,14.72,77648.29,0,1,0,29200,1.0,DoS Hulk
80,459313.0,3.0,3.0,29.0,8326.0,9.82,2775.45,18191.96,13.06,91862.6,0,0,1,256,1.0,DDoS
80,396751.0,2.0,3.0,6.0,13145.0,3.16,4381.65,33147.43,12.6,99187.75,0,1,1,8192,2.0,DDoS
80,358414.0,4.0,10.0,2191.0,19197.0,547.7,1919.68,59672.79,39.06,27570.31,0,0,0,29200,2.0,DoS Hulk
443,2949189.0,13.0,4.0,201.0,2639.0,15.49,659.75,963.09,5.76,184324.31,0,1,1,-1,0.0,BENIGN
80,78947.0,1.0,10.0,98.0,1888.0,98.35,188.77,25157.22,139.33,7894.7,0,0,0,29200,10.0,BENIGN
443,106077.0,13.0,6.0,415.0,625.0,31.91,104.18,9803.57,179.12,5893.17,0,0,0,29200,0.0,BENIGN
22,229874.0,3.0,8.0,143.0,92.0,47.8,11.53,1025.1,47.85,22987.4,1,0,0,65535,3.0,BENIGN
53,1209.0,4.0,4.0,477.0,531.0,119.15,132.79,833543.65,6617.04,172.71,0,0,0,8192,1.0,BENIGN
123,1406.0,8.0,2.0,93.0,200.0,11.57,100.08,208196.73,7112.38,156.22,0,1,1,65535,0.0,BENIGN
443,1426.0,7.0,6.0,161.0,645.0,23.04,107.42,565082.17,9116.41,118.83,0,0,0,29200,1.0,BENIGN
80,159914.0,3.0,7.0,76.0,28552.0,25.24,4078.8,179016.81,62.53,17768.22,0,0,1,8192,2.0,DDoS
123,39276.0,3.0,30.0,139.0,5970.0,46.31,198.99,155530.99,840.21,1227.38,0,0,0,256,10.0,BENIGN
443,138830.0,3.0,3.0,447.0,1209.0,148.85,402.94,11923.64,43.22,27766.0,0,1,0,256,1.0,BENIGN
53,475.0,124.0,1.0,42557.0,79.0,343.2,78.96,89759395.75,263157.89,3.83,0,0,1,29200,0.0,BENIGN
22,1073.0,11.0,6.0,402.0,414.0,36.59,69.03,761110.34,15843.43,67.06,0,1,0,8192,1.0,BENIGN
691,81.0,2.0,1.0,4.0,5.0,2.16,4.77,112226.07,37037.04,40.5,1,0,0,1024,0.0,PortScan
8080,54930.0,15.0,5.0,218.0,376.0,14.54,75.16,10812.56,364.1,2891.05,0,1,0,65535,0.0,BENIGN
8080,31187.0,1.0,1.0,96.0,19.0,96.44,19.37,3713.66,64.13,31187.0,0,0,0,256,1.0,BENIGN
53,216.0,16.0,6.0,1098.0,5855.0,68.64,975.75,32188336.73,101851.85,10.29,0,0,1,8192,0.0,BENIGN
443,34407.0,4.0,5.0,461.0,1577.0,115.23,315.36,59223.99,261.57,4300.88,0,0,0,8192,1.0,BENIGN
443,334915.0,8.0,18.0,1496.0,609.0,187.01,33.86,6286.79,77.63,13396.6,0,1,0,65535,2.0,Bot
80,76352.0,3.0,3.0,2655.0,12246.0,884.93,4081.89,195154.59,78.58,15270.4,0,0,0,251,1.0,DoS Hulk
8080,15763127.0,20.0,31.0,1995.0,37932.0,99.75,1223.6,2532.9,3.24,315262.54,0,1,0,-1,2.0,BENIGN
123,46855.0,4.0,2.0,87.0,325.0,21.69,162.5,8787.6,128.05,9371.0,0,0,1,8192,0.0,BENIGN
80,66349.0,5.0,1.0,633.0,51.0,126.53,50.97,10303.6,90.43,13269.8,0,1,1,65535,0.0,Bot
22,708801.0,8.0,65.0,2463.0,3184.0,307.93,48.99,7968.16,102.99,9844.46,0,1,1,8192,8.0,BENIGN
53,5906.0,5.0,9.0,175.0,759.0,35.06,84.39,158273.51,2370.47,454.31,0,0,0,256,2.0,BENIGN
8080,108271.0,6.0,2.0,87.0,1836.0,14.52,918.21,17766.13,73.89,15467.29,0,0,0,65535,0.0,BENIGN
80,338123.0,6.0,6.0,530.0,9841.0,88.29,1640.13,30670.85,35.49,30738.45,0,1,1,29200,1.0,DoS Hulk
123,290133.0,19.0,32.0,7533.0,45612.0,396.47,1425.37,183173.76,175.78,5802.66,0,0,1,65535,2.0,BENIGN
123,3275.0,13.0,5.0,821.0,395.0,63.17,78.98,371346.29,5496.18,192.65,0,1,1,256,0.0,BENIGN
80,55070.0,8.0,2.0,6444.0,3147.0,805.48,1573.63,174161.48,181.59,6118.89,0,0,0,29200,0.0,DoS Hulk
80,46372.0,4.0,2.0,1874.0,1215.0,468.62,607.57,66626.78,129.39,9274.4,0,0,0,251,0.0,DoS Hulk
443,1225136.0,3.0,4.0,686.0,360.0,228.73,89.88,853.54,5.71,204189.33,0,1,0,8192,1.0,BENIGN
443,61613.0,3.0,9.0,180.0,462.0,60.09,51.36,10428.07,194.76,5601.18,0,0,1,8192,3.0,BENIGN
80,38541.0,2.0,11.0,248.0,2026.0,124.21,184.2,59017.84,337.3,3211.75,0,1,0,256,6.0,BENIGN
80,9675.0,18.0,5.0,512.0,701.0,28.44,140.17,125350.96,2377.26,439.77,0,1,1,65535,0.0,BENIGN
8080,236061.0,22.0,5.0,760.0,355.0,34.53,70.93,4720.82,114.38,9079.27,0,0,1,8192,0.0,BENIGN
80,305008.0,10.0,3.0,413.0,800.0,41.26,266.71,3975.99,42.62,25417.33,0,1,0,29200,0.0,Web Attack - Brute Force
680,50.0,1.0,1.0,2.0,7.0,2.3,6.83,182749.15,40000.0,50.0,1,0,0,1024,1.0,PortScan
80,60075.0,3.0,4.0,83.0,726.0,27.6,181.58,13468.41,116.52,10012.5,0,0,1,-1,1.0,BENIGN
80,1026958.0,7.0,8.0,36.0,20724.0,5.18,2590.55,20215.64,14.61,73354.14,0,0,1,256,1.0,DDoS
80,40187467.0,7.0,9.0,124.0,476.0,17.66,52.87,14.92,0.4,2679164.47,0,0,0,-1,1.0,BENIGN
80,1016218.0,4.0,5.0,1459.0,22902.0,364.77,4580.49,23972.76,8.86,127027.25,0,1,0,29200,1.0,DoS Hulk
8080,125967.0,19.0,4.0,875.0,468.0,46.08,117.09,10668.01,182.59,5725.77,0,0,1,8192,0.0,BENIGN
8080,51502.0,2.0,5.0,686.0,1147.0,343.19,229.45,35603.06,135.92,8583.67,0,0,1,-1,2.0,BENIGN
8080,137493.0,7.0,11.0,958.0,1197.0,136.84,108.8,15671.31,130.92,8087.82,0,0,0,29200,2.0,BENIGN
443,19126.0,2.0,0.0,124.0,0.0,62.0,0.0,6482.92,104.57,19126.0,0,0,0,29200,0.0,BENIGN
53,58752.0,11.0,2.0,619.0,68.0,56.27,33.88,11688.19,221.27,4896.0,0,0,1,256,0.0,BENIGN
443,5413221.0,2.0,6.0,33.0,591.0,16.27,98.44,115.13,1.48,773317.29,0,0,0,-1,3.0,BENIGN
80,45352.0,2.0,3.0,23.0,9526.0,11.66,3175.37,210562.3,110.25,11338.0,0,0,1,256,2.0,DDoS
22,12628.0,3.0,15.0,88.0,605.0,29.22,40.32,54835.62,1425.4,742.82,0,0,0,8192,5.0,BENIGN
80,292740.0,5.0,6.0,1072.0,28022.0,214.31,4670.38,99384.54,37.58,29274.0,0,1,0,29200,1.0,DoS Hulk
80,178196.0,4.0,7.0,1601.0,3363.0,400.24,480.43,27856.87,61.73,17819.6,0,1,0,29200,2.0,DoS Hulk
80,48123.0,5.0,6.0,2081.0,10879.0,416.23,1813.19,269316.07,228.58,4812.3,0,0,0,251,1.0,DoS Hulk
80,52476911.0,2.0,3.0,15.0,12637.0,7.75,4212.43,241.11,0.1,13119227.75,0,0,1,256,2.0,DDoS
879,51.0,1.0,1.0,1.0,40.0,1.5,39.99,813546.48,39215.69,51.0,0,0,0,0,1.0,PortScan
80,346047.0,12.0,6.0,6786.0,6005.0,565.48,1000.76,36961.27,52.02,20355.71,0,0,1,251,0.0,DoS Hulk
53,3892.0,2.0,13.0,448.0,1054.0,224.12,81.08,386003.3,3854.06,278.0,0,1,0,65535,6.0,BENIGN
53,116924.0,5.0,12.0,704.0,2028.0,140.87,168.99,23367.77,145.39,7307.75,0,0,0,8192,2.0,BENIGN
80,6852925.0,7.0,2.0,847.0,438.0,120.96,218.81,187.41,1.31,856615.62,0,0,0,29200,0.0,Web Attack - Brute Force
53,24232.0,25.0,15.0,4623.0,424.0,184.91,28.25,208255.93,1650.71,621.33,0,0,0,256,1.0,BENIGN
22,209549.0,27.0,30.0,2050.0,6232.0,75.94,207.73,39524.1,272.01,3741.95,0,0,0,256,1.0,BENIGN
80,332493.0,6.0,3.0,13.0,398.0,2.24,132.8,1238.53,27.07,41561.62,0,0,1,-1,0.0,BENIGN
637,90.0,1.0,2.0,2.0,12.0,1.66,6.22,156727.89,33333.33,45.0,1,0,0,29200,2.0,PortScan
80,745396.0,16.0,2.0,392.0,1675.0,24.52,837.33,2773.06,24.15,43846.82,0,0,0,-1,0.0,BENIGN
8080,194628.0,5.0,3.0,500.0,44.0,99.96,14.61,2793.18,41.1,27804.0,0,1,0,256,1.0,BENIGN
80,336453.0,1.0,3.0,11.0,2909.0,10.66,969.53,8676.54,11.89,112151.0,0,0,0,8192,3.0,BENIGN
443,406317.0,8.0,13.0,503.0,217.0,62.84,16.67,1770.53,51.68,20315.85,0,0,0,-1,2.0,BENIGN
80,84593.0,17.0,1.0,3692.0,35.0,217.16,35.46,44060.01,212.78,4976.06,0,0,0,8192,0.0,BENIGN
80,274690.0,5.0,7.0,193.0,19732.0,38.61,2818.9,72537.59,43.69,24971.82,0,0,1,8192,1.0,DDoS
123,3831.0,4.0,2.0,50.0,846.0,12.6,423.03,234006.97,1566.17,766.2,0,0,1,8192,0.0,BENIGN
80,274024.0,8.0,6.0,4256.0,9064.0,532.03,1510.75,48611.57,51.09,21078.77,0,0,1,251,1.0,DoS Hulk
447,70.0,1.0,1.0,2.0,12.0,2.4,11.8,202855.94,28571.43,70.0,1,0,0,0,1.0,PortScan
123,400445.0,2.0,8.0,367.0,246.0,183.34,30.76,1530.2,24.97,44493.89,1,0,1,256,4.0,BENIGN
22,153640.0,8.0,8.0,129.0,808.0,16.12,101.06,6101.8,104.14,10242.67,0,0,0,-1,1.0,BENIGN
80,25297.0,3.0,4.0,23.0,7324.0,7.65,1830.92,290414.89,276.71,4216.17,0,0,1,256,1.0,DDoS
80,43258.0,8.0,6.0,240.0,924.0,30.04,154.03,26920.76,323.64,3327.54,0,1,0,29200,1.0,BENIGN
80,20764.0,11.0,5.0,1472.0,2037.0,133.8,407.37,168974.6,770.56,1384.27,0,0,0,256,0.0,BENIGN
53,101566.0,6.0,2.0,741.0,857.0,123.52,428.69,15738.42,78.77,14509.43,0,1,0,-1,0.0,BENIGN
80,1166.0,10.0,7.0,352.0,580.0,35.23,82.91,799912.42,14579.76,72.88,0,0,1,29200,1.0,BENIGN
443,409663.0,6.0,5.0,330.0,1553.0,55.01,310.56,4596.05,26.85,40966.3,0,1,0,-1,1.0,BENIGN
8080,366116.0,11.0,7.0,259.0,488.0,23.51,69.66,2038.37,49.16,21536.24,0,1,0,65535,1.0,BENIGN
80,1959269.0,2.0,7.0,22.0,28181.0,10.98,4025.88,14394.73,4.59,244908.62,0,0,1,8192,4.0,DDoS
80,12120.0,4.0,7.0,151.0,933.0,37.67,133.32,89428.99,907.59,1212.0,0,0,0,65535,2.0,Bot
123,233.0,10.0,6.0,660.0,803.0,65.99,133.77,6276773.83,68669.53,15.53,0,0,1,8192,1.0,BENIGN
80,237513.0,9.0,18.0,1582.0,1692.0,175.78,93.99,13783.92,113.68,9135.12,0,0,0,65535,2.0,BENIGN
22,45032.0,11.0,10.0,1270.0,725.0,115.49,72.5,44311.65,466.34,2251.6,0,1,0,-1,1.0,BENIGN
80,111552.0,4.0,5.0,28.0,9381.0,6.99,1876.18,84345.07,80.68,13944.0,0,0,1,256,1.0,DDoS
8080,52756.0,9.0,1.0,1185.0,300.0,131.65,300.41,28153.62,189.55,5861.78,0,1,0,29200,0.0,BENIGN
80,3028467.0,3.0,3.0,39.0,5932.0,13.05,1977.32,1971.67,1.98,605693.4,0,0,1,8192,1.0,DDoS
443,160427.0,3.0,10.0,274.0,215.0,91.47,21.52,3052.02,81.03,13368.92,0,1,1,29200,3.0,BENIGN
212,15.0,1.0,2.0,2.0,1.0,2.14,0.4,195367.18,200000.0,7.5,1,0,1,29200,2.0,PortScan
53,21357.0,10.0,1.0,459.0,31.0,45.87,30.51,22906.06,515.05,2135.7,0,1,1,8192,0.0,BENIGN
8080,34550.0,3.0,6.0,484.0,683.0,161.41,113.86,33788.65,260.49,4318.75,0,0,0,8192,2.0,BENIGN
80,9186.0,2.0,3.0,174.0,453.0,86.76,150.89,68168.9,544.31,2296.5,0,0,0,-1,2.0,BENIGN
22,61513.0,3.0,7.0,284.0,758.0,94.79,108.22,16938.27,162.57,6834.78,0,1,0,-1,2.0,BENIGN
123,27933.0,2.0,5.0,446.0,1568.0,223.06,313.62,72109.25,250.6,4655.5,0,0,0,-1,2.0,BENIGN
80,380113.0,7.0,6.0,1670.0,28067.0,238.54,4677.9,78232.46,34.2,31676.08,0,1,0,251,1.0,DoS Hulk
22,1257094.0,27.0,6.0,2995.0,465.0,110.91,77.52,2752.18,26.25,39284.19,0,0,0,8192,0.0,BENIGN
80,3490.0,8.0,2.0,1184.0,1155.0,147.94,577.74,670197.93,2865.33,387.78,0,0,1,8192,0.0,BENIGN
53,143398.0,11.0,5.0,391.0,5503.0,35.51,1100.68,41102.53,111.58,9559.87,0,0,1,29200,0.0,BENIGN
80,257196.0,3.0,9.0,765.0,5216.0,255.06,579.57,23255.79,46.66,23381.45,0,0,0,29200,3.0,DoS Hulk
80,104050.0,8.0,5.0,1449.0,14579.0,181.17,2915.75,154042.25,124.94,8670.83,0,0,0,251,1.0,DoS Hulk
123,3462.0,1.0,18.0,99.0,1543.0,99.0,85.7,474193.97,5488.16,192.33,0,0,0,29200,18.0,BENIGN
8080,10986.0,12.0,14.0,999.0,23201.0,83.27,1657.19,2202793.34,2366.65,439.44,1,0,1,256,1.0,BENIGN
80,16024.0,4.0,2.0,791.0,8616.0,197.69,4308.02,587045.43,374.44,3204.8,0,1,0,29200,0.0,DoS Hulk
80,10025.0,11.0,7.0,116.0,323.0,10.53,46.15,43779.54,1795.51,589.71,0,0,0,256,1.0,BENIGN
8080,10558.0,6.0,3.0,551.0,2025.0,91.85,675.03,244002.61,852.43,1319.75,0,0,0,29200,0.0,BENIGN
53,64394.0,46.0,31.0,1162.0,14080.0,25.26,454.19,236697.77,1195.76,847.29,0,1,1,29200,1.0,BENIGN
80,1302931.0,2.0,9.0,20.0,22800.0,10.17,2533.34,17514.7,8.44,130293.1,0,1,1,256,4.0,DDoS
80,356664.0,7.0,6.0,255.0,247.0,36.43,41.14,1407.04,36.45,29722.0,0,0,0,8192,1.0,BENIGN
443,71706.0,9.0,1.0,1241.0,26.0,137.92,26.07,17674.23,139.46,7967.33,0,0,1,65535,0.0,BENIGN
8080,1654841.0,20.0,1.0,312.0,218.0,15.59,217.92,320.11,12.69,82742.05,0,0,1,8192,0.0,BENIGN
80,527989.0,8.0,2.0,1741.0,5629.0,217.65,2814.54,13959.14,18.94,58665.44,0,1,0,29200,0.0,DoS Hulk
80,1014728.0,13.0,7.0,414.0,2881.0,31.84,411.59,3247.21,19.71,53406.74,0,1,1,8192,1.0,BENIGN
80,67204.0,10.0,3.0,4509.0,3541.0,450.89,1180.4,119786.16,193.44,5600.33,0,1,0,251,0.0,DoS Hulk
443,1493265.0,35.0,3.0,2256.0,723.0,64.46,240.87,1994.73,25.45,40358.51,0,0,0,65535,0.0,BENIGN
80,37193.0,6.0,4.0,433.0,1274.0,72.2,318.38,45888.84,268.87,4132.56,0,1,0,65535,1.0,Bot
53,182833.0,4.0,2.0,35.0,36.0,8.87,17.85,389.35,32.82,36566.6,0,1,0,29200,0.0,BENIGN
80,9924.0,2.0,4.0,1276.0,2700.0,637.76,674.89,400552.15,604.59,1984.8,0,0,0,29200,2.0,DoS Hulk
80,254638.0,6.0,2.0,8.0,2390.0,1.31,1194.97,9416.53,31.42,36376.86,0,0,0,256,0.0,DDoS
22,3347.0,3.0,5.0,146.0,165.0,48.55,33.05,92893.78,2390.2,478.14,0,1,0,256,2.0,BENIGN
22,10038007.0,1.0,3.0,83.0,348.0,83.32,116.02,42.98,0.4,3346002.33,0,1,1,-1,3.0,BENIGN
443,27454.0,2.0,6.0,114.0,4468.0,56.91,744.66,166889.14,291.4,3922.0,0,1,0,8192,3.0,BENIGN
80,46089877.0,3.0,9.0,15.0,24450.0,4.91,2716.64,530.8,0.26,4189988.82,0,1,1,256,3.0,DDoS
80,2836.0,6.0,4.0,451.0,52.0,75.23,13.05,177568.21,3526.09,315.11,0,1,0,-1,1.0,BENIGN
22,418520.0,4.0,3.0,436.0,1019.0,108.88,339.75,3475.98,16.73,69753.33,0,0,0,-1,1.0,BENIGN
53,464333.0,17.0,3.0,452.0,277.0,26.58,92.45,1570.55,43.07,24438.58,0,1,0,29200,0.0,BENIGN
8080,3729.0,4.0,14.0,2136.0,3711.0,534.01,265.11,1568118.48,4827.03,219.35,0,1,0,29200,4.0,BENIGN
443,4106.0,9.0,4.0,408.0,408.0,45.32,101.97,198680.56,3166.1,342.17,0,0,1,29200,0.0,BENIGN
22,743242.0,2.0,4.0,54.0,1503.0,26.94,375.78,2094.91,8.07,148648.4,0,0,1,-1,2.0,BENIGN
123,11367.0,6.0,7.0,259.0,738.0,43.18,105.45,87728.12,1143.66,947.25,1,0,0,8192,1.0,BENIGN
80,702885.0,9.0,7.0,441.0,938.0,48.95,133.94,1960.61,22.76,46859.0,0,1,1,8192,1.0,Web Attack - Brute Force
266,7.0,2.0,1.0,3.0,2.0,1.63,2.45,815268.16,428571.43,3.5,1,0,0,29200,0.0,PortScan
80,27941093.0,11.0,1.0,5065.0,979.0,460.5,979.14,216.33,0.43,2540099.36,0,0,1,-1,0.0,BENIGN
240,85.0,1.0,1.0,1.0,5.0,1.31,4.99,74116.29,23529.41,85.0,1,0,0,1024,1.0,PortScan
8080,371123.0,5.0,1.0,194.0,213.0,38.86,213.08,1097.71,16.17,74224.6,0,0,0,8192,0.0,BENIGN
80,14156.0,5.0,17.0,117.0,1867.0,23.34,109.81,140114.28,1554.11,674.1,0,1,0,256,3.0,BENIGN
443,33260.0,1.0,5.0,41.0,4512.0,41.16,902.45,136902.98,180.4,6652.0,0,1,0,29200,5.0,BENIGN
80,3191654.0,3.0,4.0,11.0,11053.0,3.83,2763.23,3466.67,2.19,531942.33,0,0,1,8192,1.0,DDoS
80,111287.0,2.0,33.0,102.0,1937.0,50.9,58.68,18315.95,314.5,3273.15,0,0,0,-1,16.0,BENIGN
53,17599.0,8.0,9.0,248.0,1536.0,31.02,170.69,101391.31,965.96,1099.94,0,1,0,-1,1.0,BENIGN
443,178821.0,9.0,9.0,1990.0,2179.0,221.06,242.11,23311.29,100.66,10518.88,1,0,1,-1,1.0,BENIGN
53,825174.0,3.0,1.0,232.0,905.0,77.44,904.8,1378.04,4.85,275058.0,0,0,0,256,0.0,BENIGN
80,615.0,9.0,18.0,1197.0,6373.0,132.96,354.06,12308353.73,43902.44,23.65,0,0,1,29200,2.0,BENIGN
80,17447.0,3.0,14.0,96.0,18540.0,31.91,1324.28,1068127.55,974.38,1090.44,1,1,1,65535,5.0,BENIGN
53,136.0,7.0,7.0,1114.0,7759.0,159.19,1108.37,65241603.76,102941.18,10.46,0,1,0,65535,1.0,BENIGN
22,2860.0,2.0,2.0,46.0,3432.0,22.91,1715.97,1216005.51,1398.6,953.33,0,0,0,256,1.0,BENIGN
80,95147.0,4.0,5.0,1861.0,3253.0,465.32,650.53,53747.63,94.59,11893.38,0,1,0,29200,1.0,DoS Hulk
80,230676.0,6.0,8.0,1550.0,25290.0,258.25,3161.21,116350.19,60.69,17744.31,0,0,0,29200,1.0,DoS Hulk
123,141721.0,14.0,30.0,652.0,2205.0,46.57,73.49,20158.0,310.47,3295.84,1,0,0,29200,2.0,BENIGN
80,591150.0,5.0,28.0,272.0,2683.0,54.42,95.83,4999.54,55.82,18473.44,0,1,0,65535,6.0,BENIGN
123,4663.0,3.0,11.0,60.0,875.0,20.05,79.56,200586.74,3002.36,358.69,0,0,0,-1,4.0,BENIGN
80,25870.0,3.0,5.0,1033.0,18458.0,344.33,3691.67,753432.81,309.24,3695.71,0,1,0,251,2.0,DoS Hulk
156,69.0,1.0,1.0,2.0,2.0,2.4,1.56,57291.38,28985.51,69.0,0,0,0,29200,1.0,PortScan
506,178.0,1.0,1.0,2.0,4.0,1.68,4.24,33274.46,11235.96,178.0,1,0,0,29200,1.0,PortScan
80,199266.0,3.0,2.0,630.0,7167.0,210.09,3583.59,39130.84,25.09,49816.5,0,1,0,251,1.0,DoS Hulk
80,2527996.0,4.0,5.0,74.0,14701.0,18.38,2940.18,5844.32,3.56,315999.5,0,0,1,256,1.0,DDoS
80,39164041.0,5.0,3.0,74.0,10544.0,14.8,3514.8,271.13,0.2,5594863.0,0,0,1,256,1.0,DDoS
546,99.0,1.0,1.0,2.0,9.0,2.2,9.16,114774.52,20202.02,99.0,0,0,0,29200,1.0,PortScan
80,2474493.0,12.0,10.0,570.0,4965.0,47.53,496.53,2237.06,8.89,117833.0,0,1,0,29200,1.0,Web Attack - Brute Force
22,76008.0,13.0,3.0,641.0,285.0,49.29,94.94,12176.97,210.5,5067.2,0,1,0,-1,0.0,BENIGN
22,193571.0,36.0,4.0,13714.0,513.0,380.94,128.17,73495.2,206.64,4963.36,0,0,0,29200,0.0,BENIGN
443,1241970.0,10.0,5.0,335.0,122.0,33.53,24.41,368.26,12.08,88712.14,0,0,1,8192,0.0,BENIGN
443,25454.0,2.0,8.0,147.0,1688.0,73.28,211.02,72079.48,392.87,2828.22,0,1,0,29200,4.0,BENIGN
22,107581.0,88.0,2.0,5078.0,1320.0,57.7,659.86,59464.39,836.58,1208.78,0,1,0,29200,0.0,BENIGN
80,3506.0,5.0,8.0,303.0,461.0,60.56,57.57,217727.54,3707.93,292.17,0,1,1,256,2.0,Bot
80,4269006.0,4.0,6.0,37.0,14308.0,9.16,2384.66,3360.17,2.34,474334.0,1,0,1,256,2.0,DDoS
22,11072.0,3.0,13.0,48.0,627.0,15.88,48.22,60913.71,1445.09,738.13,0,0,1,-1,4.0,BENIGN
22,901025.0,14.0,22.0,151.0,3048.0,10.81,138.53,3550.32,39.95,25743.57,0,1,1,256,2.0,BENIGN
80,156779.0,6.0,3.0,1200.0,441.0,200.0,147.05,10467.75,57.41,19597.38,1,0,1,8192,0.0,BENIGN
53,992256.0,7.0,5.0,275.0,270.0,39.32,53.93,549.13,12.09,90205.09,0,1,1,256,1.0,BENIGN
80,29728.0,44.0,93.0,740.0,11130.0,16.82,119.68,399306.95,4608.45,218.59,0,1,1,256,2.0,BENIGN
22,5156324.0,1.0,17.0,72.0,3339.0,71.86,196.4,661.45,3.49,303313.18,0,0,0,-1,17.0,BENIGN
443,430807.0,9.0,6.0,503.0,2223.0,55.86,370.42,6325.99,34.82,30771.93,0,0,1,256,1.0,BENIGN
80,219299.0,6.0,9.0,2339.0,9506.0,389.85,1056.23,54013.58,68.4,15664.21,0,0,1,29200,2.0,DoS Hulk
443,14163.0,11.0,0.0,726.0,0.0,66.02,0.0,51277.7,776.67,1416.3,1,0,1,8192,0.0,BENIGN
524,61.0,1.0,1.0,1.0,23.0,0.63,23.33,392778.5,32786.89,61.0,1,0,0,1024,1.0,PortScan
80,246460.0,8.0,6.0,2178.0,44788.0,272.29,7464.73,190565.03,56.8,18958.46,0,1,1,29200,1.0,DoS Hulk
8080,16310193.0,2.0,5.0,31.0,287.0,15.69,57.31,19.49,0.43,2718365.5,0,1,1,8192,2.0,BENIGN
22,4261916.0,9.0,2.0,227.0,15.0,25.2,7.32,56.65,2.58,426191.6,0,0,1,65535,0.0,BENIGN
8080,26097.0,4.0,11.0,60.0,1232.0,14.95,111.99,49496.07,574.78,1864.07,0,0,0,256,3.0,BENIGN
80,396575.0,5.0,12.0,1246.0,603.0,249.2,50.24,4662.09,42.87,24785.94,0,0,0,29200,2.0,BENIGN
80,44845.0,5.0,5.0,1148.0,27587.0,229.56,5517.45,640764.04,222.99,4982.78,0,1,0,29200,1.0,DoS Hulk
53,436844.0,1.0,2.0,9.0,1410.0,8.78,705.05,3248.03,6.87,218422.0,0,1,0,65535,2.0,BENIGN
203,13.0,1.0,1.0,1.0,5.0,0.94,5.08,462919.63,153846.15,13.0,0,0,0,1024,1.0,PortScan
80,386737.0,1.0,2.0,3.0,6003.0,3.39,3001.69,15531.91,7.76,193368.5,0,0,1,256,2.0,DDoS
22,765877.0,6.0,1.0,193.0,27.0,32.11,27.41,287.34,9.14,127646.17,0,0,1,29200,0.0,BENIGN
890,37.0,1.0,1.0,1.0,3.0,1.41,3.23,125583.77,54054.05,37.0,1,0,0,1024,1.0,PortScan
80,407199.0,1.0,5.0,712.0,1518.0,712.36,303.55,5476.68,14.73,81439.8,0,0,1,256,5.0,BENIGN
80,29688.0,9.0,21.0,562.0,4021.0,62.5,191.46,154374.08,1010.51,1023.72,0,1,0,256,2.0,BENIGN
123,17752.0,1.0,21.0,140.0,12696.0,140.13,604.59,723097.95,1239.3,845.33,0,0,0,-1,21.0,BENIGN
80,975756.0,6.0,7.0,718.0,9225.0,119.69,1317.91,10190.63,13.32,81313.0,0,1,0,251,1.0,DoS Hulk
256,28.0,2.0,1.0,3.0,3.0,1.59,2.54,204156.46,107142.86,14.0,1,0,0,29200,0.0,PortScan
80,108130.0,9.0,6.0,2975.0,11082.0,330.59,1847.04,130005.66,138.72,7723.57,0,0,0,29200,1.0,DoS Hulk
80,26278.0,5.0,5.0,1628.0,3326.0,325.62,665.3,188544.05,380.55,2919.78,0,0,1,29200,1.0,DoS Hulk
22,145.0,8.0,6.0,693.0,5031.0,86.59,838.58,39477199.17,96551.72,11.15,0,0,0,29200,1.0,BENIGN
123,78725.0,2.0,8.0,50.0,415.0,24.83,51.93,5908.38,127.02,8747.22,0,0,0,-1,4.0,BENIGN
53,51928.0,2.0,2.0,128.0,449.0,64.0,224.64,11116.85,77.03,17309.33,0,0,1,65535,1.0,BENIGN
80,37613.0,12.0,6.0,1430.0,233.0,119.17,38.91,44226.16,478.56,2212.53,0,0,1,65535,0.0,BENIGN
80,2794315.0,5.0,3.0,36.0,7367.0,7.27,2455.58,2649.34,2.86,399187.86,0,0,1,8192,1.0,DDoS
22,11047.0,3.0,6.0,163.0,323.0,54.42,53.83,44015.16,814.7,1380.88,0,0,0,256,2.0,BENIGN
80,1865381.0,3.0,8.0,27.0,18171.0,9.16,2271.34,9755.76,5.9,186538.1,0,0,1,8192,3.0,DDoS
123,175563.0,18.0,13.0,568.0,2802.0,31.54,215.53,19192.92,176.57,5852.1,1,1,0,29200,1.0,BENIGN
8080,6490.0,7.0,18.0,106.0,11124.0,15.1,618.0,1730300.52,3852.08,270.42,0,1,0,8192,3.0,BENIGN
443,181.0,4.0,31.0,117.0,751.0,29.15,24.21,4790790.69,193370.17,5.32,0,0,1,65535,8.0,BENIGN
22,5057.0,9.0,6.0,328.0,4230.0,36.5,705.03,901456.08,2966.19,361.21,0,1,1,29200,1.0,BENIGN
80,112169.0,7.0,3.0,2569.0,4218.0,367.05,1405.95,60508.52,89.15,12463.22,0,1,0,251,0.0,DoS Hulk
443,76780.0,5.0,7.0,76.0,21367.0,15.21,3052.41,279277.23,156.29,6980.0,0,0,1,65535,1.0,BENIGN
22,472.0,7.0,44.0,1240.0,5730.0,177.19,130.22,14766748.21,108050.85,9.44,1,0,0,8192,6.0,BENIGN
80,768045.0,4.0,2.0,17.0,3894.0,4.22,1946.98,5091.96,7.81,153609.0,0,0,1,256,0.0,DDoS
443,1176994.0,16.0,11.0,356.0,21567.0,22.25,1960.64,18626.32,22.94,45269.0,1,1,0,8192,1.0,BENIGN
8080,17122.0,4.0,6.0,122.0,246.0,30.38,41.01,21467.56,584.04,1902.44,0,0,1,65535,2.0,BENIGN
53,21830.0,5.0,3.0,469.0,991.0,93.73,330.24,66853.07,366.47,3118.57,0,0,1,65535,1.0,BENIGN
443,94859.0,3.0,13.0,298.0,413.0,99.39,31.77,7497.15,168.67,6323.93,1,0,1,8192,4.0,BENIGN
80,71505.0,5.0,4.0,1818.0,4388.0,363.57,1096.89,86782.89,125.87,8938.12,0,1,0,29200,1.0,DoS Hulk
256,34.0,1.0,1.0,1.0,2.0,0.55,1.54,61489.88,58823.53,34.0,0,0,0,0,1.0,PortScan
443,107118.0,29.0,6.0,217.0,33.0,7.49,5.55,2339.89,326.74,3150.53,1,1,1,8192,0.0,BENIGN
123,732606.0,7.0,5.0,643.0,1970.0,91.9,393.96,3566.88,16.38,66600.55,1,0,0,8192,1.0,BENIGN
720,32.0,2.0,2.0,3.0,3.0,1.39,1.33,170527.58,125000.0,10.67,1,0,0,0,1.0,PortScan
80,2099.0,5.0,6.0,2432.0,11588.0,486.37,1931.31,6679243.11,5240.59,209.9,0,0,0,256,1.0,BENIGN
8080,41023.0,25.0,1.0,740.0,230.0,29.62,229.55,23643.98,633.79,1640.92,0,0,1,29200,0.0,BENIGN
123,454.0,7.0,15.0,112.0,2881.0,15.99,192.07,6592503.45,48458.15,21.62,0,1,0,-1,2.0,BENIGN
80,161109.0,13.0,2.0,1094.0,958.0,84.14,479.03,12735.94,93.1,11507.79,0,1,0,65535,0.0,BENIGN
443,32913.0,15.0,10.0,1227.0,32540.0,81.79,3254.04,1025958.03,759.58,1371.38,0,0,1,65535,1.0,BENIGN
443,6818.0,8.0,2.0,3179.0,1069.0,397.4,534.74,623162.66,1466.71,757.56,0,0,0,29200,0.0,BENIGN
152,35.0,1.0,1.0,1.0,3.0,1.34,3.23,130521.33,57142.86,35.0,0,0,0,1024,1.0,PortScan
499,17.0,1.0,2.0,1.0,3.0,1.18,1.41,234522.34,176470.59,8.5,1,0,0,1024,2.0,PortScan
8080,2176697.0,5.0,34.0,333.0,1091.0,66.53,32.08,653.99,17.92,57281.5,0,1,0,65535,7.0,Bot
80,29274.0,10.0,5.0,3184.0,644.0,318.42,128.79,130768.92,512.4,2091.0,0,0,1,8192,0.0,BENIGN
80,494332.0,2.0,32.0,109.0,12736.0,54.51,397.99,25984.15,68.78,14979.76,0,0,0,-1,16.0,BENIGN
8080,68384.0,48.0,10.0,1738.0,355.0,36.22,35.54,30618.79,848.15,1199.72,0,1,0,8192,0.0,BENIGN
22,1161655.0,3.0,9.0,167.0,147.0,55.58,16.37,270.35,10.33,105605.0,0,0,0,65535,3.0,BENIGN
80,486875.0,4.0,5.0,1231.0,5419.0,307.86,1083.74,13658.83,18.49,60859.38,0,1,1,29200,1.0,DoS Hulk
80,43062.0,4.0,3.0,1594.0,11939.0,398.47,3979.75,314270.7,162.56,7177.0,0,0,0,251,1.0,DoS Hulk
80,41547.0,10.0,3.0,3699.0,5372.0,369.92,1790.52,218324.75,312.9,3462.25,0,1,0,251,0.0,DoS Hulk
123,528909.0,3.0,1.0,661.0,361.0,220.47,360.54,1932.19,7.56,176303.0,0,0,0,65535,0.0,BENIGN
80,3712831.0,3.0,3.0,40.0,10128.0,13.45,3376.02,2738.73,1.62,742566.2,0,0,0,256,1.0,DDoS
222,25.0,2.0,1.0,3.0,3.0,1.33,2.56,208639.5,120000.0,12.5,1,1,0,29200,0.0,PortScan
53,2417359.0,28.0,40.0,22270.0,10277.0,795.34,256.92,13463.71,28.13,36079.99,0,0,0,29200,1.0,BENIGN
80,58058.0,2.0,6.0,91.0,5545.0,45.59,924.24,97085.45,137.79,8294.0,0,1,0,29200,3.0,BENIGN
8080,1752516.0,6.0,7.0,197.0,4310.0,32.86,615.72,2571.85,7.42,146043.0,0,0,0,-1,1.0,BENIGN
443,1643583.0,6.0,3.0,446.0,562.0,74.3,187.19,612.92,5.48,205447.88,0,0,0,-1,0.0,BENIGN
8080,5017052.0,13.0,21.0,656.0,5024.0,50.45,239.22,1132.02,6.78,152031.88,1,0,0,65535,2.0,BENIGN
80,456.0,3.0,5.0,196.0,803.0,65.34,160.59,2190658.84,17543.86,65.14,0,0,0,29200,2.0,BENIGN
80,63977.0,5.0,3.0,2084.0,10189.0,416.88,3396.44,191845.95,125.04,9139.57,0,0,0,29200,1.0,DoS Hulk
53,185599.0,8.0,24.0,2207.0,5538.0,275.92,230.74,41729.69,172.41,5987.06,0,0,0,29200,3.0,BENIGN
80,73582.0,3.0,8.0,750.0,16771.0,249.98,2096.35,238112.4,149.49,7358.2,0,0,0,251,3.0,DoS Hulk
53,120343.0,5.0,5.0,162.0,403.0,32.35,80.56,4691.07,83.1,13371.44,0,0,0,256,1.0,BENIGN
80,36644.0,8.0,6.0,4656.0,6760.0,582.01,1126.72,311549.97,382.05,2818.77,0,1,0,251,1.0,DoS Hulk
8080,71604.0,2.0,5.0,279.0,232.0,139.62,46.45,7143.44,97.76,11934.0,0,1,1,65535,2.0,Bot
22,10359.0,2.0,507.0,98.0,42000.0,49.24,82.84,4063986.13,49136.02,20.39,0,0,0,8192,254.0,BENIGN
80,118154.0,6.0,3.0,1424.0,4188.0,237.33,1395.88,47493.98,76.17,14769.25,0,0,0,29200,0.0,DoS Hulk
8080,67189474.0,8.0,4.0,296.0,179.0,37.03,44.71,7.07,0.18,6108134.0,0,0,1,65535,0.0,BENIGN
8080,2123791.0,23.0,20.0,2571.0,14994.0,111.77,749.69,8270.4,20.25,50566.45,1,0,1,8192,1.0,BENIGN
22,285704.0,15.0,102.0,625.0,1790.0,41.64,17.55,8452.68,409.51,2462.97,0,1,1,65535,7.0,BENIGN
443,82166.0,16.0,6.0,427.0,41.0,26.71,6.83,5700.05,267.75,3912.67,1,0,1,65535,0.0,BENIGN
80,54550.0,6.0,6.0,308.0,2914.0,51.26,485.62,59052.18,219.98,4959.09,0,0,0,29200,1.0,BENIGN
80,886732.0,5.0,6.0,54.0,18838.0,10.81,3139.62,21304.92,12.41,88673.2,0,0,1,8192,1.0,DDoS
22,612892.0,16.0,2.0,733.0,441.0,45.83,220.53,1916.0,29.37,36052.47,0,0,0,256,0.0,BENIGN
8080,4939.0,1.0,1.0,61.0,194.0,61.29,193.76,51638.5,404.94,4939.0,0,0,1,256,1.0,BENIGN
53,62018.0,13.0,2.0,609.0,405.0,46.84,202.53,16349.28,241.87,4429.86,0,0,1,-1,0.0,BENIGN
123,764983.0,6.0,6.0,145.0,501.0,24.09,83.5,843.87,15.69,69543.91,0,0,1,65535,1.0,BENIGN
80,2024653.0,8.0,4.0,107.0,10346.0,13.35,2586.5,5162.75,5.93,184059.36,0,0,1,256,0.0,DDoS
123,96241.0,6.0,40.0,107.0,1976.0,17.85,49.41,21649.08,477.97,2138.69,0,0,0,256,7.0,BENIGN
123,123352.0,5.0,9.0,792.0,806.0,158.48,89.54,12956.89,113.5,9488.62,0,0,0,256,2.0,BENIGN
443,64713.0,12.0,9.0,1285.0,11351.0,107.05,1261.18,195251.44,324.51,3235.65,0,1,1,65535,1.0,BENIGN
80,64707.0,3.0,13.0,1156.0,767.0,385.48,59.01,29726.85,247.27,4313.8,0,1,1,-1,4.0,BENIGN
123,20560.0,19.0,5.0,235.0,1246.0,12.39,249.14,72037.69,1167.32,893.91,0,0,0,8192,0.0,BENIGN
443,299957.0,14.0,8.0,727.0,23244.0,51.9,2905.52,79913.81,73.34,14283.67,0,1,0,8192,1.0,BENIGN
443,23167.0,5.0,33.0,30.0,11783.0,5.99,357.06,509907.91,1640.26,626.14,0,0,1,-1,7.0,BENIGN
80,2114553.0,2.0,3.0,19.0,25606.0,9.75,8535.28,12118.56,2.36,528638.25,0,0,1,8192,2.0,DDoS
53,72946.0,5.0,2.0,16.0,303.0,3.22,151.55,4376.17,95.96,12157.67,0,0,0,-1,0.0,BENIGN
53,27883906.0,2.0,47.0,13.0,1309.0,6.75,27.86,47.44,1.76,580914.71,0,0,1,65535,24.0,BENIGN
123,239929.0,1.0,1.0,22.0,359.0,22.47,359.36,1591.45,8.34,239929.0,0,1,1,29200,1.0,BENIGN
53,64921.0,9.0,1.0,290.0,189.0,32.2,188.92,7373.62,154.03,7213.44,0,0,1,65535,0.0,BENIGN
123,45915.0,2.0,24.0,90.0,410.0,45.17,17.09,10901.55,566.26,1836.6,0,1,0,65535,12.0,BENIGN
80,3714.0,1.0,3.0,47.0,2254.0,47.05,751.49,619692.32,1077.01,1238.0,0,0,0,-1,3.0,BENIGN
22,10284.0,4.0,1.0,154.0,138.0,38.5,137.74,28369.96,486.19,2571.0,0,1,0,256,0.0,BENIGN
53,2483826.0,5.0,5.0,293.0,1640.0,58.52,327.9,777.87,4.03,275980.67,0,1,1,256,1.0,BENIGN
80,6581.0,17.0,2.0,1812.0,360.0,106.57,179.87,329956.05,2887.1,365.61,0,0,0,65535,0.0,BENIGN
80,52849.0,14.0,10.0,1167.0,577.0,83.37,57.66,32994.99,454.12,2297.78,0,0,0,256,1.0,BENIGN
80,20161.0,15.0,8.0,552.0,6277.0,36.81,784.69,338756.27,1140.82,916.41,0,1,0,65535,1.0,BENIGN
443,1006944.0,5.0,0.0,639.0,0.0,127.82,0.0,634.69,4.97,251736.0,0,0,0,65535,0.0,BENIGN
80,2031943.0,6.0,2.0,1244.0,2966.0,207.26,1483.13,2071.83,3.94,290277.57,0,1,0,251,0.0,DoS Hulk
80,3709998.0,18.0,6.0,673.0,4905.0,37.42,817.46,1503.57,6.47,161304.26,0,1,0,29200,0.0,Web Attack - Brute Force
80,32476.0,7.0,5.0,2630.0,21934.0,375.72,4386.71,756360.69,369.5,2952.36,0,0,1,29200,1.0,DoS Hulk
8080,2001792.0,15.0,4.0,255.0,622.0,16.97,155.41,437.71,9.49,111210.67,1,1,1,29200,0.0,BENIGN
22,74905.0,2.0,7.0,219.0,1009.0,109.57,144.1,16391.92,120.15,9363.12,0,1,0,8192,4.0,BENIGN
443,27044.0,6.0,20.0,727.0,5012.0,121.19,250.59,212210.27,961.4,1081.76,0,1,0,-1,3.0,BENIGN
80,61541.0,3.0,4.0,134.0,3170.0,44.6,792.58,53689.79,113.75,10256.83,0,0,0,8192,1.0,BENIGN
22,775514.0,18.0,1.0,1723.0,294.0,95.74,294.34,2601.64,24.5,43084.11,0,1,1,256,0.0,BENIGN
80,1055507.0,10.0,1.0,2109.0,611.0,210.89,610.57,2576.48,10.42,105550.7,0,1,0,65535,0.0,BENIGN
80,25810.0,4.0,9.0,1718.0,18490.0,429.57,2054.4,782949.52,503.68,2150.83,0,0,0,251,2.0,DoS Hulk
22,6970996.0,30.0,4.0,244.0,708.0,8.12,177.01,136.53,4.88,211242.3,0,0,1,256,0.0,BENIGN
80,409.0,2.0,3.0,14.0,965.0,6.76,321.67,2392472.33,12224.94,102.25,1,0,0,65535,2.0,Bot
80,36218.0,4.0,3.0,796.0,3339.0,199.11,1112.92,114175.03,193.27,6036.33,0,1,0,251,1.0,DoS Hulk
80,1205402.0,3.0,6.0,25.0,12400.0,8.46,2066.6,10307.72,7.47,150675.25,0,0,1,256,2.0,DDoS
123,2396.0,4.0,14.0,157.0,6544.0,39.21,467.41,2796541.94,7512.52,140.94,0,0,0,65535,4.0,BENIGN
80,1576068.0,4.0,3.0,34.0,9603.0,8.55,3200.95,6114.6,4.44,262678.0,0,0,1,256,1.0,DDoS
80,92608.0,3.0,3.0,432.0,14008.0,143.92,4669.4,155925.58,64.79,18521.6,0,0,0,251,1.0,DoS Hulk
22,61612.0,8.0,11.0,202.0,971.0,25.2,88.29,19034.07,308.38,3422.89,0,0,0,8192,1.0,BENIGN
123,215993.0,4.0,5.0,42.0,928.0,10.53,185.67,4493.15,41.67,26999.12,0,0,0,65535,1.0,BENIGN
8080,1038.0,15.0,13.0,492.0,596.0,32.81,45.88,1048767.07,26974.95,38.44,0,1,1,256,1.0,BENIGN
123,52341.0,1.0,2.0,212.0,66.0,212.25,33.08,5319.19,57.32,26170.5,0,1,0,29200,2.0,BENIGN
80,43020.0,4.0,6.0,3301.0,4588.0,825.29,764.71,183389.05,232.45,4780.0,0,0,0,29200,2.0,DoS Hulk
443,15587.0,33.0,4.0,7164.0,260.0,217.09,64.93,476271.6,2373.77,432.97,0,0,0,256,0.0,BENIGN
80,122833.0,6.0,6.0,1112.0,8075.0,185.33,1345.85,74793.13,97.69,11166.64,0,0,0,29200,1.0,DoS Hulk
80,1460923.0,5.0,6.0,90.0,10133.0,17.93,1688.91,6997.71,7.53,146092.3,0,0,1,256,1.0,DDoS
443,15778.0,9.0,4.0,168.0,122.0,18.7,30.58,18421.65,823.93,1314.83,0,0,0,256,0.0,BENIGN
8080,18848.0,7.0,36.0,102.0,12709.0,14.61,353.01,679688.53,2281.41,448.76,0,0,0,29200,5.0,BENIGN
8080,143139.0,7.0,4.0,459.0,334.0,65.56,83.45,5538.2,76.85,14313.9,0,0,0,8192,1.0,Bot
123,135552.0,7.0,52.0,74.0,2646.0,10.64,50.89,20073.16,435.26,2337.1,0,0,0,8192,7.0,BENIGN
80,95792.0,7.0,60.0,124.0,7915.0,17.64,131.92,83919.68,699.43,1451.39,0,1,0,8192,9.0,BENIGN
80,217236.0,7.0,1.0,502.0,117.0,71.76,116.59,2848.89,36.83,31033.71,0,0,0,256,0.0,Bot
8080,4551.0,13.0,1.0,633.0,123.0,48.69,122.52,165993.13,3076.25,350.08,0,0,0,65535,0.0,BENIGN
443,315175.0,1.0,5.0,56.0,781.0,55.72,156.29,2656.13,19.04,63035.0,0,0,1,-1,5.0,BENIGN
123,38864.0,7.0,20.0,521.0,670.0,74.45,33.48,30637.12,694.73,1494.77,0,0,1,65535,3.0,BENIGN
53,3066.0,8.0,3.0,5192.0,229.0,648.99,76.42,1768157.95,3587.74,306.6,1,1,1,65535,0.0,BENIGN
80,1668953.0,7.0,5.0,45.0,27949.0,6.45,5589.74,16773.29,7.19,151723.0,0,1,0,256,1.0,DDoS
80,15274749.0,4.0,9.0,16.0,18422.0,4.1,2046.85,1207.09,0.85,1272895.75,0,1,1,256,2.0,DDoS
80,2852287.0,12.0,4.0,1358.0,340.0,113.18,85.05,595.46,5.61,190152.47,0,0,0,29200,0.0,Web Attack - Brute Force
80,47312.0,44.0,5.0,8901.0,3765.0,202.29,752.97,267700.91,1035.68,985.67,0,0,0,-1,0.0,BENIGN
80,361425.0,6.0,3.0,1918.0,2900.0,319.68,966.56,13330.0,24.9,45178.12,0,1,1,251,0.0,DoS Hulk
443,190694.0,9.0,1.0,1172.0,12.0,130.23,12.04,6209.61,52.44,21188.22,0,1,1,-1,0.0,BENIGN
80,1606057.0,9.0,4.0,1020.0,1558.0,113.32,389.51,1605.15,8.09,133838.08,0,0,0,8192,0.0,Web Attack - Brute Force
80,4453337.0,11.0,21.0,283.0,3746.0,25.71,178.37,904.64,7.19,143656.03,0,1,0,-1,2.0,BENIGN
8080,60445.0,27.0,2.0,2208.0,1600.0,81.78,800.11,63005.02,479.78,2158.75,0,0,0,-1,0.0,BENIGN
443,5314371.0,4.0,14.0,47.0,711.0,11.72,50.79,142.62,3.39,312610.06,0,0,0,-1,4.0,BENIGN
443,36215.0,11.0,3.0,573.0,157.0,52.06,52.18,20136.95,386.58,2785.77,0,0,0,29200,0.0,BENIGN
940,12.0,1.0,2.0,3.0,1.0,3.33,0.54,367163.81,250000.0,6.0,1,0,0,1024,2.0,PortScan
53,403252.0,12.0,29.0,1063.0,5658.0,88.58,195.09,16666.29,101.67,10081.3,0,0,0,29200,2.0,BENIGN
8080,1567519.0,6.0,4.0,54.0,195.0,8.97,48.73,158.7,6.38,174168.78,0,0,1,8192,1.0,BENIGN
443,1294.0,4.0,4.0,65.0,1114.0,16.22,278.52,911098.31,6182.38,184.86,0,1,0,-1,1.0,BENIGN
123,53429.0,6.0,1.0,80.0,1648.0,13.27,1648.38,32341.44,131.01,8904.83,0,1,0,8192,0.0,BENIGN
959,18.0,1.0,1.0,0.0,4.0,0.47,4.23,261319.24,111111.11,18.0,1,0,0,29200,1.0,PortScan
37,12.0,1.0,1.0,1.0,5.0,1.04,4.99,502793.45,166666.67,12.0,1,1,0,1024,1.0,PortScan
22,40773.0,2.0,53.0,164.0,15744.0,81.8,297.05,390145.12,1348.93,755.06,0,1,1,8192,26.0,BENIGN
310,27.0,1.0,1.0,2.0,10.0,2.17,9.88,446389.83,74074.07,27.0,1,0,0,0,1.0,PortScan
443,36175.0,1.0,6.0,38.0,732.0,38.36,121.97,21290.45,193.5,6029.17,0,1,0,256,6.0,Bot
443,5688.0,44.0,20.0,5631.0,6009.0,127.99,300.45,2046501.69,11251.76,90.29,0,0,1,29200,0.0,BENIGN
80,2088815.0,26.0,8.0,5335.0,1249.0,205.18,156.15,3151.97,16.28,63297.42,0,1,0,8192,0.0,Web Attack - Brute Force
8080,49346.0,11.0,2.0,115.0,338.0,10.48,168.8,9176.98,263.45,4112.17,0,1,1,-1,0.0,BENIGN
443,6801286.0,6.0,27.0,1934.0,3893.0,322.27,144.17,856.64,4.85,212540.19,1,0,1,65535,4.0,BENIGN
443,28685.0,1.0,16.0,130.0,429.0,129.59,26.82,19480.27,592.64,1792.81,0,0,0,-1,16.0,BENIGN
8080,15876.0,1.0,6.0,90.0,2171.0,90.47,361.83,142445.34,440.92,2646.0,0,0,0,65535,6.0,BENIGN
80,759858.0,5.0,2.0,75.0,3623.0,15.08,1811.58,4867.45,9.21,126643.0,0,0,1,256,0.0,DDoS
22,150524.0,1.0,5.0,139.0,7272.0,139.27,1454.44,49237.8,39.86,30104.8,0,0,1,65535,5.0,BENIGN
80,57328.0,5.0,8.0,1064.0,19019.0,212.75,2377.42,350319.18,226.77,4777.33,0,1,0,251,2.0,DoS Hulk
80,6539236.0,6.0,7.0,229.0,1454.0,38.11,207.69,257.29,1.99,544936.33,0,0,0,8192,1.0,Web Attack - Brute Force
443,99556.0,8.0,3.0,47.0,60.0,5.88,19.95,1073.85,110.49,9955.6,0,1,0,-1,0.0,BENIGN
123,1240837.0,5.0,2.0,242.0,347.0,48.45,173.69,475.19,5.64,206806.17,0,1,1,256,0.0,BENIGN
1,10.0,1.0,1.0,1.0,6.0,0.64,6.4,703598.51,200000.0,10.0,1,0,0,29200,1.0,PortScan
80,27342.0,6.0,2.0,1004.0,5348.0,167.35,2674.17,232332.02,292.59,3906.0,0,1,1,29200,0.0,DoS Hulk
284,59.0,2.0,1.0,3.0,3.0,1.3,3.46,102804.1,50847.46,29.5,1,0,0,29200,0.0,PortScan
80,35266.0,6.0,5.0,297.0,253.0,49.55,50.57,15599.33,311.92,3526.6,0,0,0,8192,1.0,BENIGN
123,166058.0,1.0,5.0,33.0,2021.0,32.93,404.22,12369.26,36.13,33211.6,0,1,0,65535,5.0,BENIGN
80,109251.0,8.0,3.0,2569.0,8628.0,321.1,2875.91,102484.57,100.69,10925.1,0,1,0,29200,0.0,DoS Hulk
123,1235.0,6.0,1.0,14.0,525.0,2.41,524.51,436422.54,5668.02,205.83,0,1,0,29200,0.0,BENIGN
8080,845818.0,3.0,2.0,844.0,882.0,281.45,440.86,2040.69,5.91,211454.5,0,0,1,256,1.0,BENIGN
80,377190.0,4.0,3.0,25.0,12611.0,6.19,4203.59,33499.11,18.56,62865.0,0,0,1,8192,1.0,DDoS
53,105934.0,6.0,11.0,706.0,3078.0,117.61,279.81,35716.35,160.48,6620.88,0,0,1,8192,2.0,BENIGN
22,68957.0,2.0,6.0,69.0,4100.0,34.37,683.3,60451.42,116.01,9851.0,0,0,0,-1,3.0,BENIGN
80,161978.0,2.0,2.0,16.0,6854.0,7.87,3427.02,42411.72,24.69,53992.67,0,0,1,8192,1.0,DDoS
8080,19781.0,40.0,6.0,892.0,1812.0,22.3,301.92,136678.43,2325.46,439.58,0,0,0,8192,0.0,BENIGN
8080,44990.0,9.0,6.0,388.0,934.0,43.16,155.75,29404.76,333.41,3213.57,0,0,0,-1,1.0,BENIGN
80,1960993.0,5.0,7.0,440.0,1031.0,88.09,147.31,750.43,6.12,178272.09,0,0,0,29200,1.0,Web Attack - Brute Force
80,1152903.0,4.0,4.0,18.0,18333.0,4.38,4583.33,15917.07,6.94,164700.43,0,0,1,8192,1.0,DDoS
8080,6685643.0,6.0,11.0,508.0,604.0,84.69,54.89,166.32,2.54,417852.69,0,0,0,65535,2.0,BENIGN
80,417768.0,4.0,1.0,1230.0,365.0,307.5,364.7,3817.16,11.97,104442.0,0,0,1,8192,0.0,BENIGN
443,15840.0,2.0,9.0,66.0,1339.0,33.01,148.75,88685.13,694.44,1584.0,0,1,0,8192,4.0,BENIGN
443,31451.0,3.0,10.0,90.0,2124.0,30.1,212.4,70404.41,413.34,2620.92,0,1,0,256,3.0,BENIGN
443,6988.0,1.0,6.0,93.0,4417.0,92.81,736.2,645396.81,1001.72,1164.67,0,0,0,8192,6.0,BENIGN
80,210891.0,2.0,2.0,9.0,6195.0,4.53,3097.68,29419.99,18.97,70297.0,0,0,1,256,1.0,DDoS
443,5403.0,3.0,2.0,98.0,199.0,32.69,99.38,54937.88,925.41,1350.75,0,0,0,8192,1.0,BENIGN
443,10094.0,5.0,3.0,98.0,40.0,19.55,13.28,13633.02,792.55,1442.0,0,0,0,-1,1.0,BENIGN
80,993704.0,4.0,5.0,238.0,995.0,59.59,198.95,1240.93,9.06,124213.0,0,0,0,29200,1.0,Web Attack - Brute Force
22,21874.0,2.0,6.0,577.0,6696.0,288.57,1116.06,332518.79,365.73,3124.86,0,1,0,8192,3.0,BENIGN
443,2658.0,1.0,2.0,27.0,125.0,27.07,62.57,57260.93,1128.67,1329.0,0,1,0,8192,2.0,Bot
80,222186.0,41.0,3.0,1273.0,307.0,31.05,102.35,7111.98,198.03,5167.12,0,1,0,8192,0.0,BENIGN
136,46.0,1.0,2.0,2.0,4.0,1.62,1.84,114928.21,65217.39,23.0,1,0,0,0,2.0,PortScan
123,3016.0,4.0,7.0,55.0,988.0,13.67,141.15,345726.59,3647.21,301.6,0,1,0,65535,2.0,BENIGN
53,131.0,3.0,41.0,108.0,11648.0,36.05,284.1,89742500.46,335877.86,3.05,0,0,1,-1,14.0,BENIGN
123,7112.0,24.0,3.0,2036.0,403.0,84.83,134.37,342931.69,3796.4,273.54,0,1,1,-1,0.0,BENIGN
534,59.0,2.0,2.0,3.0,11.0,1.32,5.48,230597.19,67796.61,19.67,1,0,0,29200,1.0,PortScan
443,39106.0,10.0,3.0,1962.0,425.0,196.21,141.64,61038.59,332.43,3258.83,0,0,0,65535,0.0,BENIGN
8080,8329.0,3.0,3.0,706.0,185.0,235.41,61.68,107008.96,720.37,1665.8,0,1,0,256,1.0,Bot
123,68439.0,11.0,2.0,353.0,955.0,32.11,477.62,19118.66,189.95,5703.25,0,0,0,29200,0.0,BENIGN
8080,25361.0,5.0,2.0,409.0,246.0,81.83,123.17,25846.73,276.01,4226.83,1,1,1,65535,0.0,Bot
80,205799.0,5.0,11.0,1404.0,33751.0,280.89,3068.28,170824.77,77.75,13719.93,0,1,0,29200,2.0,DoS Hulk
443,1712.0,28.0,7.0,1149.0,1052.0,41.05,150.26,1285696.85,20443.93,50.35,0,0,1,-1,0.0,BENIGN
53,5363.0,2.0,86.0,300.0,5737.0,149.84,66.71,1125623.4,16408.73,61.64,0,0,1,256,43.0,BENIGN
53,108236.0,3.0,6.0,220.0,6893.0,73.3,1148.9,65720.51,83.15,13529.5,0,1,1,29200,2.0,BENIGN
53,17853.0,5.0,12.0,198.0,1296.0,39.64,108.02,83710.35,952.22,1115.81,0,1,0,8192,2.0,BENIGN
80,1584815.0,2.0,5.0,10.0,13989.0,4.94,2797.88,8833.39,4.42,264135.83,0,0,1,256,2.0,DDoS
80,948888.0,7.0,4.0,1539.0,9408.0,219.8,2351.98,11536.16,11.59,94888.8,0,1,0,251,1.0,DoS Hulk
443,2563.0,1.0,10.0,73.0,1817.0,72.88,181.74,737523.55,4291.85,256.3,0,1,0,8192,10.0,Bot
53,34461.0,11.0,1.0,229.0,189.0,20.81,189.48,12140.52,348.22,3132.82,0,0,0,-1,0.0,BENIGN
53,1532.0,7.0,1.0,571.0,28.0,81.59,28.1,391159.07,5221.93,218.86,0,1,0,-1,0.0,BENIGN
80,9639.0,3.0,4.0,1731.0,16818.0,577.04,4204.47,1924368.24,726.22,1606.5,0,1,0,251,1.0,DoS Hulk
53,396.0,3.0,4.0,599.0,83.0,199.78,20.74,1722909.54,17676.77,66.0,0,1,1,65535,1.0,BENIGN
8080,15540.0,5.0,11.0,813.0,163.0,162.7,14.83,62848.34,1029.6,1036.0,0,0,1,256,2.0,BENIGN
22,162663.0,3.0,3.0,725.0,74.0,241.76,24.81,4916.39,36.89,32532.6,0,0,1,65535,1.0,BENIGN
662,80.0,2.0,1.0,5.0,5.0,2.52,4.52,119391.12,37500.0,40.0,1,0,0,29200,0.0,PortScan
22,488415.0,6.0,1.0,344.0,196.0,57.38,195.54,1105.28,14.33,81402.5,0,1,1,29200,0.0,BENIGN
80,1008918.0,4.0,8.0,3941.0,15389.0,985.13,1923.62,19158.6,11.89,91719.82,0,0,0,29200,2.0,DoS Hulk
80,803477.0,4.0,7.0,30.0,33250.0,7.43,4749.99,41419.57,13.69,80347.7,0,0,1,8192,2.0,DDoS
80,5079.0,6.0,1.0,95.0,41.0,15.87,40.57,26734.54,1378.22,846.5,0,0,0,65535,0.0,BENIGN
443,378431.0,4.0,6.0,51.0,29.0,12.83,4.78,211.47,26.42,42047.89,0,1,0,8192,2.0,BENIGN
53,123636.0,6.0,7.0,692.0,681.0,115.25,97.23,11098.02,105.15,10303.0,0,1,0,29200,1.0,BENIGN
80,2184208.0,3.0,56.0,281.0,6254.0,93.67,111.68,2991.87,27.01,37658.76,0,0,0,29200,19.0,BENIGN
8080,38306.0,25.0,16.0,642.0,3638.0,25.66,227.4,111730.71,1070.33,957.65,0,1,0,8192,1.0,BENIGN
123,3160.0,6.0,8.0,170.0,126.0,28.35,15.73,93664.8,4430.38,243.08,0,0,0,65535,1.0,BENIGN
22,1805967.0,10.0,16.0,265.0,1233.0,26.5,77.06,829.46,14.4,72238.68,0,1,1,256,2.0,BENIGN
8080,18687.0,4.0,5.0,632.0,1270.0,157.96,253.97,101763.49,481.62,2335.88,0,0,1,256,1.0,BENIGN
80,58671.0,4.0,8.0,1289.0,12230.0,322.33,1528.79,230431.2,204.53,5333.73,0,1,0,29200,2.0,DoS Hulk
443,824.0,6.0,5.0,254.0,284.0,42.38,56.76,652985.27,13349.51,82.4,0,0,1,-1,1.0,BENIGN
22,7836.0,2.0,2.0,199.0,82.0,99.66,40.82,35852.66,510.46,2612.0,0,0,0,256,1.0,BENIGN
80,22374.0,18.0,12.0,692.0,745.0,38.43,62.06,64197.77,1340.84,771.52,0,1,1,8192,1.0,BENIGN
80,342676.0,6.0,6.0,216.0,488.0,36.03,81.35,2055.25,35.02,31152.36,0,1,0,65535,1.0,BENIGN
22,3115.0,6.0,3.0,1324.0,349.0,220.75,116.19,537087.97,2889.25,389.38,1,1,0,8192,0.0,BENIGN
80,144708.0,4.0,5.0,474.0,15043.0,118.52,3008.63,107231.17,62.19,18088.5,0,0,0,251,1.0,DoS Hulk
8080,15607.0,9.0,24.0,2950.0,998.0,327.8,41.59,252983.91,2114.44,487.72,0,0,0,65535,3.0,BENIGN
80,167690.0,3.0,3.0,1030.0,6292.0,343.36,2097.39,43665.42,35.78,33538.0,0,0,0,29200,1.0,DoS Hulk
857,32.0,1.0,1.0,1.0,10.0,1.0,10.18,349215.67,62500.0,32.0,1,0,0,1024,1.0,PortScan
443,17463.0,1.0,2.0,138.0,786.0,137.69,393.02,52896.42,171.79,8731.5,0,1,1,65535,2.0,BENIGN
80,122753.0,4.0,3.0,573.0,4295.0,143.19,1431.54,39651.85,57.03,20458.83,0,0,0,251,1.0,DoS Hulk
996,120.0,2.0,1.0,6.0,4.0,2.9,3.89,80710.06,25000.0,60.0,1,0,0,0,0.0,PortScan
80,48311.0,11.0,5.0,1863.0,8138.0,169.38,1627.69,207026.1,331.19,3220.73,0,1,0,29200,0.0,DoS Hulk
443,7861841.0,1.0,2.0,17.0,174.0,16.62,86.93,24.23,0.38,3930920.5,0,0,0,256,2.0,BENIGN
443,6470.0,30.0,15.0,628.0,8416.0,20.92,561.09,1397841.83,6955.18,147.05,0,0,0,8192,0.0,BENIGN
80,1127.0,4.0,5.0,748.0,1035.0,186.9,206.91,1581313.53,7985.8,140.88,0,0,0,-1,1.0,BENIGN
80,118431.0,5.0,4.0,2527.0,17839.0,505.32,4459.78,171962.47,75.99,14803.88,0,1,0,29200,1.0,DoS Hulk
80,3614.0,6.0,1.0,852.0,725.0,142.08,724.59,436378.9,1936.91,602.33,0,1,0,65535,0.0,BENIGN
80,105230.0,3.0,5.0,46.0,460.0,15.35,91.92,4804.82,76.02,15032.86,0,0,1,256,2.0,BENIGN
625,19.0,2.0,1.0,3.0,3.0,1.57,2.75,309887.06,157894.74,9.5,1,0,0,1024,0.0,PortScan
80,413692.0,6.0,14.0,453.0,579.0,75.53,41.37,2495.46,48.35,21773.26,0,1,1,65535,2.0,Bot
53,12719.0,2.0,14.0,169.0,11910.0,84.68,850.7,949699.23,1257.96,847.93,0,1,0,-1,7.0,BENIGN
22,129573.0,11.0,1.0,640.0,1963.0,58.22,1962.72,20090.09,92.61,11779.36,0,1,1,29200,0.0,BENIGN
945,11.0,2.0,1.0,3.0,3.0,1.3,2.84,494156.75,272727.27,5.5,1,0,0,0,0.0,PortScan
22,1119.0,27.0,8.0,444.0,1494.0,16.43,186.81,1732025.67,31277.93,32.91,0,0,0,8192,0.0,BENIGN
123,106983.0,72.0,2.0,4745.0,303.0,65.9,151.69,47185.96,691.7,1465.52,0,0,0,256,0.0,BENIGN
53,121500.0,41.0,9.0,1060.0,545.0,25.85,60.52,13204.17,411.52,2479.59,0,1,1,256,0.0,BENIGN
80,927644.0,4.0,5.0,48.0,35155.0,11.91,7030.99,37948.41,9.7,115955.5,0,1,0,8192,1.0,DDoS
123,2648.0,6.0,20.0,353.0,234.0,58.78,11.68,221431.02,9818.73,105.92,0,0,1,-1,3.0,BENIGN
53,34966.0,6.0,30.0,510.0,336.0,85.03,11.18,24186.37,1029.57,999.03,0,1,1,256,5.0,BENIGN
8080,438607.0,30.0,11.0,1612.0,12613.0,53.73,1146.6,32431.02,93.48,10965.18,0,0,0,-1,0.0,BENIGN
123,34958.0,12.0,8.0,1364.0,595.0,113.67,74.32,56027.22,572.12,1839.89,0,0,0,65535,1.0,BENIGN
443,27971.0,6.0,1.0,188.0,464.0,31.37,463.92,23315.96,250.26,4661.83,0,0,0,8192,0.0,BENIGN
123,1428.0,44.0,21.0,4212.0,3819.0,95.72,181.84,5623415.04,45518.21,22.31,0,1,0,-1,0.0,BENIGN
80,1965557.0,4.0,14.0,308.0,13457.0,77.1,961.21,7003.26,9.16,115621.0,0,1,0,29200,4.0,Web Attack - Brute Force
123,12897.0,8.0,7.0,35.0,153.0,4.32,21.83,14525.13,1163.06,921.21,0,1,1,29200,1.0,BENIGN
8080,500.0,1.0,2.0,43.0,16714.0,43.23,8356.89,33514009.34,6000.0,250.0,0,0,0,256,2.0,BENIGN
443,433641.0,1.0,6.0,181.0,862.0,180.52,143.69,2404.39,16.14,72273.5,0,1,0,65535,6.0,Bot
443,13834.0,4.0,9.0,1107.0,6769.0,276.67,752.13,569310.41,939.71,1152.83,0,0,0,8192,2.0,BENIGN
80,90966.0,4.0,2.0,2666.0,1807.0,666.41,903.43,49166.67,65.96,18193.2,0,1,1,29200,0.0,DoS Hulk
53,7124.0,4.0,44.0,1267.0,75207.0,316.85,1709.24,10734701.48,6737.79,151.57,0,1,0,256,11.0,BENIGN
80,1417.0,6.0,2.0,311.0,123.0,51.87,61.51,306435.68,5645.73,202.43,0,0,0,-1,0.0,BENIGN
443,16461.0,6.0,5.0,52.0,55.0,8.63,10.96,6476.21,668.25,1646.1,0,0,0,65535,1.0,BENIGN
80,94336.0,4.0,7.0,813.0,19306.0,203.3,2758.06,213276.74,116.6,9433.6,0,1,0,29200,2.0,DoS Hulk
80,1510753.0,5.0,3.0,69.0,5900.0,13.7,1966.66,3950.67,5.3,215821.86,0,0,1,256,1.0,DDoS
443,12962.0,30.0,1.0,1010.0,46.0,33.66,45.85,81449.69,2391.61,432.07,0,0,1,65535,0.0,BENIGN
22,9082758.0,11.0,4.0,760.0,2431.0,69.07,607.67,351.27,1.65,648768.43,0,0,1,8192,0.0,BENIGN
80,98317.0,2.0,13.0,21.0,2217.0,10.59,170.55,22766.78,152.57,7022.64,0,0,0,256,6.0,BENIGN
53,659328.0,10.0,20.0,83.0,2088.0,8.3,104.38,3292.31,45.5,22735.45,0,0,1,8192,2.0,BENIGN
123,15714.0,5.0,9.0,773.0,8033.0,154.69,892.58,560436.18,890.93,1208.77,0,1,0,-1,2.0,BENIGN
80,20736.0,4.0,5.0,215.0,748.0,53.63,149.57,46409.78,434.03,2592.0,0,0,0,65535,1.0,Bot
80,230939.0,5.0,7.0,1812.0,16145.0,362.38,2306.39,77755.0,51.96,20994.45,0,1,0,29200,1.0,DoS Hulk
80,134033.0,9.0,4.0,3702.0,7872.0,411.28,1968.12,86351.82,96.99,11169.42,0,0,0,29200,0.0,DoS Hulk
22,26649.0,13.0,2.0,1345.0,388.0,103.46,193.77,65011.71,562.87,1903.5,0,0,1,65535,0.0,BENIGN
53,584.0,13.0,1.0,330.0,333.0,25.37,332.98,1134989.03,23972.6,44.92,0,1,0,65535,0.0,BENIGN
80,724367.0,3.0,1.0,41.0,2299.0,13.61,2298.75,3229.84,5.52,241455.67,0,0,1,256,0.0,DDoS
8080,4269124.0,2.0,14.0,158.0,822.0,79.17,58.71,229.63,3.75,284608.27,0,1,1,29200,7.0,BENIGN
80,303928.0,5.0,3.0,23.0,7859.0,4.5,2619.68,25932.32,26.32,43418.29,0,0,1,256,1.0,DDoS
443,94664.0,7.0,11.0,696.0,7473.0,99.45,679.32,86291.23,190.15,5568.47,1,1,0,65535,2.0,BENIGN
53,22911.0,1.0,13.0,11.0,3567.0,10.52,274.39,156149.23,611.06,1762.38,0,1,1,256,13.0,BENIGN
80,383229.0,4.0,3.0,70.0,6452.0,17.59,2150.7,17019.76,18.27,63871.5,0,0,1,256,1.0,DDoS
8080,885.0,10.0,19.0,43.0,6696.0,4.33,352.41,7614736.52,32768.36,31.61,0,1,0,8192,2.0,BENIGN
8080,5839.0,6.0,1.0,537.0,291.0,89.54,290.61,141780.6,1198.84,973.17,0,1,1,8192,0.0,BENIGN
22,11981.0,4.0,14.0,241.0,2361.0,60.17,168.61,217112.35,1502.38,704.76,0,0,0,65535,4.0,BENIGN
263,26.0,2.0,1.0,1.0,2.0,0.45,1.79,103146.07,115384.62,13.0,1,0,0,1024,0.0,PortScan
22,814.0,5.0,4.0,627.0,635.0,125.35,158.81,1550380.71,11056.51,101.75,0,1,1,-1,1.0,BENIGN
80,84081.0,9.0,4.0,3931.0,3734.0,436.8,933.59,91169.17,154.61,7006.75,0,1,0,29200,0.0,DoS Hulk
53,22326.0,62.0,8.0,5810.0,628.0,93.7,78.44,288323.13,3135.36,323.57,0,0,0,256,0.0,BENIGN
449,112.0,1.0,2.0,1.0,8.0,1.4,4.22,87933.39,26785.71,56.0,1,0,1,1024,2.0,PortScan
80,34712.0,8.0,5.0,2886.0,12349.0,360.7,2469.82,438887.98,374.51,2892.67,0,1,0,251,1.0,DoS Hulk
80,2361584.0,24.0,3.0,1160.0,4101.0,48.32,1366.97,2227.53,11.43,90830.15,0,0,0,-1,0.0,BENIGN
123,98.0,3.0,22.0,105.0,1696.0,34.88,77.11,18377534.0,255102.04,4.08,1,1,1,29200,7.0,BENIGN
53,73795.0,12.0,40.0,272.0,13815.0,22.71,345.38,190901.14,704.65,1446.96,0,0,0,65535,3.0,BENIGN
22,38215.0,3.0,8.0,353.0,1354.0,117.58,169.21,44652.31,287.85,3821.5,0,0,1,256,3.0,BENIGN
8080,103776.0,2.0,6.0,108.0,1180.0,54.2,196.73,12418.58,77.09,14825.14,0,0,0,65535,3.0,BENIGN
80,216553.0,4.0,3.0,31.0,10346.0,7.82,3448.71,47920.77,32.32,36092.17,0,0,1,8192,1.0,DDoS
443,75091.0,43.0,13.0,1346.0,1662.0,31.31,127.88,40069.61,745.76,1365.29,0,0,0,256,0.0,BENIGN
80,660613.0,6.0,8.0,66.0,26860.0,11.03,3357.45,40758.76,21.19,50816.38,0,0,1,8192,1.0,DDoS
443,6401.0,2.0,8.0,110.0,9372.0,54.95,1171.56,1481385.71,1562.26,711.22,0,0,1,256,4.0,BENIGN
80,1101696.0,10.0,37.0,531.0,3541.0,53.11,95.71,3696.56,42.66,23949.91,0,0,1,256,4.0,BENIGN
8080,986681.0,11.0,1.0,1050.0,87.0,95.48,86.5,1152.16,12.16,89698.27,0,1,0,29200,0.0,BENIGN
8080,1628.0,1.0,53.0,17.0,1661.0,17.38,31.34,1031101.68,33169.53,30.72,0,0,0,8192,53.0,BENIGN
22,166963.0,2.0,8.0,118.0,1047.0,59.07,130.83,6976.09,59.89,18551.44,0,0,0,8192,4.0,BENIGN
80,3002.0,3.0,9.0,465.0,262.0,154.84,29.16,242166.65,3997.34,272.91,0,0,1,8192,3.0,Bot
80,114636.0,2.0,1.0,28.0,381.0,14.14,380.92,3569.53,26.17,57318.0,0,0,0,-1,0.0,BENIGN
80,332430.0,2.0,2.0,61.0,537.0,30.38,268.63,1798.95,12.03,110810.0,0,1,0,256,1.0,Bot
443,14710.0,4.0,12.0,137.0,2655.0,34.27,221.22,189786.35,1087.7,980.67,0,0,0,65535,3.0,BENIGN
80,3826.0,6.0,22.0,147.0,831.0,24.52,37.79,255773.23,7318.35,141.7,0,0,1,8192,4.0,BENIGN
80,505371.0,2.0,5.0,9.0,13589.0,4.3,2717.9,26907.12,13.85,84228.5,0,0,1,256,2.0,DDoS
53,4695.0,4.0,11.0,87.0,1662.0,21.67,151.06,372389.87,3194.89,335.36,0,1,0,-1,3.0,BENIGN
960,376.0,1.0,1.0,3.0,6.0,2.78,5.63,22369.5,5319.15,376.0,1,0,0,0,1.0,PortScan
443,71400.0,2.0,13.0,267.0,4746.0,133.56,365.11,70218.17,210.08,5100.0,0,0,0,-1,6.0,BENIGN
8080,120143.0,11.0,6.0,238.0,19.0,21.65,3.11,2137.0,141.5,7508.94,0,1,1,-1,1.0,BENIGN
123,19172.0,30.0,3.0,6466.0,220.0,215.53,73.31,348725.09,1721.26,599.12,0,0,0,65535,0.0,BENIGN
80,35042.0,15.0,3.0,521.0,527.0,34.75,175.75,29922.42,513.67,2061.29,0,0,1,65535,0.0,BENIGN
8080,343861.0,6.0,6.0,1124.0,3598.0,187.4,599.59,13732.06,34.9,31260.09,0,0,0,-1,1.0,BENIGN
123,4447.0,16.0,26.0,2784.0,2209.0,174.01,84.95,1122715.08,9444.57,108.46,0,0,0,65535,2.0,BENIGN
53,16255.0,3.0,7.0,93.0,18667.0,30.88,2666.68,1154070.49,615.2,1806.11,0,0,0,256,2.0,BENIGN
443,6076.0,5.0,18.0,175.0,11217.0,34.92,623.15,1874814.16,3785.39,276.18,0,0,0,8192,4.0,BENIGN
8080,329191.0,3.0,2.0,243.0,115.0,81.08,57.42,1087.77,15.19,82297.75,0,0,0,65535,1.0,Bot
80,2307698.0,6.0,4.0,1985.0,7000.0,330.88,1750.06,3893.71,4.33,256410.89,0,1,0,29200,1.0,DoS Hulk
449,268.0,1.0,1.0,1.0,2.0,0.76,2.42,11897.25,7462.69,268.0,1,0,0,29200,1.0,PortScan
53,726.0,4.0,38.0,76.0,2804.0,19.1,73.79,3967383.96,57851.24,17.71,0,1,1,65535,10.0,BENIGN
80,102239.0,4.0,5.0,895.0,8355.0,223.82,1671.0,90476.75,88.03,12779.88,0,0,0,29200,1.0,DoS Hulk
80,33798.0,3.0,2.0,5.0,4340.0,1.73,2170.16,128572.46,147.94,8449.5,0,0,1,8192,1.0,DDoS
80,257915.0,2.0,5.0,27.0,20484.0,13.5,4096.9,79528.05,27.14,42985.83,0,0,1,256,2.0,DDoS
113,32.0,1.0,1.0,1.0,5.0,0.78,5.03,181382.5,62500.0,32.0,0,0,0,29200,1.0,PortScan
443,19978.0,6.0,4.0,929.0,248.0,154.83,61.91,58896.69,500.55,2219.78,0,0,0,-1,1.0,BENIGN
80,31402.0,5.0,14.0,491.0,146.0,98.14,10.42,20269.74,605.06,1744.56,0,0,0,65535,3.0,Bot
80,59538.0,36.0,4.0,7885.0,224.0,219.03,56.0,136198.76,671.84,1526.62,0,0,0,256,0.0,BENIGN
123,2515.0,3.0,12.0,1078.0,155.0,359.43,12.95,490552.41,5964.21,179.64,0,1,1,256,4.0,BENIGN
8080,321350.0,4.0,1.0,600.0,101.0,149.9,101.22,2180.86,15.56,80337.5,0,0,0,65535,0.0,BENIGN
123,69861.0,20.0,43.0,971.0,8802.0,48.57,204.69,139891.56,901.79,1126.79,0,0,1,29200,2.0,BENIGN
80,5067937.0,2.0,3.0,9.0,9735.0,4.43,3244.96,1922.62,0.99,1266984.25,0,0,1,8192,2.0,DDoS
443,52595.0,2.0,1.0,170.0,59.0,84.94,58.81,4347.98,57.04,26297.5,0,0,0,8192,0.0,Bot
8080,7503.0,1.0,19.0,99.0,6636.0,99.44,349.27,897712.91,2665.6,394.89,0,0,0,256,19.0,BENIGN
435,119.0,1.0,1.0,1.0,9.0,0.83,9.16,83960.15,16806.72,119.0,1,0,0,0,1.0,PortScan
80,6639296.0,2.0,1.0,8.0,2749.0,4.15,2749.01,415.3,0.45,3319648.0,0,0,1,256,0.0,DDoS
80,15882.0,4.0,4.0,234.0,1274.0,58.49,318.61,94975.27,503.71,2268.86,0,0,1,29200,1.0,BENIGN
80,25442.0,2.0,3.0,312.0,1421.0,156.16,473.79,68143.35,196.53,6360.5,0,1,0,-1,2.0,BENIGN
8080,16264.0,22.0,2.0,7826.0,4883.0,355.72,2441.72,781430.44,1475.65,707.13,0,1,1,-1,0.0,BENIGN
8080,54375.0,12.0,37.0,1531.0,12546.0,127.55,339.07,258872.31,901.15,1132.81,0,0,0,8192,3.0,BENIGN
393,66.0,1.0,1.0,2.0,3.0,2.49,3.19,86074.88,30303.03,66.0,0,1,0,1024,1.0,PortScan
969,13.0,1.0,1.0,5.0,9.0,4.74,8.56,1023079.27,153846.15,13.0,1,0,0,0,1.0,PortScan
8080,10472.0,5.0,7.0,1129.0,2196.0,225.87,313.78,317588.83,1145.91,952.0,0,1,0,29200,1.0,BENIGN
22,90308.0,4.0,44.0,332.0,9297.0,83.04,211.3,106628.09,531.51,1921.45,0,0,0,65535,11.0,BENIGN
22,108269.0,21.0,4.0,746.0,980.0,35.51,245.04,15939.59,230.91,4511.21,0,0,0,65535,0.0,BENIGN
80,4259369.0,2.0,9.0,493.0,968.0,246.68,107.61,343.2,2.58,425936.9,0,0,0,256,4.0,BENIGN
22,302160.0,2.0,1.0,97.0,106.0,48.54,106.36,673.29,9.93,151080.0,0,0,1,65535,0.0,BENIGN
80,331520.0,4.0,4.0,17.0,8916.0,4.25,2229.03,26945.94,24.13,47360.0,0,0,1,8192,1.0,DDoS
123,389.0,7.0,15.0,391.0,6137.0,55.91,409.15,16783031.83,56555.27,18.52,0,1,0,8192,2.0,BENIGN
8080,6037.0,11.0,27.0,625.0,6869.0,56.79,254.4,1241258.69,6294.52,163.16,0,0,1,-1,2.0,BENIGN
80,104590.0,9.0,31.0,379.0,4563.0,42.08,147.21,47252.87,382.45,2681.79,0,0,1,-1,3.0,BENIGN
80,149301.0,2.0,4.0,5.0,266.0,2.5,66.52,1815.72,40.19,29860.2,0,0,0,8192,2.0,BENIGN
8080,1305582.0,12.0,9.0,1043.0,8246.0,86.96,916.2,7115.03,16.08,65279.1,0,0,0,65535,1.0,BENIGN
443,4959.0,1.0,2.0,78.0,158.0,77.94,78.87,47527.74,604.96,2479.5,0,1,0,256,2.0,BENIGN
8080,1151213.0,3.0,1.0,162.0,1385.0,54.01,1384.57,1343.46,3.47,383737.67,0,0,0,8192,0.0,BENIGN
443,58572.0,19.0,4.0,1302.0,155.0,68.54,38.83,24884.64,392.68,2662.36,0,1,0,256,0.0,BENIGN
80,3820029.0,5.0,4.0,29.0,26766.0,5.78,6691.41,7014.22,2.36,477503.62,0,0,1,256,1.0,DDoS
80,47787.0,3.0,24.0,964.0,4684.0,321.21,195.16,118179.77,565.01,1837.96,0,0,0,256,8.0,BENIGN
80,415351.0,4.0,8.0,5.0,19403.0,1.19,2425.43,46727.23,28.89,37759.18,0,0,1,256,2.0,DDoS
443,134188.0,5.0,1.0,241.0,55.0,48.12,55.48,2206.56,44.71,26837.6,0,0,1,65535,0.0,BENIGN
80,3161081.0,6.0,2.0,30.0,5948.0,5.06,2974.07,1891.28,2.53,451583.0,0,1,0,8192,0.0,DDoS
8080,4993.0,20.0,4.0,418.0,4524.0,20.92,1130.91,989787.98,4806.73,217.09,0,0,0,256,0.0,BENIGN
53,280185.0,1.0,3.0,62.0,209.0,62.06,69.64,967.15,14.28,93395.0,0,0,0,29200,3.0,BENIGN
22,5366676.0,3.0,4.0,249.0,79.0,83.1,19.81,61.21,1.3,894446.0,0,1,0,256,1.0,BENIGN
123,7148314.0,3.0,5.0,48.0,2156.0,15.97,431.27,308.36,1.12,1021187.71,0,0,0,-1,2.0,BENIGN
8080,16932.0,1.0,1.0,77.0,13.0,77.39,13.19,5349.83,118.12,16932.0,0,0,1,65535,1.0,Bot
80,479951.0,6.0,6.0,1167.0,7441.0,194.52,1240.2,17935.82,25.0,43631.91,0,1,1,29200,1.0,Web Attack - Brute Force
880,23.0,1.0,1.0,1.0,1.0,1.3,0.98,99026.14,86956.52,23.0,1,1,0,29200,1.0,PortScan
80,302848.0,2.0,0.0,929.0,0.0,464.64,0.0,3068.5,6.6,302848.0,0,0,0,-1,0.0,BENIGN
123,35948.0,3.0,4.0,123.0,191.0,40.95,47.65,8719.67,194.73,5991.33,0,0,0,256,1.0,BENIGN
123,44059.0,73.0,5.0,2961.0,1072.0,40.56,214.32,91528.06,1770.35,572.19,0,0,1,65535,0.0,BENIGN
8080,23998.0,4.0,7.0,45.0,426.0,11.32,60.88,19643.45,458.37,2399.8,1,0,0,29200,2.0,BENIGN
80,53671.0,6.0,10.0,4792.0,33194.0,798.61,3319.43,707754.57,298.11,3578.07,1,0,1,251,2.0,DoS Hulk
80,108717.0,4.0,5.0,238.0,111.0,59.46,22.28,3212.22,82.78,13589.62,0,0,1,8192,1.0,BENIGN
22,1140967.0,8.0,25.0,543.0,9261.0,67.82,370.43,8592.06,28.92,35655.22,0,1,0,29200,3.0,BENIGN
53,2537.0,6.0,16.0,153.0,509.0,25.48,31.83,261001.43,8671.66,120.81,0,0,1,65535,3.0,BENIGN
8080,40626.0,3.0,4.0,104.0,2405.0,34.58,601.21,61748.41,172.3,6771.0,1,0,1,-1,1.0,BENIGN
8080,31192.0,11.0,2.0,706.0,324.0,64.16,161.83,33003.05,416.77,2599.33,0,0,0,29200,0.0,BENIGN
80,130098.0,11.0,4.0,3538.0,9867.0,321.65,2466.69,103037.25,115.3,9292.71,0,0,0,29200,0.0,DoS Hulk
80,1853697.0,3.0,7.0,21.0,14050.0,6.89,2007.2,7590.82,5.39,205966.33,0,1,1,8192,2.0,DDoS
22,11421.0,5.0,30.0,122.0,1195.0,24.49,39.83,115347.22,3064.53,335.91,0,0,1,8192,6.0,BENIGN
8080,291310.0,2.0,33.0,24.0,2466.0,12.12,74.72,8547.5,120.15,8567.94,0,0,1,65535,16.0,BENIGN
53,2382195.0,6.0,4.0,918.0,7175.0,152.96,1793.64,3397.0,4.2,264688.33,0,1,0,29200,1.0,BENIGN
123,182010.0,9.0,1.0,2509.0,92.0,278.74,91.66,14286.64,54.94,20223.33,0,1,1,8192,0.0,BENIGN
22,883.0,4.0,38.0,18.0,43430.0,4.39,1142.9,49204792.2,47565.12,21.54,0,0,1,65535,10.0,BENIGN
80,37097.0,6.0,8.0,17.0,21691.0,2.75,2711.34,585148.42,377.39,2853.62,0,0,1,256,1.0,DDoS
53,9749.0,13.0,3.0,1051.0,3714.0,80.87,1237.98,488791.19,1641.19,649.93,0,1,0,256,0.0,BENIGN
22,243002.0,5.0,3.0,260.0,609.0,52.01,202.85,3574.45,32.92,34714.57,0,0,0,256,1.0,BENIGN
80,150683.0,3.0,3.0,663.0,31.0,221.09,10.4,4608.86,39.82,30136.6,0,1,0,8192,1.0,Bot
80,630286.0,2.0,2.0,11.0,5694.0,5.35,2847.08,9051.21,6.35,210095.33,0,0,1,256,1.0,DDoS
8080,110382.0,8.0,1.0,200.0,9.0,24.97,9.06,1891.54,81.54,13797.75,0,0,1,29200,0.0,BENIGN
443,17350129.0,10.0,4.0,725.0,470.0,72.46,117.62,68.88,0.81,1334625.31,0,1,0,65535,0.0,BENIGN
22,1006992.0,4.0,10.0,698.0,1004.0,174.57,100.38,1690.23,13.9,77460.92,0,1,0,65535,2.0,BENIGN
8080,1607.0,2.0,68.0,86.0,13531.0,42.76,198.99,8473381.02,43559.43,23.29,0,1,0,65535,34.0,BENIGN
80,140041.0,16.0,5.0,382.0,830.0,23.88,165.92,8652.7,149.96,7002.05,0,0,0,65535,0.0,BENIGN
8080,8832.0,2.0,4.0,23.0,164.0,11.57,41.05,21208.9,679.35,1766.4,0,0,1,-1,2.0,BENIGN
80,1080263.0,6.0,7.0,71.0,27671.0,11.77,3952.98,25680.31,12.03,90021.92,0,0,0,256,1.0,DDoS
22,2419269.0,6.0,4.0,16.0,1357.0,2.65,339.34,567.63,4.13,268807.67,0,0,1,-1,1.0,BENIGN
123,73862.0,8.0,14.0,106.0,1932.0,13.31,137.99,27597.5,297.85,3517.24,0,1,0,29200,2.0,BENIGN
245,54.0,1.0,1.0,1.0,8.0,0.99,8.42,174335.8,37037.04,54.0,1,0,0,29200,1.0,PortScan
222,34.0,2.0,1.0,2.0,1.0,0.77,1.42,86683.29,88235.29,17.0,0,0,0,0,0.0,PortScan
80,418329.0,4.0,16.0,351.0,12807.0,87.65,800.42,31452.06,47.81,22017.32,0,0,1,256,4.0,BENIGN
80,274105.0,8.0,6.0,3431.0,11956.0,428.86,1992.65,56134.69,51.08,21085.0,0,1,0,29200,1.0,DoS Hulk
945,28.0,1.0,1.0,1.0,15.0,0.71,14.74,551681.95,71428.57,28.0,1,0,0,29200,1.0,PortScan
80,2095423.0,7.0,5.0,161.0,523.0,22.96,104.6,326.29,5.73,190493.0,1,0,1,-1,1.0,BENIGN
22,448739.0,4.0,14.0,589.0,2344.0,147.35,167.44,6537.39,40.11,26396.41,0,0,0,-1,4.0,BENIGN
8080,7273.0,1.0,2.0,332.0,34.0,331.86,17.19,50356.58,412.48,3636.5,0,0,0,65535,2.0,BENIGN
8080,18408.0,7.0,8.0,1052.0,2349.0,150.33,293.67,184795.61,814.86,1314.86,0,1,1,8192,1.0,BENIGN
80,65322.0,2.0,4.0,433.0,11911.0,216.64,2977.68,188971.6,91.85,13064.4,0,0,0,251,2.0,DoS Hulk
8080,120230.0,10.0,13.0,507.0,792.0,50.72,60.91,10804.84,191.3,5465.0,0,0,0,65535,1.0,BENIGN
22,106195.0,5.0,36.0,869.0,1020.0,173.82,28.34,17792.76,386.08,2654.88,0,0,0,65535,7.0,BENIGN
80,17114.0,5.0,3.0,2690.0,2908.0,538.01,969.33,327104.28,467.45,2444.86,0,1,1,251,1.0,DoS Hulk
8080,3283.0,16.0,4.0,9620.0,253.0,601.23,63.17,3007113.23,6091.99,172.79,0,0,1,256,0.0,Bot
80,215033.0,3.0,2.0,22.0,6418.0,7.19,3208.92,29946.21,23.25,53758.25,0,0,1,256,1.0,DDoS
443,59185.0,8.0,3.0,137.0,132.0,17.12,44.1,4549.01,185.86,5918.5,0,0,1,29200,0.0,BENIGN
8080,2444.0,5.0,5.0,181.0,502.0,36.21,100.32,279333.91,4091.65,271.56,0,0,1,8192,1.0,BENIGN
22,7913.0,33.0,5.0,377.0,95.0,11.44,18.91,59654.93,4802.22,213.86,0,1,0,8192,0.0,BENIGN
53,4814.0,11.0,1.0,205.0,225.0,18.63,225.26,89359.83,2492.73,437.64,0,1,1,-1,0.0,BENIGN
80,2159.0,2.0,1.0,194.0,47.0,97.08,46.51,111473.42,1389.53,1079.5,0,1,1,65535,0.0,Bot
80,3409874.0,4.0,6.0,153.0,165.0,38.26,27.44,93.17,2.93,378874.89,0,0,1,8192,2.0,BENIGN
53,63756.0,1.0,5.0,192.0,3366.0,192.44,673.12,55807.18,94.11,12751.2,0,0,0,29200,5.0,BENIGN
8080,39759.0,11.0,28.0,1364.0,2547.0,124.03,90.97,98380.38,980.91,1046.29,0,1,0,256,3.0,BENIGN
123,13989.0,9.0,32.0,881.0,9569.0,97.91,299.04,747047.07,2930.87,349.72,0,0,1,256,4.0,BENIGN
53,2310.0,11.0,72.0,129.0,28747.0,11.74,399.26,12500527.14,35930.74,28.17,0,0,0,256,7.0,BENIGN
123,5672.0,24.0,15.0,3671.0,10577.0,152.96,705.12,2511969.5,6875.88,149.26,0,1,1,8192,1.0,BENIGN
123,1496033.0,6.0,5.0,205.0,941.0,34.24,188.1,765.98,7.35,149603.3,0,0,1,65535,1.0,BENIGN
8080,12742.0,3.0,5.0,454.0,430.0,151.42,86.09,69431.22,627.84,1820.29,0,1,1,256,2.0,BENIGN
78,36.0,1.0,1.0,1.0,6.0,0.53,5.95,180137.12,55555.56,36.0,0,0,0,0,1.0,PortScan
22,21454.0,13.0,4.0,193.0,165.0,14.88,41.29,16711.79,792.39,1340.88,0,1,0,8192,0.0,BENIGN
22,9910.0,15.0,3.0,197.0,107.0,13.11,35.52,30599.49,1816.35,582.94,0,0,0,256,0.0,BENIGN
80,199804.0,5.0,3.0,856.0,9326.0,171.1,3108.77,50959.12,40.04,28543.43,0,1,0,29200,1.0,DoS Hulk
80,149373.0,3.0,9.0,3960.0,12539.0,1320.09,1393.27,110460.01,80.34,13579.36,0,1,1,29200,3.0,DoS Hulk
80,69611.0,3.0,8.0,1085.0,14695.0,361.72,1836.9,226693.46,158.02,6961.1,0,1,0,29200,3.0,DoS Hulk
8080,2306.0,2.0,6.0,299.0,88.0,149.52,14.66,167818.9,3469.21,329.43,0,1,0,65535,3.0,BENIGN
123,774712.0,3.0,3.0,39.0,237.0,13.08,79.14,357.12,7.74,154942.4,0,0,0,-1,1.0,BENIGN
22,139237.0,21.0,4.0,1713.0,156.0,81.59,38.92,13424.2,179.55,5801.54,0,0,0,256,0.0,BENIGN
53,569.0,1.0,5.0,31.0,1218.0,31.3,243.63,2195874.42,10544.82,113.8,0,0,0,-1,5.0,BENIGN
80,102924.0,5.0,5.0,1909.0,29288.0,381.88,5857.63,303112.36,97.16,11436.0,0,1,0,251,1.0,DoS Hulk
443,12415.0,5.0,8.0,1090.0,1920.0,218.09,239.95,242455.25,1047.12,1034.58,0,1,0,65535,2.0,BENIGN
80,40857.0,4.0,5.0,877.0,9407.0,219.22,1881.45,251710.98,220.28,5107.12,0,0,0,29200,1.0,DoS Hulk
443,15270.0,14.0,2.0,2003.0,101.0,143.04,50.44,137751.89,1047.81,1018.0,0,0,1,8192,0.0,BENIGN
1004,14.0,1.0,1.0,2.0,7.0,2.15,7.35,678282.23,142857.14,14.0,0,0,0,0,1.0,PortScan
80,26416.0,4.0,11.0,522.0,739.0,130.42,67.18,47723.57,567.84,1886.86,0,0,0,-1,3.0,BENIGN
443,3303972.0,11.0,3.0,811.0,450.0,73.71,149.93,381.53,4.24,254151.69,0,0,0,8192,0.0,BENIGN
53,60526372.0,9.0,3.0,571.0,1199.0,63.43,399.62,29.24,0.2,5502397.45,0,0,0,-1,0.0,BENIGN
8080,50370.0,56.0,20.0,2573.0,1694.0,45.95,84.72,84728.72,1508.83,671.6,0,1,0,29200,0.0,BENIGN
123,777.0,8.0,6.0,9180.0,696.0,1147.48,115.99,12710194.39,18018.02,59.77,0,0,1,-1,1.0,BENIGN
22,68589.0,3.0,17.0,749.0,9713.0,249.61,571.36,152531.84,291.59,3609.95,0,0,0,-1,6.0,BENIGN
22,260824.0,6.0,2.0,114.0,2191.0,18.94,1095.56,8836.35,30.67,37260.57,0,1,0,-1,0.0,BENIGN
123,33346.0,1.0,1.0,21.0,1391.0,21.33,1390.78,42346.94,59.98,33346.0,0,0,1,65535,1.0,BENIGN
22,31681.0,10.0,4.0,1947.0,25.0,194.66,6.31,62239.27,441.91,2437.0,0,1,1,-1,0.0,BENIGN
80,190499.0,5.0,3.0,2260.0,6135.0,451.95,2044.88,44065.23,41.99,27214.14,0,1,0,29200,1.0,DoS Hulk
22,3790.0,9.0,24.0,3494.0,4217.0,388.17,175.72,2034543.04,8707.12,118.44,0,1,1,29200,3.0,BENIGN
123,650743.0,9.0,2.0,619.0,57.0,68.74,28.57,1038.53,16.9,65074.3,0,0,1,8192,0.0,BENIGN
123,90.0,5.0,1.0,306.0,550.0,61.2,549.81,9508845.12,66666.67,18.0,0,0,0,-1,0.0,BENIGN
80,118375.0,6.0,3.0,4884.0,85.0,814.01,28.39,41978.4,76.03,14796.88,0,0,0,8192,0.0,BENIGN
123,1658755.0,2.0,2.0,9.0,327.0,4.32,163.66,202.53,2.41,552918.33,0,0,1,29200,1.0,BENIGN
22,649.0,6.0,1.0,170.0,560.0,28.29,560.14,1124605.48,10785.82,108.17,0,0,1,29200,0.0,BENIGN
80,354359.0,2.0,18.0,223.0,2245.0,111.6,124.73,6965.55,56.44,18650.47,0,1,1,65535,9.0,BENIGN
443,118439.0,12.0,3.0,1854.0,219.0,154.52,72.94,17503.16,126.65,8459.93,0,1,1,256,0.0,BENIGN
123,2206.0,8.0,22.0,154.0,2503.0,19.22,113.75,1204125.58,13599.27,76.07,0,0,0,256,3.0,BENIGN
80,82841.0,5.0,4.0,1373.0,7813.0,274.66,1953.35,110895.27,108.64,10355.12,0,0,0,29200,1.0,DoS Hulk
443,29272.0,4.0,4.0,63.0,2563.0,15.84,640.71,89715.92,273.3,4181.71,1,1,1,-1,1.0,BENIGN
53,19068.0,9.0,1.0,563.0,148.0,62.59,147.58,37280.98,524.44,2118.67,0,1,1,8192,0.0,BENIGN
8080,4403.0,1.0,2.0,26.0,31.0,26.0,15.45,12920.4,681.35,2201.5,0,1,0,65535,2.0,BENIGN
123,294274.0,5.0,6.0,204.0,565.0,40.73,94.16,2611.8,37.38,29427.4,0,0,0,29200,1.0,BENIGN
22,197605.0,5.0,2.0,152.0,283.0,30.38,141.68,2202.61,35.42,32934.17,0,1,0,29200,0.0,BENIGN
8080,2629.0,23.0,1.0,176.0,34.0,7.65,34.34,79979.11,9128.95,114.3,0,1,1,65535,0.0,BENIGN
53,1619346.0,2.0,5.0,30.0,345.0,14.83,69.1,231.67,4.32,269891.0,0,0,0,-1,2.0,BENIGN
53,46233.0,3.0,3.0,30.0,140.0,10.1,46.58,3677.7,129.78,9246.6,0,0,0,8192,1.0,BENIGN
22,130617.0,18.0,14.0,4359.0,501.0,242.19,35.79,37211.07,244.99,4213.45,0,0,0,-1,1.0,BENIGN
8080,3584028.0,3.0,10.0,153.0,1987.0,50.89,198.75,597.13,3.63,298669.0,0,0,1,8192,3.0,Bot
53,4787979.0,2.0,3.0,141.0,212.0,70.62,70.75,73.83,1.04,1196994.75,0,1,0,29200,2.0,BENIGN
970,22.0,1.0,1.0,1.0,1.0,0.57,1.44,91347.55,90909.09,22.0,1,0,0,1024,1.0,PortScan
443,37367.0,18.0,8.0,1908.0,2786.0,105.98,348.21,125598.37,695.8,1494.68,0,0,0,-1,0.0,BENIGN
985,62.0,1.0,1.0,1.0,14.0,1.06,14.13,244998.69,32258.06,62.0,1,0,0,0,1.0,PortScan
22,68216.0,6.0,7.0,269.0,577.0,44.87,82.45,12406.6,190.57,5684.67,0,0,1,29200,1.0,BENIGN
123,63474.0,3.0,14.0,94.0,1650.0,31.36,117.89,27483.61,267.83,3967.12,0,0,0,256,5.0,BENIGN
826,116.0,1.0,1.0,0.0,10.0,0.46,9.63,86910.82,17241.38,116.0,1,0,1,1024,1.0,PortScan
103,83.0,2.0,1.0,4.0,2.0,1.82,1.89,66616.65,36144.58,41.5,0,0,0,29200,0.0,PortScan
53,89364.0,9.0,12.0,119.0,2507.0,13.24,208.94,29390.74,234.99,4468.2,0,1,1,-1,1.0,BENIGN
80,535113.0,2.0,3.0,4.0,6969.0,2.25,2323.13,13032.54,9.34,133778.25,0,0,1,256,2.0,DDoS
123,130435.0,14.0,2.0,6201.0,252.0,442.96,126.04,49477.2,122.67,8695.67,0,0,0,-1,0.0,BENIGN
8080,164795.0,5.0,7.0,432.0,67.0,86.36,9.51,3024.32,72.82,14981.36,0,0,0,256,1.0,BENIGN
80,144611.0,5.0,3.0,311.0,336.0,62.25,111.84,4472.63,55.32,20658.71,0,1,0,29200,1.0,BENIGN
443,14748.0,21.0,17.0,656.0,1240.0,31.22,72.93,128527.2,2576.62,398.59,1,0,0,256,1.0,BENIGN
8080,2020195.0,12.0,1.0,1497.0,603.0,124.73,603.02,1039.37,6.44,168349.58,0,0,0,-1,0.0,BENIGN
80,9769.0,6.0,11.0,988.0,3236.0,164.59,294.15,432302.96,1740.2,610.56,0,1,1,65535,2.0,BENIGN
80,142104.0,2.0,7.0,39.0,4415.0,19.31,630.74,31342.06,63.33,17763.0,0,0,0,256,4.0,BENIGN
8080,18779.0,4.0,4.0,410.0,3125.0,102.53,781.13,188222.7,426.01,2682.71,0,0,1,29200,1.0,BENIGN
123,464056.0,3.0,18.0,591.0,4191.0,196.91,232.86,10305.13,45.25,23202.8,0,1,0,8192,6.0,BENIGN
123,4550.0,11.0,5.0,281.0,15268.0,25.53,3053.52,3417238.93,3516.48,303.33,0,0,1,8192,0.0,BENIGN
123,14534.0,4.0,24.0,58.0,13477.0,14.52,561.53,931248.97,1926.52,538.3,0,0,1,-1,6.0,BENIGN
8080,1453.0,3.0,15.0,346.0,1925.0,115.32,128.36,1563179.67,12388.16,85.47,0,1,1,256,5.0,Bot
80,396478.0,18.0,16.0,306.0,439.0,16.97,27.45,1878.33,85.76,12014.48,0,0,0,256,1.0,Bot
53,316.0,3.0,1.0,42.0,479.0,14.02,478.98,1648879.28,12658.23,105.33,0,0,1,-1,0.0,BENIGN
443,22459.0,15.0,2.0,460.0,229.0,30.65,114.61,30674.81,756.93,1403.69,0,0,0,29200,0.0,BENIGN
80,1937114.0,3.0,5.0,14.0,14684.0,4.8,2936.88,7587.99,4.13,276730.57,0,0,1,256,2.0,DDoS
443,131942.0,21.0,2.0,828.0,1189.0,39.42,594.5,15285.09,174.32,5997.36,0,1,0,256,0.0,BENIGN
80,62789.0,5.0,2.0,1622.0,2840.0,324.4,1419.89,71059.52,111.48,10464.83,0,0,1,251,0.0,DoS Hulk
80,843402.0,4.0,6.0,10.0,6576.0,2.57,1096.0,7809.23,11.86,93711.33,0,1,0,8192,2.0,DDoS
53,1041.0,4.0,12.0,545.0,283.0,136.22,23.59,795386.34,15369.84,69.4,0,1,1,65535,3.0,BENIGN
123,4622.0,3.0,7.0,131.0,2457.0,43.64,350.97,559867.07,2163.57,513.56,0,0,0,-1,2.0,BENIGN
80,587379.0,12.0,6.0,12922.0,51648.0,1076.86,8607.99,109929.38,30.64,34551.71,0,1,0,251,0.0,DoS Hulk
123,156.0,3.0,1.0,126.0,126.0,42.04,126.01,1616206.5,25641.03,52.0,0,0,1,65535,0.0,BENIGN
53,279274.0,10.0,6.0,744.0,555.0,74.4,92.44,4649.95,57.29,18618.27,0,1,1,8192,1.0,BENIGN
8080,99409.0,1.0,7.0,69.0,359.0,68.97,51.32,4307.82,80.48,14201.29,0,0,1,256,7.0,BENIGN
22,315.0,1.0,5.0,57.0,1315.0,57.13,263.02,4356277.55,19047.62,63.0,0,0,1,65535,5.0,BENIGN
80,615633.0,2.0,3.0,10.0,6521.0,5.21,2173.64,10609.14,8.12,153908.25,1,0,1,256,2.0,DDoS
123,22546.0,4.0,2.0,89.0,67.0,22.26,33.59,6928.31,266.12,4509.2,0,0,1,29200,0.0,BENIGN
80,29222.0,3.0,4.0,473.0,3462.0,157.57,865.53,134652.21,239.55,4870.33,0,1,0,29200,1.0,DoS Hulk
80,11161.0,16.0,3.0,1359.0,294.0,84.95,97.9,148090.69,1702.36,620.06,0,0,0,8192,0.0,BENIGN
53,1394138.0,2.0,11.0,55.0,663.0,27.56,60.28,515.15,9.32,116178.17,0,1,0,256,6.0,BENIGN
22,516588.0,2.0,10.0,329.0,1620.0,164.38,162.01,3772.47,23.23,46962.55,0,0,1,8192,5.0,BENIGN
80,12325.0,13.0,4.0,6801.0,4508.0,523.14,1127.12,917593.18,1379.31,770.31,0,1,0,29200,0.0,DoS Hulk
8080,13261.0,4.0,12.0,93.0,3738.0,23.16,311.46,288831.65,1206.55,884.07,0,0,0,29200,3.0,BENIGN
80,1901983.0,2.0,6.0,18.0,23975.0,8.85,3995.76,12614.35,4.21,271711.86,0,0,1,8192,3.0,DDoS
80,101287.0,6.0,7.0,1346.0,10357.0,224.29,1479.6,115542.12,128.35,8440.58,0,1,1,29200,1.0,DoS Hulk
22,311793.0,2.0,16.0,607.0,428.0,303.46,26.72,3317.8,57.73,18340.76,0,0,0,256,8.0,BENIGN
443,47304.0,5.0,4.0,1542.0,30.0,308.48,7.54,33243.55,190.26,5913.0,0,1,1,65535,1.0,BENIGN
80,4438823.0,11.0,16.0,362.0,1194.0,32.9,74.6,350.45,6.08,170723.96,0,0,1,8192,1.0,BENIGN
22,198955.0,7.0,2.0,101.0,268.0,14.45,134.23,1857.6,45.24,24869.38,0,0,1,8192,0.0,BENIGN
53,217190.0,9.0,31.0,545.0,4485.0,60.54,144.67,23157.96,184.17,5568.97,0,1,0,-1,3.0,BENIGN
22,5459.0,5.0,1.0,216.0,1821.0,43.24,1820.94,373166.12,1099.1,1091.8,0,1,0,65535,0.0,BENIGN
123,11458.0,14.0,2.0,1990.0,186.0,142.14,93.21,189942.18,1396.4,763.87,0,1,0,256,0.0,BENIGN
8080,6863.0,9.0,3.0,815.0,392.0,90.55,130.71,175882.96,1748.51,623.91,0,1,1,29200,0.0,BENIGN
80,75200.0,3.0,2.0,725.0,1618.0,241.53,808.96,31150.43,66.49,18800.0,0,0,0,251,1.0,DoS Hulk
80,225649.0,52.0,17.0,2571.0,3660.0,49.45,215.32,27616.43,305.78,3318.37,0,0,0,29200,0.0,BENIGN
80,278770.0,4.0,2.0,513.0,70.0,128.26,35.11,2092.25,21.52,55754.0,1,1,0,8192,0.0,BENIGN
8080,9430.0,1.0,1.0,175.0,99.0,175.37,98.86,29080.46,212.09,9430.0,0,0,1,65535,1.0,Bot
543,14.0,2.0,2.0,7.0,4.0,3.4,2.19,799775.02,285714.29,4.67,1,0,0,29200,1.0,PortScan
80,1121005.0,2.0,4.0,7.0,8256.0,3.54,2064.06,7371.34,5.35,224201.0,0,0,1,256,2.0,DDoS
8080,288.0,11.0,3.0,601.0,435.0,54.62,145.06,3597392.42,48611.11,22.15,0,1,1,29200,0.0,BENIGN
80,38941.0,6.0,9.0,1699.0,16135.0,283.23,1792.79,457986.01,385.2,2781.5,1,1,0,251,2.0,DoS Hulk
80,313390.0,6.0,7.0,850.0,181.0,141.63,25.88,3289.67,41.48,26115.83,0,1,1,65535,1.0,BENIGN
357,13.0,1.0,1.0,1.0,1.0,0.95,0.75,130792.59,153846.15,13.0,0,0,0,1024,1.0,PortScan
80,4067.0,6.0,1.0,257.0,141.0,42.9,140.88,97935.39,1721.17,677.83,0,0,1,256,0.0,BENIGN
80,68040.0,8.0,7.0,402.0,511.0,50.26,73.02,13421.76,220.46,4860.0,1,0,0,256,1.0,BENIGN
80,2679816.0,12.0,6.0,747.0,2737.0,62.23,456.15,1299.94,6.72,157636.24,0,1,0,29200,0.0,Web Attack - Brute Force
123,56157.0,9.0,25.0,347.0,3141.0,38.56,125.63,62107.43,605.45,1701.73,0,0,1,8192,3.0,BENIGN
80,383779.0,5.0,11.0,490.0,36238.0,97.92,3294.33,95698.74,41.69,25585.27,0,0,0,251,2.0,DoS Hulk
22,3712885.0,24.0,27.0,139.0,2290.0,5.79,84.83,654.3,13.74,74257.7,0,0,0,8192,1.0,BENIGN
443,197321.0,2.0,1.0,85.0,358.0,42.68,358.08,2247.24,15.2,98660.5,0,0,1,256,0.0,BENIGN
123,4429.0,2.0,6.0,162.0,1250.0,81.23,208.37,318961.65,1806.28,632.71,0,0,1,29200,3.0,BENIGN
123,18497.0,16.0,8.0,968.0,184.0,60.53,22.96,62285.52,1297.51,804.22,0,0,0,8192,0.0,BENIGN
973,26.0,1.0,1.0,2.0,6.0,1.72,5.65,283745.63,76923.08,26.0,1,0,0,1024,1.0,PortScan
123,207899.0,11.0,27.0,291.0,2195.0,26.47,81.31,11959.61,182.78,5618.89,0,0,0,8192,2.0,BENIGN
545,148.0,1.0,1.0,2.0,2.0,1.65,2.26,26407.8,13513.51,148.0,1,0,0,29200,1.0,PortScan
22,2164101.0,4.0,6.0,241.0,851.0,60.28,141.84,504.66,4.62,240455.67,0,0,0,256,2.0,BENIGN
53,176572.0,8.0,1.0,419.0,160.0,52.32,159.83,3275.61,50.97,22071.5,0,1,1,-1,0.0,BENIGN
53,281511.0,1.0,7.0,48.0,870.0,48.37,124.26,3261.55,28.42,40215.86,0,0,0,29200,7.0,BENIGN
696,101.0,2.0,1.0,4.0,7.0,1.96,6.87,106952.38,29702.97,50.5,1,0,0,29200,0.0,PortScan
80,48928.0,3.0,16.0,1499.0,19926.0,499.58,1245.37,437882.77,388.33,2718.22,0,1,0,29200,5.0,DoS Hulk
123,217672.0,17.0,5.0,361.0,744.0,21.25,148.9,5080.12,101.07,10365.33,0,0,1,8192,0.0,BENIGN
80,17579.0,3.0,3.0,87.0,283.0,28.87,94.45,21044.66,341.32,3515.8,0,0,1,8192,1.0,BENIGN
123,10913.0,8.0,7.0,300.0,5102.0,37.56,728.9,495077.56,1374.51,779.5,0,1,0,29200,1.0,BENIGN
80,561944.0,5.0,6.0,55.0,14494.0,10.92,2415.64,25889.46,19.57,56194.4,0,0,1,8192,1.0,DDoS
22,56125.0,4.0,20.0,67.0,2702.0,16.75,135.12,49342.41,427.62,2440.22,1,1,0,8192,5.0,BENIGN
80,58303.0,3.0,4.0,290.0,338.0,96.81,84.52,10780.29,120.06,9717.17,0,0,1,256,1.0,BENIGN
22,155.0,4.0,4.0,97.0,328.0,24.26,82.02,2742520.08,51612.9,22.14,1,0,0,8192,1.0,BENIGN
53,1841982.0,4.0,6.0,141.0,4654.0,35.28,775.64,2603.15,5.43,204664.67,0,0,0,8192,2.0,BENIGN
8080,1910.0,5.0,6.0,1910.0,95.0,382.02,15.81,1049703.82,5759.16,191.0,0,0,0,8192,1.0,BENIGN
123,77357.0,47.0,8.0,1675.0,359.0,35.63,44.85,26287.22,710.99,1432.54,0,1,1,65535,0.0,BENIGN
80,57949.0,7.0,4.0,1459.0,6019.0,208.43,1504.65,129037.34,189.82,5794.9,0,1,1,29200,1.0,DoS Hulk
80,4834128.0,2.0,2.0,8.0,3498.0,3.94,1748.82,725.16,0.83,1611376.0,0,0,1,8192,1.0,DDoS
53,101289.0,6.0,5.0,123.0,243.0,20.56,48.54,3613.97,108.6,10128.9,0,0,1,8192,1.0,BENIGN
443,349733.0,10.0,3.0,98.0,467.0,9.81,155.74,1616.5,37.17,29144.42,0,0,0,8192,0.0,BENIGN
443,4010962.0,14.0,36.0,1924.0,6571.0,137.42,182.54,2118.0,12.47,81856.37,0,0,0,29200,3.0,BENIGN
80,1118213.0,5.0,7.0,46.0,19759.0,9.21,2822.73,17711.44,10.73,101655.73,0,0,1,256,1.0,DDoS
443,296717.0,3.0,11.0,28.0,532.0,9.41,48.34,1887.41,47.18,22824.38,0,0,0,8192,4.0,BENIGN
80,22595.0,3.0,1.0,313.0,381.0,104.2,380.52,30675.97,177.03,7531.67,1,0,0,256,0.0,BENIGN
347,63.0,1.0,1.0,1.0,11.0,1.04,11.45,198240.47,31746.03,63.0,0,0,0,0,1.0,PortScan
80,45352.0,4.0,4.0,1168.0,5378.0,291.97,1344.48,144332.72,176.4,6478.86,0,0,0,29200,1.0,DoS Hulk
80,107600.0,3.0,3.0,3004.0,6252.0,1001.41,2083.91,86022.04,55.76,21520.0,0,1,1,251,1.0,DoS Hulk
80,1605604.0,3.0,4.0,44.0,12054.0,14.64,3013.45,7534.68,4.36,267600.67,0,0,1,8192,1.0,DDoS
443,24864.0,3.0,2.0,684.0,21.0,228.01,10.39,28346.29,201.09,6216.0,0,0,1,8192,1.0,BENIGN
80,79735.0,13.0,5.0,375.0,1275.0,28.83,254.93,20687.38,225.75,4690.29,0,0,0,256,0.0,BENIGN
80,2618392.0,12.0,11.0,1276.0,2676.0,106.31,243.25,1509.11,8.78,119017.82,0,0,0,8192,1.0,BENIGN
123,280822.0,3.0,28.0,54.0,1988.0,17.95,71.01,7272.43,110.39,9360.73,0,0,0,8192,9.0,BENIGN
123,28768.0,1.0,12.0,221.0,2024.0,220.82,168.64,78019.22,451.89,2397.33,0,0,1,256,12.0,BENIGN
22,12830.0,8.0,6.0,854.0,52.0,106.8,8.75,70688.05,1091.19,986.92,0,0,0,65535,1.0,BENIGN
443,61127.0,1.0,46.0,21.0,3266.0,20.61,70.99,53759.18,768.89,1328.85,0,1,1,256,46.0,BENIGN
80,231217.0,9.0,5.0,5199.0,34669.0,577.72,6933.71,172426.95,60.55,17785.92,0,1,1,29200,1.0,DoS Hulk
493,56.0,1.0,1.0,2.0,2.0,1.56,2.14,66166.29,35714.29,56.0,1,0,0,1024,1.0,PortScan
53,1284310.0,1.0,2.0,109.0,32.0,109.22,15.94,109.86,2.34,642155.0,0,0,1,256,2.0,BENIGN
80,6403.0,2.0,17.0,138.0,6213.0,68.9,365.5,991914.5,2967.36,355.72,0,0,0,8192,8.0,BENIGN
443,114017.0,11.0,5.0,334.0,345.0,30.32,68.97,5949.45,140.33,7601.13,0,1,0,8192,0.0,BENIGN
53,5141.0,6.0,25.0,581.0,7606.0,96.8,304.25,1592496.96,6029.96,171.37,0,0,1,256,4.0,BENIGN
80,455421.0,6.0,6.0,52.0,21866.0,8.66,3644.32,48126.55,26.35,41401.91,0,0,1,256,1.0,DDoS
80,1177484.0,4.0,6.0,1281.0,14949.0,320.35,2491.58,13784.37,8.49,130831.56,0,1,0,251,2.0,DoS Hulk
